name,tax_id,accession_id,total_number_of_chromosomes,total_sequence_length,total_ungapped_length,number_of_contigs,contig_n50,contig_l50,number_of_scaffolds,scaffold_n50,scaffold_l50,number_of_component_sequences,atgc_count,gc_count,gc_percent,genome_coverage,checkm_marker_set,checkm_species_tax_id,checkm_marker_set_rank,checkm_version,completeness,contamination,completeness_percentile,rank
Pseudomonas aeruginosa,287,GCF_001457615.1,1,6316979,6316979,1,6316979,1,1,6316979,1,1,6316979,4202241,66.5,100,Pseudomonas aeruginosa,287,species,v1.2.3,98.34,0.28,14.367,SPECIES
Pseudomonas aeruginosa,287,GCF_001045685.1,1,6317050,6317050,1,6317050,1,1,6317050,1,1,6317050,4202332,66.5,843,Pseudomonas aeruginosa,287,species,v1.2.3,99.82,0.49,94.4109,SPECIES
Pseudomonas aeruginosa,287,GCF_013201115.1,1,7564383,7564383,1,7564383,1,1,7564383,1,1,7564383,4949341,65.5,181.5,Pseudomonas aeruginosa,287,species,v1.2.4,97.65,3.46,9.47131,SPECIES
Pseudomonas aeruginosa,287,GCF_000981825.1,1,7497593,7497593,1,7497593,1,1,7497593,1,1,7497593,4918177,65.5,98,Pseudomonas aeruginosa,287,species,v1.2.3,99.11,1.13,31.0514,SPECIES
Pseudomonas aeruginosa,287,GCF_002208645.1,1,7411863,7411863,1,7411863,1,1,7411863,1,1,7411863,4871792,65.5,146,Pseudomonas aeruginosa,287,species,v1.2.3,97.46,2.86,8.42817,SPECIES
Pseudomonas aeruginosa,287,GCF_023093935.1,2,7583544,7583544,2,7408984,1,2,7408984,1,2,7583544,4954989,65.5,185,Pseudomonas aeruginosa,287,species,v1.2.3,99.11,1.48,31.0514,SPECIES
Pseudomonas aeruginosa,287,GCF_002085605.1,1,7380063,7380063,1,7380063,1,1,7380063,1,1,7380063,4845773,65.5,40,Pseudomonas aeruginosa,287,species,v1.2.4,99.32,1.13,45.6852,SPECIES
Pseudomonas aeruginosa,287,GCF_033615795.1,1,7352680,7352680,1,7352680,1,1,7352680,1,1,7352680,4840487,66,227,Pseudomonas aeruginosa,287,species,v1.2.3,99.06,2.42,29.0126,SPECIES
Pseudomonas aeruginosa,287,GCF_026727755.1,1,7345639,7345639,1,7345639,1,1,7345639,1,1,7345639,4828574,65.5,552.1,Pseudomonas aeruginosa,287,species,v1.2.3,99.16,1.74,33.4578,SPECIES
Pseudomonas aeruginosa,287,GCF_009676765.1,1,7344079,7344079,1,7344079,1,1,7344079,1,1,7344079,4829954,66,55.55,Pseudomonas aeruginosa,287,species,v1.2.3,99.82,2.18,94.4109,SPECIES
Pseudomonas aeruginosa,287,GCF_009676785.1,1,7343000,7343000,1,7343000,1,1,7343000,1,1,7343000,4829309,66,55.65,Pseudomonas aeruginosa,287,species,v1.2.3,99.79,2.18,92.5557,SPECIES
Pseudomonas aeruginosa,287,GCF_036542105.1,1,7330817,7330817,1,7330817,1,1,7330817,1,1,7330817,4810508,65.5,263,Pseudomonas aeruginosa,287,species,v1.2.3,99.18,1.59,34.5009,SPECIES
Pseudomonas aeruginosa,287,GCF_031223175.1,1,7316070,7316070,1,7316070,1,1,7316070,1,1,7316070,4824544,66,100,Pseudomonas aeruginosa,287,species,v1.2.4,99.71,0.53,86.1072,SPECIES
Pseudomonas aeruginosa,287,GCF_029916825.1,4,7364934,7364934,4,7299968,1,4,7299968,1,4,7364934,4817064,65.5,200,Pseudomonas aeruginosa,287,species,v1.2.3,99.79,2.82,92.5557,SPECIES
Pseudomonas aeruginosa,287,GCF_029961325.1,6,7447869,7447869,6,7290539,1,6,7290539,1,6,7447869,4887363,65.5,55,Pseudomonas aeruginosa,287,species,v1.2.3,95.64,0.77,3.71622,SPECIES
Pseudomonas aeruginosa,287,GCF_029962205.1,1,7288284,7288284,1,7288284,1,1,7288284,1,1,7288284,4786292,65.5,20,Pseudomonas aeruginosa,287,species,v1.2.3,98.9,0.62,23.3701,SPECIES
Pseudomonas aeruginosa,287,GCF_033971305.1,1,7282144,7282144,1,7282144,1,1,7282144,1,1,7282144,4801342,66,100,Pseudomonas aeruginosa,287,species,v1.2.3,99.33,6.09,48.4353,SPECIES
Pseudomonas aeruginosa,287,GCF_001516265.1,1,7273258,7273258,1,7273258,1,1,7273258,1,1,7273258,4782847,66,80.91,Pseudomonas aeruginosa,287,species,v1.2.3,98.09,1.52,12.1622,SPECIES
Pseudomonas aeruginosa,287,GCF_003073795.1,1,7267567,7267567,1,7267567,1,1,7267567,1,1,7267567,4778595,66,13.26,Pseudomonas aeruginosa,287,species,v1.2.3,99.04,0.9,28.2658,SPECIES
Pseudomonas aeruginosa,287,GCF_029961285.1,6,7289872,7289872,6,7264314,1,6,7264314,1,6,7289872,4791165,65.5,96,Pseudomonas aeruginosa,287,species,v1.2.3,96.56,0.98,5.41133,SPECIES
Pseudomonas aeruginosa,287,GCF_030121935.1,3,7269449,7269449,3,7263713,1,3,7263713,1,3,7269449,4770142,65.5,100,Pseudomonas aeruginosa,287,species,v1.2.3,98.75,1.22,19.9265,SPECIES
Pseudomonas aeruginosa,287,GCF_028404085.1,1,7262764,7262764,1,7262764,1,1,7262764,1,1,7262764,4768073,65.5,NA,Pseudomonas aeruginosa,287,species,v1.2.3,99.28,1.02,41.9571,SPECIES
Pseudomonas aeruginosa,287,GCF_039908075.1,2,7321695,7321695,2,7262350,1,2,7262350,1,2,7321695,4813396,65.5,1,Pseudomonas aeruginosa,287,species,v1.2.3,99.19,1.16,36.9429,SPECIES
Pseudomonas aeruginosa,287,GCA_052974785.1,2,7315946,7315946,2,7251150,1,2,7251150,1,2,7315946,4799339,65.5,100,NA,NA,NA,NA,NA,NA,NA,SPECIES
Pseudomonas aeruginosa,287,GCF_039908025.1,1,7247732,7247732,1,7247732,1,1,7247732,1,1,7247732,4770706,66,1,Pseudomonas aeruginosa,287,species,v1.2.3,99.12,0.93,31.8634,SPECIES
Pseudomonas aeruginosa,287,GCF_002192495.1,1,7241575,7241575,1,7241575,1,1,7241575,1,1,7241575,4764618,66,83,Pseudomonas aeruginosa,287,species,v1.2.3,96.69,1.08,5.6899,SPECIES
Pseudomonas aeruginosa,287,GCF_002968655.1,2,7282236,7282236,2,7240677,1,2,7240677,1,2,7282236,4784781,65.5,24.23,Pseudomonas aeruginosa,287,species,v1.2.3,99.54,1.27,67.6031,SPECIES
Pseudomonas aeruginosa,287,GCF_044759005.1,1,7226944,7226944,1,7226944,1,1,7226944,1,1,7226944,4741630,65.5,1,Pseudomonas aeruginosa,287,species,v1.2.3,99.61,1.61,76.1439,SPECIES
Pseudomonas aeruginosa,287,GCF_025723085.1,1,7223955,7223955,1,7223955,1,1,7223955,1,1,7223955,4733029,65.5,94,Pseudomonas aeruginosa,287,species,v1.2.3,99.32,1.13,45.6852,SPECIES
Pseudomonas aeruginosa,287,GCF_050242775.1,1,7222077,7222077,1,7222077,1,1,7222077,1,1,7222077,4766132,66,1,Pseudomonas aeruginosa,287,species,v1.2.3,98.53,0.8,16.3822,SPECIES
Pseudomonas aeruginosa,287,GCF_050908775.1,1,7209899,7209899,1,7209899,1,1,7209899,1,1,7209899,4738748,65.5,1,Pseudomonas aeruginosa,287,species,v1.2.3,96.49,0.94,5.23945,SPECIES
Pseudomonas aeruginosa,287,GCF_900497025.1,2,7231910,7231910,2,7207057,1,2,7207057,1,2,7231910,4745014,65.5,150,Pseudomonas aeruginosa,287,species,v1.2.3,99.11,1.17,31.0514,SPECIES
Pseudomonas aeruginosa,287,GCF_050238915.1,1,7202124,7202124,1,7202124,1,1,7202124,1,1,7202124,4749607,66,1,Pseudomonas aeruginosa,287,species,v1.2.3,99.06,1.4,29.0126,SPECIES
Pseudomonas aeruginosa,287,GCF_050238865.1,1,7198289,7198289,1,7198289,1,1,7198289,1,1,7198289,4747053,66,1,Pseudomonas aeruginosa,287,species,v1.2.3,98.72,1.4,19.3694,SPECIES
Pseudomonas aeruginosa,287,GCF_041951335.1,1,7193015,7193015,1,7193015,1,1,7193015,1,1,7193015,4736248,66,1,Pseudomonas aeruginosa,287,species,v1.2.4,98.91,0.78,23.7138,SPECIES
Pseudomonas aeruginosa,287,GCF_009662315.1,1,7190208,7190208,1,7190208,1,1,7190208,1,1,7190208,4724501,65.5,400,Pseudomonas aeruginosa,287,species,v1.2.3,99.02,1.13,27.6671,SPECIES
Pseudomonas aeruginosa,287,GCF_047049275.1,1,7188544,7188544,1,7188544,1,1,7188544,1,1,7188544,4727369,66,1,Pseudomonas aeruginosa,287,species,v1.2.3,99.22,1.28,38.1757,SPECIES
Pseudomonas aeruginosa,287,GCF_052695735.1,2,7446507,7446507,2,7188348,1,2,7188348,1,2,7446507,4869982,65.5,1,Pseudomonas aeruginosa,287,species,v1.2.4,99.51,2.92,64.527,SPECIES
Pseudomonas aeruginosa,287,GCF_019710495.1,3,7708846,7708846,3,7182635,1,3,7182635,1,3,7708846,5035033,65.5,60.71,Pseudomonas aeruginosa,287,species,v1.2.3,99.82,2.42,94.4109,SPECIES
Pseudomonas aeruginosa,287,GCF_050642295.1,3,7298236,7298236,3,7182497,1,3,7182497,1,3,7298236,4785723,65.5,1,Pseudomonas aeruginosa,287,species,v1.2.3,99.25,0.84,39.6752,SPECIES
Pseudomonas aeruginosa,287,GCF_035621175.1,1,7181357,7181357,1,7181357,1,1,7181357,1,1,7181357,4720623,65.5,20,Pseudomonas aeruginosa,287,species,v1.2.3,99.07,0.65,29.4097,SPECIES
Pseudomonas aeruginosa,287,GCF_029961525.1,2,7182488,7182488,2,7181191,1,2,7181191,1,2,7182488,4712765,65.5,29,Pseudomonas aeruginosa,287,species,v1.2.3,99,2.27,26.9618,SPECIES
Pseudomonas aeruginosa,287,GCF_051257875.1,2,7180864,7180864,2,7178082,1,2,7178082,1,2,7180864,4720296,65.5,1,Pseudomonas aeruginosa,287,species,v1.2.4,99.55,1.21,70.9815,SPECIES
Pseudomonas aeruginosa,287,GCF_016745115.1,1,7177049,7177049,1,7177049,1,1,7177049,1,1,7177049,4714857,65.5,100,Pseudomonas aeruginosa,287,species,v1.2.3,99.55,1.32,70.9815,SPECIES
Pseudomonas aeruginosa,287,GCF_019915465.1,1,7173620,7173620,1,7173620,1,1,7173620,1,1,7173620,4721181,66,82,Pseudomonas aeruginosa,287,species,v1.2.3,98.1,1.31,12.2392,SPECIES
Pseudomonas aeruginosa,287,GCF_050499725.1,2,7285376,7285376,2,7171071,1,2,7171071,1,2,7285376,4778046,65.5,1,Pseudomonas aeruginosa,287,species,v1.2.3,99.47,0.84,59.3706,SPECIES
Pseudomonas aeruginosa,287,GCF_036232065.1,1,7170868,7170868,1,7170868,1,1,7170868,1,1,7170868,4722031,66,109,Pseudomonas aeruginosa,287,species,v1.2.3,99.61,0.53,76.1439,SPECIES
Pseudomonas aeruginosa,287,GCF_018279245.1,1,7168136,7168136,1,7168136,1,1,7168136,1,1,7168136,4721051,66,30,Pseudomonas aeruginosa,287,species,v1.2.3,99.05,0.53,28.6688,SPECIES
Pseudomonas aeruginosa,287,GCF_028404045.1,1,7165834,7165834,1,7165834,1,1,7165834,1,1,7165834,4696805,65.5,NA,Pseudomonas aeruginosa,287,species,v1.2.3,99.27,1.05,41.0147,SPECIES
Pseudomonas aeruginosa,287,GCF_029961585.1,1,7164971,7164971,1,7164971,1,1,7164971,1,1,7164971,4709492,65.5,21,Pseudomonas aeruginosa,287,species,v1.2.3,98.9,0.62,23.3701,SPECIES
Pseudomonas aeruginosa,287,GCF_002968955.1,1,7162784,7162784,1,7162784,1,1,7162784,1,1,7162784,4712902,66,15.59,Pseudomonas aeruginosa,287,species,v1.2.3,99.42,1.02,56.3715,SPECIES
Pseudomonas aeruginosa,287,GCF_034120925.1,1,7158384,7158384,1,7158384,1,1,7158384,1,1,7158384,4707768,66,1,Pseudomonas aeruginosa,287,species,v1.2.3,99.11,0.65,31.0514,SPECIES
Pseudomonas aeruginosa,287,GCF_013394475.2,1,7157752,7157752,1,7157752,1,1,7157752,1,1,7157752,4720968,66,100,Pseudomonas aeruginosa,287,species,v1.2.3,99.67,0.46,84.1038,SPECIES
Pseudomonas aeruginosa,287,GCF_016105505.1,1,7157191,7157191,1,7157191,1,1,7157191,1,1,7157191,4707533,66,1,Pseudomonas aeruginosa,287,species,v1.2.3,99.5,1.65,63.3831,SPECIES
Pseudomonas aeruginosa,287,GCF_030489625.1,2,7213853,7213853,2,7156771,1,2,7156771,1,2,7213853,4735409,65.5,200,Pseudomonas aeruginosa,287,species,v1.2.4,99.17,1.16,34.0386,SPECIES
Pseudomonas aeruginosa,287,GCF_051257845.1,1,7156000,7156000,1,7156000,1,1,7156000,1,1,7156000,4712601,66,1,Pseudomonas aeruginosa,287,species,v1.2.4,99.51,1.37,64.527,SPECIES
Pseudomonas aeruginosa,287,GCF_029962185.1,2,7161364,7161364,2,7153669,1,2,7153669,1,2,7161364,4712072,66,41,Pseudomonas aeruginosa,287,species,v1.2.3,99.29,2,43.504,SPECIES
Pseudomonas aeruginosa,287,GCF_028404025.1,1,7153626,7153626,1,7153626,1,1,7153626,1,1,7153626,4702223,65.5,NA,Pseudomonas aeruginosa,287,species,v1.2.3,99.32,1.13,45.6852,SPECIES
Pseudomonas aeruginosa,287,GCF_013393685.1,1,7153217,7153217,1,7153217,1,1,7153217,1,1,7153217,4707923,66,100,Pseudomonas aeruginosa,287,species,v1.2.4,99.05,1.61,28.6688,SPECIES
Pseudomonas aeruginosa,287,GCF_050596895.1,4,7213902,7213902,4,7149282,1,4,7149282,1,4,7213902,4760958,66,1,Pseudomonas aeruginosa,287,species,v1.2.3,99.3,0.94,44.3397,SPECIES
Pseudomonas aeruginosa,287,GCF_002205355.1,1,7148302,7148302,1,7148302,1,1,7148302,1,1,7148302,4699188,65.5,91,Pseudomonas aeruginosa,287,species,v1.2.3,99.02,1.06,27.6671,SPECIES
Pseudomonas aeruginosa,287,GCF_019857605.1,1,7144260,7144260,1,7144260,1,1,7144260,1,1,7144260,4690906,65.5,93,Pseudomonas aeruginosa,287,species,v1.2.3,98.88,1.33,22.9552,SPECIES
Pseudomonas aeruginosa,287,GCF_022424055.2,1,7144174,7144174,1,7144174,1,1,7144174,1,1,7144174,4702597,66,100,Pseudomonas aeruginosa,287,species,v1.2.3,98.99,0.83,26.6892,SPECIES
Pseudomonas aeruginosa,287,GCF_003073895.1,3,7578039,7578039,3,7139518,1,3,7139518,1,3,7578039,4957461,65.5,14.22,Pseudomonas aeruginosa,287,species,v1.2.3,99.2,2.99,37.2274,SPECIES
Pseudomonas aeruginosa,287,GCF_030851965.2,1,7137564,7137564,1,7137564,1,1,7137564,1,1,7137564,4700535,66,1,Pseudomonas aeruginosa,287,species,v1.2.3,99.45,1.91,58.2622,SPECIES
Pseudomonas aeruginosa,287,GCF_035557195.1,2,7296574,7296574,2,7137446,1,2,7137446,1,2,7296574,4785089,65.5,1,Pseudomonas aeruginosa,287,species,v1.2.3,99.11,1.42,31.0514,SPECIES
Pseudomonas aeruginosa,287,GCF_018138045.1,2,7600543,7600543,2,7137026,1,2,7137026,1,2,7600543,4952399,65,70,Pseudomonas aeruginosa,287,species,v1.2.3,99.39,2.27,52.4123,SPECIES
Pseudomonas aeruginosa,287,GCF_036233355.1,1,7134225,7134225,1,7134225,1,1,7134225,1,1,7134225,4686786,65.5,97,Pseudomonas aeruginosa,287,species,v1.2.3,99.18,2.4,34.5009,SPECIES
Pseudomonas aeruginosa,287,GCF_034480885.1,1,7132031,7132031,1,7132031,1,1,7132031,1,1,7132031,4695320,66,372,Pseudomonas aeruginosa,287,species,v1.2.3,99.25,1.48,39.6752,SPECIES
Pseudomonas aeruginosa,287,GCF_016864415.1,1,7130555,7130555,1,7130555,1,1,7130555,1,1,7130555,4689281,66,100,Pseudomonas aeruginosa,287,species,v1.2.3,99.77,2.24,91.0028,SPECIES
Pseudomonas aeruginosa,287,GCF_029961565.1,2,7130619,7130619,2,7128627,1,2,7128627,1,2,7130619,4698860,66,43,Pseudomonas aeruginosa,287,species,v1.2.3,98.84,1.12,21.9832,SPECIES
Pseudomonas aeruginosa,287,GCF_038431885.1,1,7128425,7128425,1,7128425,1,1,7128425,1,1,7128425,4686675,65.5,1,Pseudomonas aeruginosa,287,species,v1.2.3,99.61,1,76.1439,SPECIES
Pseudomonas aeruginosa,287,GCF_027570455.1,1,7126864,7126864,1,7126864,1,1,7126864,1,1,7126864,4697171,66,120,Pseudomonas aeruginosa,287,species,v1.2.3,99.3,1.59,44.3397,SPECIES
Pseudomonas aeruginosa,287,GCF_003073735.1,1,7125975,7125975,1,7125975,1,1,7125975,1,1,7125975,4687781,66,16.05,Pseudomonas aeruginosa,287,species,v1.2.3,99.32,1.24,45.6852,SPECIES
Pseudomonas aeruginosa,287,GCF_019915485.1,1,7124329,7124329,1,7124329,1,1,7124329,1,1,7124329,4691513,66,116,Pseudomonas aeruginosa,287,species,v1.2.3,98.97,0.66,25.486,SPECIES
Pseudomonas aeruginosa,287,GCF_003813025.1,2,7155137,7155137,2,7119105,1,2,7119105,1,2,7155137,4711162,66,22.72,Pseudomonas aeruginosa,287,species,v1.2.3,99.07,0.81,29.4097,SPECIES
Pseudomonas aeruginosa,287,GCF_051016025.1,1,7118680,7118680,1,7118680,1,1,7118680,1,1,7118680,4684150,66,1,Pseudomonas aeruginosa,287,species,v1.2.3,99.17,1.1,34.0386,SPECIES
Pseudomonas aeruginosa,287,GCF_049912825.1,1,7109923,7109923,1,7109923,1,1,7109923,1,1,7109923,4683963,66,1,Pseudomonas aeruginosa,287,species,v1.2.3,99.68,1.29,84.418,SPECIES
Pseudomonas aeruginosa,287,GCF_003369755.1,1,7106857,7106857,1,7106857,1,1,7106857,1,1,7106857,4672820,66,135.44,Pseudomonas aeruginosa,287,species,v1.2.3,98.12,1.27,12.4822,SPECIES
Pseudomonas aeruginosa,287,GCF_027595025.1,3,7389660,7389660,3,7106701,1,3,7106701,1,3,7389660,4844271,65.5,100,Pseudomonas aeruginosa,287,species,v1.2.3,99.61,1.86,76.1439,SPECIES
Pseudomonas aeruginosa,287,GCF_016745175.1,1,7103853,7103853,1,7103853,1,1,7103853,1,1,7103853,4685768,66,100,Pseudomonas aeruginosa,287,species,v1.2.3,99.3,0.38,44.3397,SPECIES
Pseudomonas aeruginosa,287,GCF_028994395.2,2,7507264,7507264,2,7100829,1,2,7100829,1,2,7507264,4908637,65.5,243,Pseudomonas aeruginosa,287,species,v1.2.4,99.61,3.01,76.1439,SPECIES
Pseudomonas aeruginosa,287,GCF_020771755.1,2,7149744,7149744,2,7098808,1,2,7098808,1,2,7149744,4701008,66,100,Pseudomonas aeruginosa,287,species,v1.2.3,98.62,1.81,17.7157,SPECIES
Pseudomonas aeruginosa,287,GCF_049563845.1,1,7097679,7097679,1,7097679,1,1,7097679,1,1,7097679,4684176,66,1,Pseudomonas aeruginosa,287,species,v1.2.3,99.43,0.56,56.8516,SPECIES
Pseudomonas aeruginosa,287,GCF_003433235.1,1,7097241,7097241,1,7097241,1,1,7097241,1,1,7097241,4683438,66,147,Pseudomonas aeruginosa,287,species,v1.2.4,97.99,0.7,11.5161,SPECIES
Pseudomonas aeruginosa,287,GCF_025398135.1,2,7556587,7556587,2,7094521,1,2,7094521,1,2,7556587,4928406,65,153,Pseudomonas aeruginosa,287,species,v1.2.3,99.05,3.15,28.6688,SPECIES
Pseudomonas aeruginosa,287,GCF_019915445.1,1,7093992,7093992,1,7093992,1,1,7093992,1,1,7093992,4674901,66,210,Pseudomonas aeruginosa,287,species,v1.2.3,99.11,1.29,31.0514,SPECIES
Pseudomonas aeruginosa,287,GCF_028403985.1,1,7092945,7092945,1,7092945,1,1,7092945,1,1,7092945,4661517,65.5,NA,Pseudomonas aeruginosa,287,species,v1.2.3,99.04,1.34,28.2658,SPECIES
Pseudomonas aeruginosa,287,GCF_014155905.1,1,7092673,7092673,1,7092673,1,1,7092673,1,1,7092673,4667830,66,100,Pseudomonas aeruginosa,287,species,v1.2.3,98.62,1.79,17.7157,SPECIES
Pseudomonas aeruginosa,287,GCF_951691365.1,3,7444543,7444543,3,7092247,1,3,7092247,1,3,7444543,4881749,65.5,429,Pseudomonas aeruginosa,287,species,v1.2.4,99.29,1.62,43.504,SPECIES
Pseudomonas aeruginosa,287,GCF_001547955.1,1,7090694,7090694,1,7090694,1,1,7090694,1,1,7090694,4673609,66,NA,Pseudomonas aeruginosa,287,species,v1.2.3,99.54,1.39,67.6031,SPECIES
Pseudomonas aeruginosa,287,GCF_027571155.1,1,7089219,7089219,1,7089219,1,1,7089219,1,1,7089219,4672051,66,120,Pseudomonas aeruginosa,287,species,v1.2.3,99.25,1.82,39.6752,SPECIES
Pseudomonas aeruginosa,287,GCF_050499175.1,4,7153693,7153693,4,7089072,1,4,7089072,1,4,7153693,4723439,66,1,Pseudomonas aeruginosa,287,species,v1.2.3,99.31,0.94,45.1162,SPECIES
Pseudomonas aeruginosa,287,GCF_031219395.1,1,7088996,7088996,1,7088996,1,1,7088996,1,1,7088996,4670660,66,100,Pseudomonas aeruginosa,287,species,v1.2.4,99.01,1.15,27.3886,SPECIES
Pseudomonas aeruginosa,287,GCF_049565415.1,1,7087284,7087284,1,7087284,1,1,7087284,1,1,7087284,4671202,66,1,Pseudomonas aeruginosa,287,species,v1.2.3,99.28,1.15,41.9571,SPECIES
Pseudomonas aeruginosa,287,GCF_015697665.1,1,7087087,7087087,1,7087087,1,1,7087087,1,1,7087087,4665755,66,150,Pseudomonas aeruginosa,287,species,v1.2.3,99.3,1.34,44.3397,SPECIES
Pseudomonas aeruginosa,287,GCF_028366415.1,1,7085539,7085539,1,7085539,1,1,7085539,1,1,7085539,4667210,66,52,Pseudomonas aeruginosa,287,species,v1.2.4,99.51,1.71,64.527,SPECIES
Pseudomonas aeruginosa,287,GCF_022570415.1,2,7227720,7227720,2,7084699,1,2,7084699,1,2,7227720,4748721,65.5,100,Pseudomonas aeruginosa,287,species,v1.2.4,99.48,1.39,60.5441,SPECIES
Pseudomonas aeruginosa,287,GCF_026727735.1,3,7303308,7303308,3,7083311,1,3,7083311,1,3,7303308,4782817,65.5,250.7,Pseudomonas aeruginosa,287,species,v1.2.3,98.88,1.99,22.9552,SPECIES
Pseudomonas aeruginosa,287,GCF_033335935.1,1,7082821,7082821,1,7082821,1,1,7082821,1,1,7082821,4665519,66,70.5,Pseudomonas aeruginosa,287,species,v1.2.3,99.61,1.71,76.1439,SPECIES
Pseudomonas aeruginosa,287,GCF_030253475.1,1,7082165,7082165,1,7082165,1,1,7082165,1,1,7082165,4665161,66,206,Pseudomonas aeruginosa,287,species,v1.2.3,98.92,1.71,24.3362,SPECIES
Pseudomonas aeruginosa,287,GCF_019738995.2,3,7364447,7364447,3,7080376,1,3,7080376,1,3,7364447,4834604,65.5,92.11,Pseudomonas aeruginosa,287,species,v1.2.3,99.8,1.86,93.344,SPECIES
Pseudomonas aeruginosa,287,GCF_018279285.1,1,7080089,7080089,1,7080089,1,1,7080089,1,1,7080089,4664641,66,30,Pseudomonas aeruginosa,287,species,v1.2.3,99.47,0.51,59.3706,SPECIES
Pseudomonas aeruginosa,287,GCF_036776515.1,2,7493508,7493508,2,7079664,1,2,7079664,1,2,7493508,4883117,65,1,Pseudomonas aeruginosa,287,species,v1.2.3,99.39,1.66,52.4123,SPECIES
Pseudomonas aeruginosa,287,GCF_003798105.1,1,7079598,7079598,1,7079598,1,1,7079598,1,1,7079597,4677671,66,228,Pseudomonas aeruginosa,287,species,v1.2.3,99.38,0.81,51.784,SPECIES
Pseudomonas aeruginosa,287,GCF_038418245.1,1,7078966,7078966,1,7078966,1,1,7078966,1,1,7078966,4663368,66,1,Pseudomonas aeruginosa,287,species,v1.2.3,99.61,1.71,76.1439,SPECIES
Pseudomonas aeruginosa,287,GCF_028751785.1,2,7542056,7542056,2,7078644,1,2,7078644,1,2,7542056,4915457,65,216,Pseudomonas aeruginosa,287,species,v1.2.3,99.16,2.27,33.4578,SPECIES
Pseudomonas aeruginosa,287,GCF_049565995.1,1,7077736,7077736,1,7077736,1,1,7077736,1,1,7077736,4652900,65.5,1,Pseudomonas aeruginosa,287,species,v1.2.3,99.31,1.15,45.1162,SPECIES
Pseudomonas aeruginosa,287,GCF_036237095.1,1,7076089,7076089,1,7076089,1,1,7076089,1,1,7076089,4651639,65.5,80,Pseudomonas aeruginosa,287,species,v1.2.3,99.55,1.07,70.9815,SPECIES
Pseudomonas aeruginosa,287,GCF_039512425.1,2,7076847,7076847,2,7073555,1,2,7073555,1,2,7076847,4656076,66,1,Pseudomonas aeruginosa,287,species,v1.2.3,99.36,1.29,50.166,SPECIES
Pseudomonas aeruginosa,287,GCF_036232765.1,2,7080100,7080100,2,7073542,1,2,7073542,1,2,7080100,4660941,66,116,Pseudomonas aeruginosa,287,species,v1.2.3,99.3,1.23,44.3397,SPECIES
Pseudomonas aeruginosa,287,GCA_053283245.1,1,7071173,7071173,1,7071173,1,1,7071173,1,1,7071173,4647985,65.5,200,NA,NA,NA,NA,NA,NA,NA,SPECIES
Pseudomonas aeruginosa,287,GCF_036232085.1,1,7070483,7070483,1,7070483,1,1,7070483,1,1,7070483,4661366,66,122,Pseudomonas aeruginosa,287,species,v1.2.3,99.72,0.56,87.3281,SPECIES
Pseudomonas aeruginosa,287,GCF_051257805.1,1,7068624,7068624,1,7068624,1,1,7068624,1,1,7068624,4656779,66,1,Pseudomonas aeruginosa,287,species,v1.2.4,99.5,0.99,63.3831,SPECIES
Pseudomonas aeruginosa,287,GCF_044759015.1,1,7067106,7067106,1,7067106,1,1,7067106,1,1,7067106,4647259,66,1,Pseudomonas aeruginosa,287,species,v1.2.3,99.61,1.35,76.1439,SPECIES
Pseudomonas aeruginosa,287,GCF_034480705.1,1,7066341,7066341,1,7066341,1,1,7066341,1,1,7066341,4658117,66,782,Pseudomonas aeruginosa,287,species,v1.2.3,99.28,1.48,41.9571,SPECIES
Pseudomonas aeruginosa,287,GCF_030758435.1,1,7060127,7060127,1,7060127,1,1,7060127,1,1,7060127,4647699,66,100,Pseudomonas aeruginosa,287,species,v1.2.4,99.01,1.05,27.3886,SPECIES
Pseudomonas aeruginosa,287,GCF_040429605.1,1,7059884,7059884,1,7059884,1,1,7059884,1,1,7059884,4631347,65.5,1,Pseudomonas aeruginosa,287,species,v1.2.4,99.02,0.8,27.6671,SPECIES
Pseudomonas aeruginosa,287,GCF_028404105.1,2,7200635,7200635,2,7057974,1,2,7057974,1,2,7200635,4727214,65.5,NA,Pseudomonas aeruginosa,287,species,v1.2.3,99.3,1.63,44.3397,SPECIES
Pseudomonas aeruginosa,287,GCF_050908855.1,1,7056741,7056741,1,7056741,1,1,7056741,1,1,7056741,4649651,66,1,Pseudomonas aeruginosa,287,species,v1.2.3,97.64,1.26,9.38241,SPECIES
Pseudomonas aeruginosa,287,GCF_013393665.2,1,7056430,7056430,1,7056430,1,1,7056430,1,1,7056430,4649726,66,100,Pseudomonas aeruginosa,287,species,v1.2.3,99.26,1.15,40.5168,SPECIES
Pseudomonas aeruginosa,287,GCF_028404065.1,1,7055952,7055952,1,7055952,1,1,7055952,1,1,7055952,4640959,66,NA,Pseudomonas aeruginosa,287,species,v1.2.3,99.09,1.34,30.435,SPECIES
Pseudomonas aeruginosa,287,GCF_033219955.1,2,7062540,7062540,2,7054120,1,2,7054120,1,2,7062540,4659647,66,298.5,Pseudomonas aeruginosa,287,species,v1.2.3,99.15,0.52,32.9659,SPECIES
Pseudomonas aeruginosa,287,GCF_032843885.3,2,7107038,7107038,2,7052471,1,2,7052471,1,2,7107038,4679667,66,1,Pseudomonas aeruginosa,287,species,v1.2.3,99.42,0.76,56.3715,SPECIES
Pseudomonas aeruginosa,287,GCA_053283275.1,1,7051813,7051813,1,7051813,1,1,7051813,1,1,7051813,4635699,65.5,200,NA,NA,NA,NA,NA,NA,NA,SPECIES
Pseudomonas aeruginosa,287,GCF_030908425.1,3,7553708,7553708,3,7051179,1,3,7051179,1,3,7553708,4925608,65,200,Pseudomonas aeruginosa,287,species,v1.2.4,98.01,3.3,11.6524,SPECIES
Pseudomonas aeruginosa,287,GCF_003028335.1,1,7050928,7050928,1,7050928,1,1,7050928,1,1,7050928,4655289,66,250,Pseudomonas aeruginosa,287,species,v1.2.3,99.64,0.49,82.6932,SPECIES
Pseudomonas aeruginosa,287,GCF_002205375.1,1,7050510,7050510,1,7050510,1,1,7050510,1,1,7050510,4641071,66,181,Pseudomonas aeruginosa,287,species,v1.2.3,96.13,1.56,4.47487,SPECIES
Pseudomonas aeruginosa,287,GCF_031224255.1,2,7077359,7077359,2,7049066,1,2,7049066,1,2,7077359,4668140,66,100,Pseudomonas aeruginosa,287,species,v1.2.4,99.15,0.49,32.9659,SPECIES
Pseudomonas aeruginosa,287,GCF_024266935.1,2,7102090,7102090,2,7048060,1,2,7048060,1,2,7102090,4683464,66,2,Pseudomonas aeruginosa,287,species,v1.2.4,99.55,1.25,70.9815,SPECIES
Pseudomonas aeruginosa,287,GCF_003950015.1,2,7178010,7178010,2,7047704,1,2,7047704,1,2,7178010,4710839,65.5,60,Pseudomonas aeruginosa,287,species,v1.2.3,99.16,1.74,33.4578,SPECIES
Pseudomonas aeruginosa,287,GCF_020990445.1,1,7046998,7046998,1,7046998,1,1,7046998,1,1,7046998,4635584,66,100,Pseudomonas aeruginosa,287,species,v1.2.3,99.49,1.43,62.0495,SPECIES
Pseudomonas aeruginosa,287,GCF_024266915.1,2,7100966,7100966,2,7046937,1,2,7046937,1,2,7100966,4682758,66,2,Pseudomonas aeruginosa,287,species,v1.2.4,99.55,1.25,70.9815,SPECIES
Pseudomonas aeruginosa,287,GCF_030122115.1,1,7044511,7044511,1,7044511,1,1,7044511,1,1,7044511,4643751,66,100,Pseudomonas aeruginosa,287,species,v1.2.3,99.07,1.15,29.4097,SPECIES
Pseudomonas aeruginosa,287,GCF_031851725.1,1,7044507,7044507,1,7044507,1,1,7044507,1,1,7044507,4638109,66,98.57,Pseudomonas aeruginosa,287,species,v1.2.3,99.55,0.99,70.9815,SPECIES
Pseudomonas aeruginosa,287,GCF_016064595.1,1,7044064,7044064,1,7044064,1,1,7044064,1,1,7044064,4653555,66,1487,Pseudomonas aeruginosa,287,species,v1.2.3,99.61,1.24,76.1439,SPECIES
Pseudomonas aeruginosa,287,GCF_049566515.1,1,7043691,7043691,1,7043691,1,1,7043691,1,1,7043691,4643402,66,1,Pseudomonas aeruginosa,287,species,v1.2.3,99.07,1.39,29.4097,SPECIES
Pseudomonas aeruginosa,287,GCF_016745155.1,1,7043467,7043467,1,7043467,1,1,7043467,1,1,7043467,4629833,65.5,100,Pseudomonas aeruginosa,287,species,v1.2.3,98.03,1.22,11.7947,SPECIES
Pseudomonas aeruginosa,287,GCF_028622015.1,1,7043257,7043257,1,7043257,1,1,7043257,1,1,7043257,4647893,66,100,Pseudomonas aeruginosa,287,species,v1.2.3,97.99,0.76,11.5161,SPECIES
Pseudomonas aeruginosa,287,GCF_035621255.1,2,7084671,7084671,2,7041100,1,2,7041100,1,2,7084671,4642556,65.5,473.3,Pseudomonas aeruginosa,287,species,v1.2.3,99.11,2.61,31.0514,SPECIES
Pseudomonas aeruginosa,287,GCF_002085755.1,2,7077406,7077406,2,7040952,1,2,7040952,1,2,7077406,4659258,66,73,Pseudomonas aeruginosa,287,species,v1.2.4,98.23,1.19,13.2172,SPECIES
Pseudomonas aeruginosa,287,GCF_038431895.1,1,7040896,7040896,1,7040896,1,1,7040896,1,1,7040896,4630803,66,1,Pseudomonas aeruginosa,287,species,v1.2.3,98.9,2.16,23.3701,SPECIES
Pseudomonas aeruginosa,287,GCA_053293985.1,1,7038747,7038747,1,7038747,1,1,7038747,1,1,7038747,4629032,66,100,NA,NA,NA,NA,NA,NA,NA,SPECIES
Pseudomonas aeruginosa,287,GCF_003206535.1,2,7042452,7042452,2,7038012,1,2,7038012,1,2,7042452,4640210,66,200,Pseudomonas aeruginosa,287,species,v1.2.3,99.61,0.72,76.1439,SPECIES
Pseudomonas aeruginosa,287,GCF_032292255.1,1,7037146,7037146,1,7037146,1,1,7037146,1,1,7037146,4650253,66,100,Pseudomonas aeruginosa,287,species,v1.2.3,99.71,1.14,86.1072,SPECIES
Pseudomonas aeruginosa,287,GCF_039830125.1,1,7035441,7035441,1,7035441,1,1,7035441,1,1,7035441,4641252,66,1,Pseudomonas aeruginosa,287,species,v1.2.3,99.21,1.18,37.7608,SPECIES
Pseudomonas aeruginosa,287,GCF_032847385.1,2,7462919,7462919,2,7033197,1,2,7033197,1,2,7462919,4865621,65,200,Pseudomonas aeruginosa,287,species,v1.2.3,98.11,1.98,12.34,SPECIES
Pseudomonas aeruginosa,287,GCF_003641125.1,1,7030474,7030474,1,7030474,1,1,7030474,1,1,7030474,4633957,66,424,Pseudomonas aeruginosa,287,species,v1.2.3,99.4,0.66,55.0913,SPECIES
Pseudomonas aeruginosa,287,GCF_003813005.1,1,7029824,7029824,1,7029824,1,1,7029824,1,1,7029824,4630595,66,22.71,Pseudomonas aeruginosa,287,species,v1.2.4,98.97,2.32,25.486,SPECIES
Pseudomonas aeruginosa,287,GCF_033224565.1,4,7092547,7092547,4,7028485,1,4,7028485,1,4,7092547,4675085,66,315,Pseudomonas aeruginosa,287,species,v1.2.3,98.92,0.54,24.3362,SPECIES
Pseudomonas aeruginosa,287,GCF_042666995.1,2,7448751,7448751,2,7026323,1,2,7026323,1,2,7448751,4868977,65.5,1,Pseudomonas aeruginosa,287,species,v1.2.3,99.75,1.92,88.6617,SPECIES
Pseudomonas aeruginosa,287,GCF_036418275.1,1,7025878,7025878,1,7025878,1,1,7025878,1,1,7025878,4628241,66,29,Pseudomonas aeruginosa,287,species,v1.2.3,97.27,1.86,7.71693,SPECIES
Pseudomonas aeruginosa,287,GCF_047199025.1,1,7021937,7021937,1,7021937,1,1,7021937,1,1,7021937,4628627,66,1,Pseudomonas aeruginosa,287,species,v1.2.3,98.2,0.52,12.9327,SPECIES
Pseudomonas aeruginosa,287,GCF_001632245.1,1,7021552,7021552,1,7021552,1,1,7021552,1,1,7021552,4636329,66,200,Pseudomonas aeruginosa,287,species,v1.2.4,99.01,1.38,27.3886,SPECIES
Pseudomonas aeruginosa,287,GCF_025790885.1,1,7020963,7020963,1,7020963,1,1,7020963,1,1,7020963,4627950,66,62,Pseudomonas aeruginosa,287,species,v1.2.3,98.91,1.63,23.7138,SPECIES
Pseudomonas aeruginosa,287,GCF_031220265.1,1,7020185,7020185,1,7020185,1,1,7020185,1,1,7020185,4625409,66,100,Pseudomonas aeruginosa,287,species,v1.2.4,99.46,0.86,58.8786,SPECIES
Pseudomonas aeruginosa,287,GCF_001870265.1,2,7067711,7067711,2,7018690,1,2,7018690,1,2,7067711,4658879,66,170,Pseudomonas aeruginosa,287,species,v1.2.3,99.54,0.92,67.6031,SPECIES
Pseudomonas aeruginosa,287,GCF_027570995.1,1,7015423,7015423,1,7015423,1,1,7015423,1,1,7015423,4623465,66,120,Pseudomonas aeruginosa,287,species,v1.2.3,99.62,0.87,82.1835,SPECIES
Pseudomonas aeruginosa,287,GCF_027570595.1,1,7015358,7015358,1,7015358,1,1,7015358,1,1,7015358,4623882,66,120,Pseudomonas aeruginosa,287,species,v1.2.3,99.76,0.87,90.8547,SPECIES
Pseudomonas aeruginosa,287,GCF_052697495.1,1,7014646,7014646,1,7014646,1,1,7014646,1,1,7014646,4625148,66,1,Pseudomonas aeruginosa,287,species,v1.2.4,99.03,1.61,28.0346,SPECIES
Pseudomonas aeruginosa,287,GCF_015832055.1,5,7117586,7117586,5,7013659,1,5,7013659,1,5,7117586,4677589,65.5,100,Pseudomonas aeruginosa,287,species,v1.2.3,98.97,1.34,25.486,SPECIES
Pseudomonas aeruginosa,287,GCF_002968695.1,3,7086054,7086054,3,7012922,1,3,7012922,1,3,7086054,4668171,66,22.9,Pseudomonas aeruginosa,287,species,v1.2.3,99.61,0.96,76.1439,SPECIES
Pseudomonas aeruginosa,287,GCF_008195485.1,1,7012798,7012798,1,7012798,1,1,7012798,1,1,7012798,4632612,66,1047,Pseudomonas aeruginosa,287,species,v1.2.4,99.57,0.54,73.2871,SPECIES
Pseudomonas aeruginosa,287,GCF_051015905.1,1,7012748,7012748,1,7012748,1,1,7012748,1,1,7012748,4619202,66,1,Pseudomonas aeruginosa,287,species,v1.2.3,99.61,1.54,76.1439,SPECIES
Pseudomonas aeruginosa,287,GCF_028403965.1,2,7036624,7036624,2,7012556,1,2,7012556,1,2,7036624,4628344,66,NA,Pseudomonas aeruginosa,287,species,v1.2.3,98.1,1.34,12.2392,SPECIES
Pseudomonas aeruginosa,287,GCF_030034655.1,2,7046433,7046433,2,7012343,1,2,7012343,1,2,7046433,4637284,66,100,Pseudomonas aeruginosa,287,species,v1.2.3,99.18,1.63,34.5009,SPECIES
Pseudomonas aeruginosa,287,GCF_030034675.1,2,7045932,7045932,2,7011947,1,2,7011947,1,2,7045932,4636954,66,100,Pseudomonas aeruginosa,287,species,v1.2.3,99.18,1.63,34.5009,SPECIES
Pseudomonas aeruginosa,287,GCF_030034635.1,2,7045512,7045512,2,7011422,1,2,7011422,1,2,7045512,4636671,66,100,Pseudomonas aeruginosa,287,species,v1.2.3,99.18,1.63,34.5009,SPECIES
Pseudomonas aeruginosa,287,GCF_023520735.1,1,7010374,7010374,1,7010374,1,1,7010374,1,1,7010374,4613369,66,211,Pseudomonas aeruginosa,287,species,v1.2.3,99.32,1.16,45.6852,SPECIES
Pseudomonas aeruginosa,287,GCF_037890725.1,1,7009390,7009390,1,7009390,1,1,7009390,1,1,7009390,4620951,66,1,Pseudomonas aeruginosa,287,species,v1.2.3,99.11,0.76,31.0514,SPECIES
Pseudomonas aeruginosa,287,GCF_022570475.1,1,7009041,7009041,1,7009041,1,1,7009041,1,1,7009041,4627395,66,100,Pseudomonas aeruginosa,287,species,v1.2.4,99.82,1.69,94.4109,SPECIES
Pseudomonas aeruginosa,287,GCF_002192475.1,1,7008516,7008516,1,7008516,1,1,7008516,1,1,7008516,4614705,66,91,Pseudomonas aeruginosa,287,species,v1.2.3,99.02,0.62,27.6671,SPECIES
Pseudomonas aeruginosa,287,GCF_044759025.1,1,7007249,7007249,1,7007249,1,1,7007249,1,1,7007249,4611842,66,1,Pseudomonas aeruginosa,287,species,v1.2.3,99.59,1.35,74.8578,SPECIES
Pseudomonas aeruginosa,287,GCF_001792875.1,1,7006578,7006578,1,7006578,1,1,7006578,1,1,7006578,4622454,66,176,Pseudomonas aeruginosa,287,species,v1.2.3,99.25,0.81,39.6752,SPECIES
Pseudomonas aeruginosa,287,GCF_038431905.1,1,7006387,7006387,1,7006387,1,1,7006387,1,1,7006387,4610405,66,1,Pseudomonas aeruginosa,287,species,v1.2.3,99.61,0.76,76.1439,SPECIES
Pseudomonas aeruginosa,287,GCF_030183855.2,1,7003799,7003799,1,7003799,1,1,7003799,1,1,7003799,4611413,66,1,Pseudomonas aeruginosa,287,species,v1.2.3,99.32,1.34,45.6852,SPECIES
Pseudomonas aeruginosa,287,GCF_027570715.1,1,7003703,7003703,1,7003703,1,1,7003703,1,1,7003703,4622922,66,120,Pseudomonas aeruginosa,287,species,v1.2.3,99.49,1.38,62.0495,SPECIES
Pseudomonas aeruginosa,287,GCF_030183355.2,1,7003428,7003428,1,7003428,1,1,7003428,1,1,7003428,4611161,66,1,Pseudomonas aeruginosa,287,species,v1.2.3,99.32,1.34,45.6852,SPECIES
Pseudomonas aeruginosa,287,GCF_030186885.2,1,7003110,7003110,1,7003110,1,1,7003110,1,1,7003110,4610684,66,1,Pseudomonas aeruginosa,287,species,v1.2.3,99.3,1.34,44.3397,SPECIES
Pseudomonas aeruginosa,287,GCF_951805275.2,2,7180077,7180077,2,7001594,1,2,7001594,1,2,7180077,4715278,65.5,61,Pseudomonas aeruginosa,287,species,v1.2.4,99.54,1.54,67.6031,SPECIES
Pseudomonas aeruginosa,287,GCF_030034615.1,2,7039758,7039758,2,7001200,1,2,7001200,1,2,7039758,4633279,66,100,Pseudomonas aeruginosa,287,species,v1.2.3,99.18,1.63,34.5009,SPECIES
Pseudomonas aeruginosa,287,GCF_019857545.1,3,7109827,7109827,3,7000195,1,3,7000195,1,3,7109827,4671883,65.5,218,Pseudomonas aeruginosa,287,species,v1.2.3,99.39,1.32,52.4123,SPECIES
Pseudomonas aeruginosa,287,GCF_003812885.1,1,6999770,6999770,1,6999770,1,1,6999770,1,1,6999770,4612526,66,33.27,Pseudomonas aeruginosa,287,species,v1.2.3,99.05,0.7,28.6688,SPECIES
Pseudomonas aeruginosa,287,GCF_030185815.2,1,6999575,6999575,1,6999575,1,1,6999575,1,1,6999575,4608835,66,1,Pseudomonas aeruginosa,287,species,v1.2.3,99.32,1.34,45.6852,SPECIES
Pseudomonas aeruginosa,287,GCF_030185915.2,1,6999091,6999091,1,6999091,1,1,6999091,1,1,6999091,4608925,66,1,Pseudomonas aeruginosa,287,species,v1.2.3,99.32,1.34,45.6852,SPECIES
Pseudomonas aeruginosa,287,GCF_038431925.1,1,6998574,6998574,1,6998574,1,1,6998574,1,1,6998574,4612452,66,1,Pseudomonas aeruginosa,287,species,v1.2.3,99.54,0.77,67.6031,SPECIES
Pseudomonas aeruginosa,287,GCF_023572735.3,1,6997900,6997900,1,6997900,1,1,6997900,1,1,6997900,4611608,66,1,Pseudomonas aeruginosa,287,species,v1.2.3,98.68,1.48,18.6404,SPECIES
Pseudomonas aeruginosa,287,GCF_029961625.1,2,7050520,7050520,2,6997764,1,2,6997764,1,2,7050520,4648351,66,37,Pseudomonas aeruginosa,287,species,v1.2.3,99.3,1.06,44.3397,SPECIES
Pseudomonas aeruginosa,287,GCF_033226745.1,2,7094632,7094632,2,6996116,1,2,6996116,1,2,7094632,4673315,66,310.5,Pseudomonas aeruginosa,287,species,v1.2.3,97.85,0.57,10.5145,SPECIES
Pseudomonas aeruginosa,287,GCF_034190815.1,1,6988579,6988579,1,6988579,1,1,6988579,1,1,6988579,4601278,66,30,Pseudomonas aeruginosa,287,species,v1.2.3,98.22,2.01,13.0986,SPECIES
Pseudomonas aeruginosa,287,GCF_052697425.1,2,7143728,7143728,2,6987860,1,2,6987860,1,2,7143728,4696732,65.5,1,Pseudomonas aeruginosa,287,species,v1.2.4,99.03,2.11,28.0346,SPECIES
Pseudomonas aeruginosa,287,GCF_029961645.1,1,6986429,6986429,1,6986429,1,1,6986429,1,1,6986429,4599037,66,43,Pseudomonas aeruginosa,287,species,v1.2.3,96.76,0.62,5.9151300000000004,SPECIES
Pseudomonas aeruginosa,287,GCF_002104595.1,1,6985102,6985102,1,6985102,1,1,6985102,1,1,6985102,4610202,66,161,Pseudomonas aeruginosa,287,species,v1.2.4,99.3,0.64,44.3397,SPECIES
Pseudomonas aeruginosa,287,GCF_051257835.1,1,6984853,6984853,1,6984853,1,1,6984853,1,1,6984853,4597779,66,1,Pseudomonas aeruginosa,287,species,v1.2.4,99.34,0.92,48.9509,SPECIES
Pseudomonas aeruginosa,287,GCF_051015915.1,1,6980998,6980998,1,6980998,1,1,6980998,1,1,6980998,4596235,66,1,Pseudomonas aeruginosa,287,species,v1.2.3,99.02,0.94,27.6671,SPECIES
Pseudomonas aeruginosa,287,GCF_033375815.1,1,6978549,6978549,1,6978549,1,1,6978549,1,1,6978549,4599266,66,100,Pseudomonas aeruginosa,287,species,v1.2.3,98.35,1.27,14.444,SPECIES
Pseudomonas aeruginosa,287,GCF_033223225.1,2,6978799,6978799,2,6975582,1,2,6975582,1,2,6978799,4607962,66,308.2,Pseudomonas aeruginosa,287,species,v1.2.3,99.75,1,88.6617,SPECIES
Pseudomonas aeruginosa,287,GCF_019857345.1,2,7366669,7366669,2,6974425,1,2,6974425,1,2,7366669,4803418,65,112.2,Pseudomonas aeruginosa,287,species,v1.2.3,97.64,2.19,9.38241,SPECIES
Pseudomonas aeruginosa,287,GCF_022570435.1,1,6974398,6974398,1,6974398,1,1,6974398,1,1,6974398,4604846,66,100,Pseudomonas aeruginosa,287,species,v1.2.4,99.77,0.35,91.0028,SPECIES
Pseudomonas aeruginosa,287,GCA_053211075.1,2,6995012,6995012,2,6973875,1,2,6973875,1,2,6995012,4603794,66,200,NA,NA,NA,NA,NA,NA,NA,SPECIES
Pseudomonas aeruginosa,287,GCF_003571505.1,1,6972899,6972899,1,6972899,1,1,6972899,1,1,6972899,4594936,66,NA,Pseudomonas aeruginosa,287,species,v1.2.3,99.28,1.89,41.9571,SPECIES
Pseudomonas aeruginosa,287,GCF_029958385.1,1,6968785,6968785,1,6968785,1,1,6968785,1,1,6968785,4597021,66,65,Pseudomonas aeruginosa,287,species,v1.2.3,98.76,0.78,20.3414,SPECIES
Pseudomonas aeruginosa,287,GCF_036233675.1,1,6967870,6967870,1,6967870,1,1,6967870,1,1,6967870,4600420,66,81,Pseudomonas aeruginosa,287,species,v1.2.3,99.49,0.52,62.0495,SPECIES
Pseudomonas aeruginosa,287,GCF_036237115.1,1,6967503,6967503,1,6967503,1,1,6967503,1,1,6967503,4598152,66,84,Pseudomonas aeruginosa,287,species,v1.2.3,99.82,0.87,94.4109,SPECIES
Pseudomonas aeruginosa,287,GCF_036233515.1,1,6967501,6967501,1,6967501,1,1,6967501,1,1,6967501,4598158,66,69,Pseudomonas aeruginosa,287,species,v1.2.3,99.82,0.87,94.4109,SPECIES
Pseudomonas aeruginosa,287,GCF_033225445.1,1,6967382,6967382,1,6967382,1,1,6967382,1,1,6967382,4600658,66,299.9,Pseudomonas aeruginosa,287,species,v1.2.3,99.75,1,88.6617,SPECIES
Pseudomonas aeruginosa,287,GCF_021184245.1,2,7013321,7013321,2,6966545,1,2,6966545,1,2,7013321,4609244,65.5,100,Pseudomonas aeruginosa,287,species,v1.2.3,97.26,0.86,7.63395,SPECIES
Pseudomonas aeruginosa,287,GCF_036326305.1,1,6964336,6964336,1,6964336,1,1,6964336,1,1,6964336,4589476,66,50,Pseudomonas aeruginosa,287,species,v1.2.3,98.97,1.71,25.486,SPECIES
Pseudomonas aeruginosa,287,GCF_051515095.1,1,6961963,6961963,1,6961963,1,1,6961963,1,1,6961963,4589244,66,1,Pseudomonas aeruginosa,287,species,v1.2.4,99.82,1.36,94.4109,SPECIES
Pseudomonas aeruginosa,287,GCF_037287405.1,1,6961786,6961786,1,6961786,1,1,6961786,1,1,6961786,4592931,66,1,Pseudomonas aeruginosa,287,species,v1.2.3,98.99,2.18,26.6892,SPECIES
Pseudomonas aeruginosa,287,GCF_037287425.1,1,6961640,6961640,1,6961640,1,1,6961640,1,1,6961640,4592833,66,1,Pseudomonas aeruginosa,287,species,v1.2.3,98.95,2.08,25.0356,SPECIES
Pseudomonas aeruginosa,287,GCF_018598285.3,2,7021371,7021371,2,6961059,1,2,6961059,1,2,7021371,4628866,66,170,Pseudomonas aeruginosa,287,species,v1.2.3,99.54,1.26,67.6031,SPECIES
Pseudomonas aeruginosa,287,GCF_032231025.1,1,6960573,6960573,1,6960573,1,1,6960573,1,1,6960573,4595429,66,45,Pseudomonas aeruginosa,287,species,v1.2.3,99.49,1.05,62.0495,SPECIES
Pseudomonas aeruginosa,287,GCF_019434235.1,2,7001812,7001812,2,6959874,1,2,6959874,1,2,7001812,4607675,66,200,Pseudomonas aeruginosa,287,species,v1.2.4,99.18,1.33,34.5009,SPECIES
Pseudomonas aeruginosa,287,GCF_050186595.1,2,7005698,7005698,2,6959835,1,2,6959835,1,2,7005698,4604026,65.5,1,Pseudomonas aeruginosa,287,species,v1.2.3,98.93,1.8,24.5436,SPECIES
Pseudomonas aeruginosa,287,GCF_046774485.1,1,6958497,6958497,1,6958497,1,1,6958497,1,1,6958497,4581865,66,1,Pseudomonas aeruginosa,287,species,v1.2.3,99.25,2.23,39.6752,SPECIES
Pseudomonas aeruginosa,287,GCF_031212645.1,1,6955381,6955381,1,6955381,1,1,6955381,1,1,6955381,4584509,66,100,Pseudomonas aeruginosa,287,species,v1.2.4,99.5,0.57,63.3831,SPECIES
Pseudomonas aeruginosa,287,GCF_052695645.1,1,6954734,6954734,1,6954734,1,1,6954734,1,1,6954734,4592648,66,1,Pseudomonas aeruginosa,287,species,v1.2.4,99.39,0.57,52.4123,SPECIES
Pseudomonas aeruginosa,287,GCF_019857585.1,2,7019088,7019088,2,6954457,1,2,6954457,1,2,7019088,4618187,66,110,Pseudomonas aeruginosa,287,species,v1.2.3,99.39,1.35,52.4123,SPECIES
Pseudomonas aeruginosa,287,GCF_019857505.1,3,7069987,7069987,3,6954156,1,3,6954156,1,3,7069987,4647460,65.5,169,Pseudomonas aeruginosa,287,species,v1.2.3,99.39,1.35,52.4123,SPECIES
Pseudomonas aeruginosa,287,GCF_028404005.1,2,6977699,6977699,2,6953400,1,2,6953400,1,2,6977699,4590512,66,NA,Pseudomonas aeruginosa,287,species,v1.2.3,98.7,1.34,19.0019,SPECIES
Pseudomonas aeruginosa,287,GCF_002237405.1,1,6952237,6952237,1,6952237,1,1,6952237,1,1,6952237,4589237,66,230,Pseudomonas aeruginosa,287,species,v1.2.3,98.97,0.71,25.486,SPECIES
Pseudomonas aeruginosa,287,GCF_036232405.1,1,6951289,6951289,1,6951289,1,1,6951289,1,1,6951289,4588831,66,115,Pseudomonas aeruginosa,287,species,v1.2.3,99.82,0.63,94.4109,SPECIES
Pseudomonas aeruginosa,287,GCF_049532625.1,1,6950559,6950559,1,6950559,1,1,6950559,1,1,6950559,4582464,66,1,Pseudomonas aeruginosa,287,species,v1.2.3,98.91,1.57,23.7138,SPECIES
Pseudomonas aeruginosa,287,GCF_016811975.1,1,6950174,6950174,1,6950174,1,1,6950174,1,1,6950174,4583882,66,136,Pseudomonas aeruginosa,287,species,v1.2.3,99.43,1.29,56.8516,SPECIES
Pseudomonas aeruginosa,287,GCF_025398075.1,2,7053014,7053014,2,6949333,1,2,6949333,1,2,7053014,4645705,66,153,Pseudomonas aeruginosa,287,species,v1.2.3,99.47,1.74,59.3706,SPECIES
Pseudomonas aeruginosa,287,GCF_022570455.1,1,6949128,6949128,1,6949128,1,1,6949128,1,1,6949128,4587832,66,100,Pseudomonas aeruginosa,287,species,v1.2.4,99.28,1.09,41.9571,SPECIES
Pseudomonas aeruginosa,287,GCF_027570855.1,1,6948888,6948888,1,6948888,1,1,6948888,1,1,6948888,4590713,66,120,Pseudomonas aeruginosa,287,species,v1.2.3,99.17,0.59,34.0386,SPECIES
Pseudomonas aeruginosa,287,GCF_037287535.1,3,6979071,6979071,3,6948796,1,3,6948796,1,3,6979071,4599251,66,1,Pseudomonas aeruginosa,287,species,v1.2.3,99.47,1.07,59.3706,SPECIES
Pseudomonas aeruginosa,287,GCF_037287545.1,3,6979059,6979059,3,6948784,1,3,6948784,1,3,6979059,4599241,66,1,Pseudomonas aeruginosa,287,species,v1.2.3,99.47,1.07,59.3706,SPECIES
Pseudomonas aeruginosa,287,GCF_050238075.1,1,6948350,6948350,1,6948350,1,1,6948350,1,1,6948350,4587663,66,1,Pseudomonas aeruginosa,287,species,v1.2.3,99.26,0.59,40.5168,SPECIES
Pseudomonas aeruginosa,287,GCF_029857015.1,1,6947386,6947386,1,6947386,1,1,6947386,1,1,6947386,4577882,66,100,Pseudomonas aeruginosa,287,species,v1.2.3,98.97,0.91,25.486,SPECIES
Pseudomonas aeruginosa,287,GCF_040268335.1,5,7488850,7488850,5,6947266,1,5,6947266,1,5,7488850,4895239,65.5,1,Pseudomonas aeruginosa,287,species,v1.2.4,99.43,1.78,56.8516,SPECIES
Pseudomonas aeruginosa,287,GCF_003571805.1,2,7075653,7075653,2,6946231,1,2,6946231,1,2,7075653,4657938,66,124,Pseudomonas aeruginosa,287,species,v1.2.3,98.68,1.23,18.6404,SPECIES
Pseudomonas aeruginosa,287,GCF_051257855.1,1,6945820,6945820,1,6945820,1,1,6945820,1,1,6945820,4585353,66,1,Pseudomonas aeruginosa,287,species,v1.2.4,99.42,1.56,56.3715,SPECIES
Pseudomonas aeruginosa,287,GCF_036233435.1,1,6944747,6944747,1,6944747,1,1,6944747,1,1,6944747,4574277,66,72,Pseudomonas aeruginosa,287,species,v1.2.3,99.58,1.42,73.8265,SPECIES
Pseudomonas aeruginosa,287,GCF_021378395.1,1,6944358,6944358,1,6944358,1,1,6944358,1,1,6944358,4579112,66,82,Pseudomonas aeruginosa,287,species,v1.2.3,99.5,1.46,63.3831,SPECIES
Pseudomonas aeruginosa,287,GCF_029962165.1,2,7469983,7469983,2,6943341,1,2,6943341,1,2,7469983,4887368,65.5,21,Pseudomonas aeruginosa,287,species,v1.2.3,99.5,2,63.3831,SPECIES
Pseudomonas aeruginosa,287,GCF_002237425.1,1,6943220,6943220,1,6943220,1,1,6943220,1,1,6943220,4584301,66,149,Pseudomonas aeruginosa,287,species,v1.2.3,99.14,0.71,32.6636,SPECIES
Pseudomonas aeruginosa,287,GCF_025398115.1,2,7052827,7052827,2,6942888,1,2,6942888,1,2,7052827,4645663,66,153,Pseudomonas aeruginosa,287,species,v1.2.3,99.47,1.74,59.3706,SPECIES
Pseudomonas aeruginosa,287,GCF_900618305.1,1,6941287,6941287,1,6941287,1,1,6941287,1,1,6941287,4579800,66,44,Pseudomonas aeruginosa,287,species,v1.2.3,97.93,1.29,11.1309,SPECIES
Pseudomonas aeruginosa,287,GCF_021513295.1,2,6995607,6995607,2,6941174,1,2,6941174,1,2,6995607,4598255,65.5,258,Pseudomonas aeruginosa,287,species,v1.2.3,97.55,1.41,8.84898,SPECIES
Pseudomonas aeruginosa,287,GCF_033807835.1,1,6941065,6941065,1,6941065,1,1,6941065,1,1,6941065,4571590,66,432,Pseudomonas aeruginosa,287,species,v1.2.3,99.32,1.66,45.6852,SPECIES
Pseudomonas aeruginosa,287,GCF_003408495.1,1,6940949,6940949,1,6940949,1,1,6940949,1,1,6940949,4578849,66,119.5,Pseudomonas aeruginosa,287,species,v1.2.3,98.83,0.74,21.669,SPECIES
Pseudomonas aeruginosa,287,GCF_029962145.1,2,6978306,6978306,2,6936895,1,2,6936895,1,2,6978306,4594517,66,21,Pseudomonas aeruginosa,287,species,v1.2.3,96.48,0.63,5.20982,SPECIES
Pseudomonas aeruginosa,287,GCF_032699645.1,1,6936159,6936159,1,6936159,1,1,6936159,1,1,6936159,4570211,66,100,Pseudomonas aeruginosa,287,species,v1.2.3,99.61,1.03,76.1439,SPECIES
Pseudomonas aeruginosa,287,GCF_015697645.1,1,6935851,6935851,1,6935851,1,1,6935851,1,1,6935851,4577784,66,150,Pseudomonas aeruginosa,287,species,v1.2.3,98.53,1.12,16.3822,SPECIES
Pseudomonas aeruginosa,287,GCF_020990465.1,1,6935768,6935768,1,6935768,1,1,6935768,1,1,6935768,4570124,66,100,Pseudomonas aeruginosa,287,species,v1.2.3,99.71,1.04,86.1072,SPECIES
Pseudomonas aeruginosa,287,GCF_049564875.1,1,6935508,6935508,1,6935508,1,1,6935508,1,1,6935508,4569445,66,1,Pseudomonas aeruginosa,287,species,v1.2.3,98.56,1.8,16.803,SPECIES
Pseudomonas aeruginosa,287,GCF_001515845.2,1,6934277,6934277,1,6934277,1,1,6934277,1,1,6934277,4579004,66,64.94,Pseudomonas aeruginosa,287,species,v1.2.3,99.36,0.49,50.166,SPECIES
Pseudomonas aeruginosa,287,GCF_036835625.1,1,6933016,6933016,1,6933016,1,1,6933016,1,1,6933016,4573437,66,1,Pseudomonas aeruginosa,287,species,v1.2.3,99.49,0.85,62.0495,SPECIES
Pseudomonas aeruginosa,287,GCF_027570735.1,1,6932838,6932838,1,6932838,1,1,6932838,1,1,6932838,4584848,66,120,Pseudomonas aeruginosa,287,species,v1.2.3,99.18,0.51,34.5009,SPECIES
Pseudomonas aeruginosa,287,GCF_018448985.1,1,6932250,6932250,1,6932250,1,1,6932250,1,1,6932250,4577031,66,114.01,Pseudomonas aeruginosa,287,species,v1.2.3,99.75,1,88.6617,SPECIES
Pseudomonas aeruginosa,287,GCF_040571335.1,2,6990771,6990771,2,6931898,1,2,6931898,1,2,6990771,4588970,65.5,1,Pseudomonas aeruginosa,287,species,v1.2.4,97.68,1.4,9.63134,SPECIES
Pseudomonas aeruginosa,287,GCF_905071885.1,1,6931859,6931859,1,6931859,1,1,6931859,1,1,6931859,4569136,66,15,Pseudomonas aeruginosa,287,species,v1.2.4,99.51,1.67,64.527,SPECIES
Pseudomonas aeruginosa,287,GCF_900618285.1,1,6931425,6931425,1,6931425,1,1,6931425,1,1,6931425,4574431,66,33,Pseudomonas aeruginosa,287,species,v1.2.3,98.79,1.29,20.9459,SPECIES
Pseudomonas aeruginosa,287,GCF_028595525.2,1,6931140,6931140,1,6931140,1,1,6931140,1,1,6931140,4563732,66,1,Pseudomonas aeruginosa,287,species,v1.2.3,99.59,1.15,74.8578,SPECIES
Pseudomonas aeruginosa,287,GCF_033375015.1,1,6930946,6930946,1,6930946,1,1,6930946,1,1,6930946,4566988,66,100,Pseudomonas aeruginosa,287,species,v1.2.3,98.35,0.87,14.444,SPECIES
Pseudomonas aeruginosa,287,GCF_002287725.2,1,6930893,6930893,1,6930893,1,1,6930893,1,1,6930893,4568066,66,75,Pseudomonas aeruginosa,287,species,v1.2.3,99.45,0.95,58.2622,SPECIES
Pseudomonas aeruginosa,287,GCF_013343515.1,1,6930600,6930600,1,6930600,1,1,6930600,1,1,6930600,4578926,66,100,Pseudomonas aeruginosa,287,species,v1.2.4,99.02,1.12,27.6671,SPECIES
Pseudomonas aeruginosa,287,GCF_003812165.1,3,6931252,6931252,3,6928914,1,3,6928914,1,3,6931252,4581035,66,13.99,Pseudomonas aeruginosa,287,species,v1.2.4,98.87,1.4,22.7774,SPECIES
Pseudomonas aeruginosa,287,GCF_001792855.1,1,6928736,6928736,1,6928736,1,1,6928736,1,1,6928736,4573598,66,171,Pseudomonas aeruginosa,287,species,v1.2.3,99.54,0.92,67.6031,SPECIES
Pseudomonas aeruginosa,287,GCF_027570875.1,1,6928454,6928454,1,6928454,1,1,6928454,1,1,6928454,4570323,66,120,Pseudomonas aeruginosa,287,species,v1.2.3,99.48,1.25,60.5441,SPECIES
Pseudomonas aeruginosa,287,GCF_031222225.1,1,6927849,6927849,1,6927849,1,1,6927849,1,1,6927849,4563045,66,100,Pseudomonas aeruginosa,287,species,v1.2.4,99.18,1.95,34.5009,SPECIES
Pseudomonas aeruginosa,287,GCF_051257865.1,1,6927772,6927772,1,6927772,1,1,6927772,1,1,6927772,4563436,66,1,Pseudomonas aeruginosa,287,species,v1.2.4,99.27,1.07,41.0147,SPECIES
Pseudomonas aeruginosa,287,GCF_030490735.1,1,6927647,6927647,1,6927647,1,1,6927647,1,1,6927647,4564231,66,200,Pseudomonas aeruginosa,287,species,v1.2.4,98.95,0.74,25.0356,SPECIES
Pseudomonas aeruginosa,287,GCF_049567555.1,1,6927172,6927172,1,6927172,1,1,6927172,1,1,6927172,4580918,66,1,Pseudomonas aeruginosa,287,species,v1.2.3,99.46,0.78,58.8786,SPECIES
Pseudomonas aeruginosa,287,GCF_040560445.1,3,7391366,7391366,3,6927092,1,3,6927092,1,3,7391366,4824667,65.5,1,Pseudomonas aeruginosa,287,species,v1.2.4,99.07,2.36,29.4097,SPECIES
Pseudomonas aeruginosa,287,GCF_049912795.1,1,6927075,6927075,1,6927075,1,1,6927075,1,1,6927075,4580820,66,1,Pseudomonas aeruginosa,287,species,v1.2.3,99.49,0.78,62.0495,SPECIES
Pseudomonas aeruginosa,287,GCF_033232085.1,2,6976144,6976144,2,6926878,1,2,6926878,1,2,6976144,4603812,66,46.2,Pseudomonas aeruginosa,287,species,v1.2.3,97.68,0.54,9.63134,SPECIES
Pseudomonas aeruginosa,287,GCF_009497675.1,2,6972990,6972990,2,6926363,1,2,6926363,1,2,6972990,4603985,66,50,Pseudomonas aeruginosa,287,species,v1.2.4,99.52,0.73,66.1214,SPECIES
Pseudomonas aeruginosa,287,GCF_002411865.3,1,6925889,6925889,1,6925889,1,1,6925889,1,1,6925889,4563460,66,30,Pseudomonas aeruginosa,287,species,v1.2.4,99.71,1.09,86.1072,SPECIES
Pseudomonas aeruginosa,287,GCF_024652945.3,3,7427942,7427942,3,6925322,1,3,6925322,1,3,7427942,4844507,65,150,Pseudomonas aeruginosa,287,species,v1.2.3,99.15,2.49,32.9659,SPECIES
Pseudomonas aeruginosa,287,GCF_038432515.1,3,6975746,6975746,3,6925241,1,3,6925241,1,3,6975746,4600869,66,1,Pseudomonas aeruginosa,287,species,v1.2.3,98.61,0.76,17.532,SPECIES
Pseudomonas aeruginosa,287,GCF_013255565.1,1,6924367,6924367,1,6924367,1,1,6924367,1,1,6924367,4572339,66,87,Pseudomonas aeruginosa,287,species,v1.2.4,99.71,1,86.1072,SPECIES
Pseudomonas aeruginosa,287,GCF_051353645.1,2,7375339,7375339,2,6923745,1,2,6923745,1,2,7375339,4828075,65.5,1,Pseudomonas aeruginosa,287,species,v1.2.4,99.48,1.73,60.5441,SPECIES
Pseudomonas aeruginosa,287,GCF_032463705.1,2,6963896,6963896,2,6923550,1,2,6923550,1,2,6963896,4582694,66,100,Pseudomonas aeruginosa,287,species,v1.2.3,99.18,1.33,34.5009,SPECIES
Pseudomonas aeruginosa,287,GCF_039555165.1,1,6922301,6922301,1,6922301,1,1,6922301,1,1,6922301,4561842,66,1,Pseudomonas aeruginosa,287,species,v1.2.3,99.47,0.59,59.3706,SPECIES
Pseudomonas aeruginosa,287,GCF_032598925.1,1,6921578,6921578,1,6921578,1,1,6921578,1,1,6921578,4556439,66,100,Pseudomonas aeruginosa,287,species,v1.2.3,99.39,0.82,52.4123,SPECIES
Pseudomonas aeruginosa,287,GCF_048631625.1,1,6919771,6919771,1,6919771,1,1,6919771,1,1,6919771,4568861,66,1,Pseudomonas aeruginosa,287,species,v1.2.3,99.15,0.91,32.9659,SPECIES
Pseudomonas aeruginosa,287,GCF_033374175.1,1,6918551,6918551,1,6918551,1,1,6918551,1,1,6918551,4559544,66,100,Pseudomonas aeruginosa,287,species,v1.2.3,99.44,0.59,57.7762,SPECIES
Pseudomonas aeruginosa,287,GCF_030121975.1,1,6918147,6918147,1,6918147,1,1,6918147,1,1,6918147,4566039,66,100,Pseudomonas aeruginosa,287,species,v1.2.3,99.07,1.15,29.4097,SPECIES
Pseudomonas aeruginosa,287,GCF_050242275.1,1,6914341,6914341,1,6914341,1,1,6914341,1,1,6914341,4555502,66,1,Pseudomonas aeruginosa,287,species,v1.2.3,97.8,0.4,10.224,SPECIES
Pseudomonas aeruginosa,287,GCF_040562075.1,5,7433808,7433808,5,6913846,1,5,6913846,1,5,7433808,4848759,65,1,Pseudomonas aeruginosa,287,species,v1.2.4,99.16,2.56,33.4578,SPECIES
Pseudomonas aeruginosa,287,GCF_050242285.1,1,6911405,6911405,1,6911405,1,1,6911405,1,1,6911405,4559081,66,1,Pseudomonas aeruginosa,287,species,v1.2.3,99.3,0.95,44.3397,SPECIES
Pseudomonas aeruginosa,287,GCF_050242225.1,1,6911098,6911098,1,6911098,1,1,6911098,1,1,6911098,4558911,66,1,Pseudomonas aeruginosa,287,species,v1.2.3,98.92,0.95,24.3362,SPECIES
Pseudomonas aeruginosa,287,GCF_050239315.1,1,6910964,6910964,1,6910964,1,1,6910964,1,1,6910964,4557482,66,1,Pseudomonas aeruginosa,287,species,v1.2.3,97.99,0.87,11.5161,SPECIES
Pseudomonas aeruginosa,287,GCF_027570635.1,1,6910473,6910473,1,6910473,1,1,6910473,1,1,6910473,4562854,66,120,Pseudomonas aeruginosa,287,species,v1.2.3,99.12,1.08,31.8634,SPECIES
Pseudomonas aeruginosa,287,GCF_050596355.1,2,6951348,6951348,2,6910246,1,2,6910246,1,2,6951348,4575614,66,1,Pseudomonas aeruginosa,287,species,v1.2.4,98.75,1.33,19.9265,SPECIES
Pseudomonas aeruginosa,287,GCF_052692625.1,2,6951247,6951247,2,6910160,1,2,6910160,1,2,6951247,4575532,66,1,Pseudomonas aeruginosa,287,species,v1.2.4,98.66,1.33,18.3559,SPECIES
Pseudomonas aeruginosa,287,GCF_052692635.1,2,6951235,6951235,2,6910134,1,2,6910134,1,2,6951235,4575528,66,1,Pseudomonas aeruginosa,287,species,v1.2.4,98.53,1.33,16.3822,SPECIES
Pseudomonas aeruginosa,287,GCF_019857285.1,2,6959351,6959351,2,6909981,1,2,6909981,1,2,6959351,4579850,66,169.7,Pseudomonas aeruginosa,287,species,v1.2.3,99.18,1.33,34.5009,SPECIES
Pseudomonas aeruginosa,287,GCF_041344985.1,1,6909706,6909706,1,6909706,1,1,6909706,1,1,6909706,4557404,66,1,Pseudomonas aeruginosa,287,species,v1.2.4,99.11,0.62,31.0514,SPECIES
Pseudomonas aeruginosa,287,GCF_020990485.1,1,6909349,6909349,1,6909349,1,1,6909349,1,1,6909349,4552814,66,100,Pseudomonas aeruginosa,287,species,v1.2.3,99.64,1.04,82.6932,SPECIES
Pseudomonas aeruginosa,287,GCF_015832075.1,2,6950191,6950191,2,6909254,1,2,6909254,1,2,6950191,4574932,66,100,Pseudomonas aeruginosa,287,species,v1.2.3,99.18,1.33,34.5009,SPECIES
Pseudomonas aeruginosa,287,GCA_053096165.1,1,6908713,6908713,1,6908713,1,1,6908713,1,1,6908713,4567431,66,242,NA,NA,NA,NA,NA,NA,NA,SPECIES
Pseudomonas aeruginosa,287,GCF_052695705.1,1,6907481,6907481,1,6907481,1,1,6907481,1,1,6907481,4562888,66,1,Pseudomonas aeruginosa,287,species,v1.2.4,99.14,1.4,32.6636,SPECIES
Pseudomonas aeruginosa,287,GCF_052695715.1,1,6907445,6907445,1,6907445,1,1,6907445,1,1,6907445,4562865,66,1,Pseudomonas aeruginosa,287,species,v1.2.4,99.14,1.4,32.6636,SPECIES
Pseudomonas aeruginosa,287,GCF_051016045.1,1,6906640,6906640,1,6906640,1,1,6906640,1,1,6906640,4561403,66,1,Pseudomonas aeruginosa,287,species,v1.2.3,98.69,1.61,18.8656,SPECIES
Pseudomonas aeruginosa,287,GCF_016745195.1,1,6905506,6905506,1,6905506,1,1,6905506,1,1,6905506,4558493,66,100,Pseudomonas aeruginosa,287,species,v1.2.3,99.07,1.15,29.4097,SPECIES
Pseudomonas aeruginosa,287,GCF_052695695.1,2,7059850,7059850,2,6905417,1,2,6905417,1,2,7059850,4644286,66,1,Pseudomonas aeruginosa,287,species,v1.2.4,98.68,0.97,18.6404,SPECIES
Pseudomonas aeruginosa,287,GCF_033221155.1,2,6906674,6906674,2,6904880,1,2,6904880,1,2,6906674,4561863,66,327.2,Pseudomonas aeruginosa,287,species,v1.2.3,99.02,1,27.6671,SPECIES
Pseudomonas aeruginosa,287,GCF_019720875.1,1,6904575,6904575,1,6904575,1,1,6904575,1,1,6904575,4557920,66,100,Pseudomonas aeruginosa,287,species,v1.2.3,99.07,1.15,29.4097,SPECIES
Pseudomonas aeruginosa,287,GCF_016745135.1,1,6904218,6904218,1,6904218,1,1,6904218,1,1,6904218,4557647,66,100,Pseudomonas aeruginosa,287,species,v1.2.3,98.93,1.15,24.5436,SPECIES
Pseudomonas aeruginosa,287,GCF_024584495.1,1,6902250,6902250,1,6902250,1,1,6902250,1,1,6902250,4556105,66,100,Pseudomonas aeruginosa,287,species,v1.2.4,99.07,1.15,29.4097,SPECIES
Pseudomonas aeruginosa,287,GCF_004193735.1,1,6902135,6902135,1,6902135,1,1,6902135,1,1,6902135,4541572,66,110,Pseudomonas aeruginosa,287,species,v1.2.3,99.74,1.89,88.1994,SPECIES
Pseudomonas aeruginosa,287,GCF_028961985.1,1,6901248,6901248,1,6901248,1,1,6901248,1,1,6901248,4550649,66,196,Pseudomonas aeruginosa,287,species,v1.2.3,99.37,0.77,51.0965,SPECIES
Pseudomonas aeruginosa,287,GCF_047782725.1,1,6900472,6900472,1,6900472,1,1,6900472,1,1,6900472,4560575,66,1,Pseudomonas aeruginosa,287,species,v1.2.3,99.44,0.74,57.7762,SPECIES
Pseudomonas aeruginosa,287,GCF_052697115.1,2,7069703,7069703,2,6900011,1,2,6900011,1,2,7069703,4649384,66,1,Pseudomonas aeruginosa,287,species,v1.2.4,99.03,2.11,28.0346,SPECIES
Pseudomonas aeruginosa,287,GCF_032231045.1,1,6899894,6899894,1,6899894,1,1,6899894,1,1,6899894,4556768,66,48,Pseudomonas aeruginosa,287,species,v1.2.3,99.61,0.96,76.1439,SPECIES
Pseudomonas aeruginosa,287,GCF_047782755.1,1,6898890,6898890,1,6898890,1,1,6898890,1,1,6898890,4560157,66,1,Pseudomonas aeruginosa,287,species,v1.2.3,99.44,0.74,57.7762,SPECIES
Pseudomonas aeruginosa,287,GCF_047782745.1,1,6898883,6898883,1,6898883,1,1,6898883,1,1,6898883,4560136,66,1,Pseudomonas aeruginosa,287,species,v1.2.3,99.44,0.74,57.7762,SPECIES
Pseudomonas aeruginosa,287,GCF_051027335.1,1,6897720,6897720,1,6897720,1,1,6897720,1,1,6897720,4564805,66,1,Pseudomonas aeruginosa,287,species,v1.2.3,99.38,0.78,51.784,SPECIES
Pseudomonas aeruginosa,287,GCF_001516385.1,1,6897231,6897231,1,6897231,1,1,6897231,1,1,6897231,4549863,66,89.18,Pseudomonas aeruginosa,287,species,v1.2.3,99.31,0.54,45.1162,SPECIES
Pseudomonas aeruginosa,287,GCF_001548335.1,1,6897018,6897018,1,6897018,1,1,6897018,1,1,6897018,4550598,66,283,Pseudomonas aeruginosa,287,species,v1.2.3,99.76,1.1,90.8547,SPECIES
Pseudomonas aeruginosa,287,GCF_019857305.1,2,6941269,6941269,2,6896843,1,2,6896843,1,2,6941269,4569623,66,230.8,Pseudomonas aeruginosa,287,species,v1.2.3,99.15,1.33,32.9659,SPECIES
Pseudomonas aeruginosa,287,GCF_001516225.2,1,6896700,6896700,1,6896700,1,1,6896700,1,1,6896700,4564144,66,86.31,Pseudomonas aeruginosa,287,species,v1.2.3,99.43,1.59,56.8516,SPECIES
Pseudomonas aeruginosa,287,GCF_030413195.1,2,7402462,7402462,2,6896109,1,2,6896109,1,2,7402462,4829597,65,200,Pseudomonas aeruginosa,287,species,v1.2.4,98.83,1.66,21.669,SPECIES
Pseudomonas aeruginosa,287,GCF_022649105.1,1,6895810,6895810,1,6895810,1,1,6895810,1,1,6895810,4562998,66,100,Pseudomonas aeruginosa,287,species,v1.2.3,99.38,0.63,51.784,SPECIES
Pseudomonas aeruginosa,287,GCF_014792125.1,2,6923280,6923280,2,6893878,1,2,6893878,1,2,6923280,4554929,66,475,Pseudomonas aeruginosa,287,species,v1.2.3,96.92,1.33,6.41892,SPECIES
Pseudomonas aeruginosa,287,GCF_033222185.1,3,6996622,6996622,3,6893367,1,3,6893367,1,3,6996622,4608358,66,304.2,Pseudomonas aeruginosa,287,species,v1.2.3,96.1,0.54,4.40375,SPECIES
Pseudomonas aeruginosa,287,GCF_002104615.1,1,6893164,6893164,1,6893164,1,1,6893164,1,1,6893164,4554077,66,163,Pseudomonas aeruginosa,287,species,v1.2.4,99.72,0.64,87.3281,SPECIES
Pseudomonas aeruginosa,287,GCF_050241295.1,1,6892886,6892886,1,6892886,1,1,6892886,1,1,6892886,4559105,66,1,Pseudomonas aeruginosa,287,species,v1.2.3,99.06,0.57,29.0126,SPECIES
Pseudomonas aeruginosa,287,GCF_036418185.1,1,6892720,6892720,1,6892720,1,1,6892720,1,1,6892720,4550912,66,50,Pseudomonas aeruginosa,287,species,v1.2.3,98.08,1.03,12.1029,SPECIES
Pseudomonas aeruginosa,287,GCF_044875325.1,2,7341469,7341469,2,6892386,1,2,6892386,1,2,7341469,4804649,65.5,1,Pseudomonas aeruginosa,287,species,v1.2.3,99.72,1.97,87.3281,SPECIES
Pseudomonas aeruginosa,287,GCF_022570115.1,1,6892247,6892247,1,6892247,1,1,6892247,1,1,6892247,4564770,66,100,Pseudomonas aeruginosa,287,species,v1.2.4,99.75,0.49,88.6617,SPECIES
Pseudomonas aeruginosa,287,GCF_022870525.1,1,6892015,6892015,1,6892015,1,1,6892015,1,1,6892015,4564616,66,300,Pseudomonas aeruginosa,287,species,v1.2.3,99.75,0.49,88.6617,SPECIES
Pseudomonas aeruginosa,287,GCF_027594985.1,3,6973928,6973928,3,6890238,1,3,6890238,1,3,6973928,4602044,66,100,Pseudomonas aeruginosa,287,species,v1.2.3,99.45,0.8,58.2622,SPECIES
Pseudomonas aeruginosa,287,GCF_032811685.1,1,6889943,6889943,1,6889943,1,1,6889943,1,1,6889943,4549206,66,105,Pseudomonas aeruginosa,287,species,v1.2.3,99.36,1.28,50.166,SPECIES
Pseudomonas aeruginosa,287,GCF_052695725.1,1,6888276,6888276,1,6888276,1,1,6888276,1,1,6888276,4550955,66,1,Pseudomonas aeruginosa,287,species,v1.2.4,98.92,1.4,24.3362,SPECIES
Pseudomonas aeruginosa,287,GCF_021497365.2,2,6912130,6912130,2,6886775,1,2,6886775,1,2,6912130,4564058,66,100,Pseudomonas aeruginosa,287,species,v1.2.4,98.97,0.49,25.486,SPECIES
Pseudomonas aeruginosa,287,GCF_003052005.2,1,6886080,6886080,1,6886080,1,1,6886080,1,1,6886080,4545601,66,200,Pseudomonas aeruginosa,287,species,v1.2.3,99.51,1.97,64.527,SPECIES
Pseudomonas aeruginosa,287,GCF_038431915.1,1,6885412,6885412,1,6885412,1,1,6885412,1,1,6885412,4547279,66,1,Pseudomonas aeruginosa,287,species,v1.2.3,99.45,0.42,58.2622,SPECIES
Pseudomonas aeruginosa,287,GCF_036232725.1,1,6885195,6885195,1,6885195,1,1,6885195,1,1,6885195,4537604,66,86,Pseudomonas aeruginosa,287,species,v1.2.3,98.91,1.74,23.7138,SPECIES
Pseudomonas aeruginosa,287,GCF_036232745.1,1,6885188,6885188,1,6885188,1,1,6885188,1,1,6885188,4537612,66,84,Pseudomonas aeruginosa,287,species,v1.2.3,98.91,1.74,23.7138,SPECIES
Pseudomonas aeruginosa,287,GCF_036233595.1,1,6883553,6883553,1,6883553,1,1,6883553,1,1,6883553,4537076,66,78,Pseudomonas aeruginosa,287,species,v1.2.3,98.91,1.57,23.7138,SPECIES
Pseudomonas aeruginosa,287,GCF_030122035.1,3,7347548,7347548,3,6883424,1,3,6883424,1,3,7347548,4803002,65.5,100,Pseudomonas aeruginosa,287,species,v1.2.3,98.83,2.38,21.669,SPECIES
Pseudomonas aeruginosa,287,GCF_031224875.1,2,6909576,6909576,2,6882958,1,2,6882958,1,2,6909576,4563107,66,100,Pseudomonas aeruginosa,287,species,v1.2.4,98.97,0.49,25.486,SPECIES
Pseudomonas aeruginosa,287,GCF_032681185.1,1,6882929,6882929,1,6882929,1,1,6882929,1,1,6882929,4557216,66,37.08,Pseudomonas aeruginosa,287,species,v1.2.3,99.63,0.87,82.3732,SPECIES
Pseudomonas aeruginosa,287,GCF_027570575.1,1,6879940,6879940,1,6879940,1,1,6879940,1,1,6879940,4547724,66,120,Pseudomonas aeruginosa,287,species,v1.2.3,99.35,0.81,49.7333,SPECIES
Pseudomonas aeruginosa,287,GCF_003411785.2,2,7294576,7294576,2,6879622,1,2,6879622,1,2,7294576,4778066,65.5,177,Pseudomonas aeruginosa,287,species,v1.2.3,97.78,1.83,10.1114,SPECIES
Pseudomonas aeruginosa,287,GCF_018279265.1,1,6878937,6878937,1,6878937,1,1,6878937,1,1,6878937,4528320,66,30,Pseudomonas aeruginosa,287,species,v1.2.3,99.27,1.71,41.0147,SPECIES
Pseudomonas aeruginosa,287,GCF_003716765.1,1,6877287,6877287,1,6877287,1,1,6877287,1,1,6877287,4528574,66,70.52,Pseudomonas aeruginosa,287,species,v1.2.3,95.68,1.87,3.77549,SPECIES
Pseudomonas aeruginosa,287,GCF_047801635.1,2,6899903,6899903,2,6877277,1,2,6877277,1,2,6899903,4559577,66,1,Pseudomonas aeruginosa,287,species,v1.2.3,99.15,0.32,32.9659,SPECIES
Pseudomonas aeruginosa,287,GCF_003319235.1,1,6876988,6876988,1,6876988,1,1,6876988,1,1,6876988,4549835,66,91.67,Pseudomonas aeruginosa,287,species,v1.2.4,98.34,0.78,14.367,SPECIES
Pseudomonas aeruginosa,287,GCF_003626935.1,1,6876113,6876113,1,6876113,1,1,6876113,1,1,6876113,4521880,66,75.6,Pseudomonas aeruginosa,287,species,v1.2.4,95.36,2.39,3.40801,SPECIES
Pseudomonas aeruginosa,287,GCF_013393705.1,1,6874270,6874270,1,6874270,1,1,6874270,1,1,6874270,4541327,66,100,Pseudomonas aeruginosa,287,species,v1.2.4,99.5,0.76,63.3831,SPECIES
Pseudomonas aeruginosa,287,GCF_040931635.1,1,6872512,6872512,1,6872512,1,1,6872512,1,1,6872512,4534849,66,1,Pseudomonas aeruginosa,287,species,v1.2.4,99.21,0.98,37.7608,SPECIES
Pseudomonas aeruginosa,287,GCF_024734795.1,1,6871852,6871852,1,6871852,1,1,6871852,1,1,6871852,4525110,66,126,Pseudomonas aeruginosa,287,species,v1.2.3,99.48,1.62,60.5441,SPECIES
Pseudomonas aeruginosa,287,GCF_036232365.1,2,6885825,6885825,2,6871229,1,2,6871229,1,2,6885825,4546854,66,67,Pseudomonas aeruginosa,287,species,v1.2.3,99.47,1.02,59.3706,SPECIES
Pseudomonas aeruginosa,287,GCF_013305645.2,1,6870662,6870662,1,6870662,1,1,6870662,1,1,6870662,4507615,65.5,100,Pseudomonas aeruginosa,287,species,v1.2.3,98.22,1.26,13.0986,SPECIES
Pseudomonas aeruginosa,287,GCF_036233635.1,3,6991023,6991023,3,6870628,1,3,6870628,1,3,6991023,4620580,66,113,Pseudomonas aeruginosa,287,species,v1.2.3,99.43,2.36,56.8516,SPECIES
Pseudomonas aeruginosa,287,GCF_003369735.1,2,6954674,6954674,2,6868832,1,2,6868832,1,2,6954674,4588565,66,119.68,Pseudomonas aeruginosa,287,species,v1.2.4,99.25,0.74,39.6752,SPECIES
Pseudomonas aeruginosa,287,GCF_006704595.2,4,7369623,7369623,4,6868713,1,4,6868713,1,4,7369623,4820388,65.5,160,Pseudomonas aeruginosa,287,species,v1.2.3,97.74,2.27,9.93362,SPECIES
Pseudomonas aeruginosa,287,GCF_024972855.1,1,6868572,6868572,1,6868572,1,1,6868572,1,1,6868572,4531255,66,47,Pseudomonas aeruginosa,287,species,v1.2.3,98.73,1.05,19.5827,SPECIES
Pseudomonas aeruginosa,287,GCF_050237695.1,1,6868282,6868282,1,6868282,1,1,6868282,1,1,6868282,4548990,66,1,Pseudomonas aeruginosa,287,species,v1.2.3,99.01,0.72,27.3886,SPECIES
Pseudomonas aeruginosa,287,GCF_023093975.1,2,6910734,6910734,2,6868005,1,2,6868005,1,2,6910734,4559228,66,150,Pseudomonas aeruginosa,287,species,v1.2.3,99.36,0.78,50.166,SPECIES
Pseudomonas aeruginosa,287,GCF_003060845.1,1,6867314,6867314,1,6867314,1,1,6867314,1,1,6867314,4535376,66,51,Pseudomonas aeruginosa,287,species,v1.2.3,98.97,1.01,25.486,SPECIES
Pseudomonas aeruginosa,287,GCF_001750705.1,1,6866790,6866790,1,6866790,1,1,6866790,1,1,6866790,4543378,66,300,Pseudomonas aeruginosa,287,species,v1.2.3,96.47,0.78,5.19203,SPECIES
Pseudomonas aeruginosa,287,GCF_003812905.1,1,6865838,6865838,1,6865838,1,1,6865838,1,1,6865838,4530824,66,23.34,Pseudomonas aeruginosa,287,species,v1.2.3,99.28,0.91,41.9571,SPECIES
Pseudomonas aeruginosa,287,GCF_035205985.1,2,7388189,7388189,2,6865712,1,2,6865712,1,2,7388189,4819863,65,176,Pseudomonas aeruginosa,287,species,v1.2.3,98.32,2.72,14.1358,SPECIES
Pseudomonas aeruginosa,287,GCF_022637915.1,1,6864839,6864839,1,6864839,1,1,6864839,1,1,6864839,4524435,66,100,Pseudomonas aeruginosa,287,species,v1.2.3,99.39,0.64,52.4123,SPECIES
Pseudomonas aeruginosa,287,GCF_951802375.2,3,7083008,7083008,3,6862412,1,3,6862412,1,3,7083008,4654501,65.5,102,Pseudomonas aeruginosa,287,species,v1.2.4,99.61,1.45,76.1439,SPECIES
Pseudomonas aeruginosa,287,GCF_003194245.1,1,6859232,6859232,1,6859232,1,1,6859232,1,1,6859232,4529860,66,68,Pseudomonas aeruginosa,287,species,v1.2.3,99.25,0.42,39.6752,SPECIES
Pseudomonas aeruginosa,287,GCF_048298505.1,1,6859154,6859154,1,6859154,1,1,6859154,1,1,6859154,4525596,66,1,Pseudomonas aeruginosa,287,species,v1.2.3,95.71,0.64,3.81697,SPECIES
Pseudomonas aeruginosa,287,GCF_036236015.1,2,7136351,7136351,2,6858110,1,2,6858110,1,2,7136351,4697919,66,297,Pseudomonas aeruginosa,287,species,v1.2.3,99.7,1.19,85.147,SPECIES
Pseudomonas aeruginosa,287,GCF_034438375.1,2,7376277,7376277,2,6858055,1,2,6858055,1,2,7376277,4828626,65.5,12,Pseudomonas aeruginosa,287,species,v1.2.3,99.39,3.05,52.4123,SPECIES
Pseudomonas aeruginosa,287,GCF_051257815.1,2,6999881,6999881,2,6857543,1,2,6857543,1,2,6999881,4598506,65.5,1,Pseudomonas aeruginosa,287,species,v1.2.4,97.85,1.6,10.5145,SPECIES
Pseudomonas aeruginosa,287,GCF_016743115.1,1,6857397,6857397,1,6857397,1,1,6857397,1,1,6857397,4507347,65.5,12,Pseudomonas aeruginosa,287,species,v1.2.3,96.92,0.95,6.41892,SPECIES
Pseudomonas aeruginosa,287,GCF_023612335.1,1,6856553,6856553,1,6856553,1,1,6856553,1,1,6856553,4537021,66,180,Pseudomonas aeruginosa,287,species,v1.2.3,99.41,0.82,55.8618,SPECIES
Pseudomonas aeruginosa,287,GCF_030122095.1,2,6970081,6970081,2,6856359,1,2,6856359,1,2,6970081,4590596,66,100,Pseudomonas aeruginosa,287,species,v1.2.3,99.75,1.22,88.6617,SPECIES
Pseudomonas aeruginosa,287,GCF_029856995.1,2,7272480,7272480,2,6855868,1,2,6855868,1,2,7272480,4767532,65.5,100,Pseudomonas aeruginosa,287,species,v1.2.4,99.68,1.79,84.418,SPECIES
Pseudomonas aeruginosa,287,GCF_022533445.1,2,6901225,6901225,2,6855099,1,2,6855099,1,2,6901225,4550643,66,4.8,Pseudomonas aeruginosa,287,species,v1.2.4,99.37,0.77,51.0965,SPECIES
Pseudomonas aeruginosa,287,GCF_003073615.1,1,6853499,6853499,1,6853499,1,1,6853499,1,1,6853499,4526927,66,15.07,Pseudomonas aeruginosa,287,species,v1.2.3,99.61,0.72,76.1439,SPECIES
Pseudomonas aeruginosa,287,GCF_030122155.1,1,6852346,6852346,1,6852346,1,1,6852346,1,1,6852346,4516069,66,100,Pseudomonas aeruginosa,287,species,v1.2.3,99.39,0.92,52.4123,SPECIES
Pseudomonas aeruginosa,287,GCF_030121915.1,3,6941060,6941060,3,6850748,1,3,6850748,1,3,6941060,4574044,66,100,Pseudomonas aeruginosa,287,species,v1.2.3,99.75,1.02,88.6617,SPECIES
Pseudomonas aeruginosa,287,GCF_030121875.1,3,6925568,6925568,3,6850509,1,3,6850509,1,3,6925568,4564955,66,100,Pseudomonas aeruginosa,287,species,v1.2.3,99.75,1.02,88.6617,SPECIES
Pseudomonas aeruginosa,287,GCF_030122015.1,4,7117478,7117478,4,6850102,1,4,6850102,1,4,7117478,4678033,65.5,100,Pseudomonas aeruginosa,287,species,v1.2.3,99.75,1.15,88.6617,SPECIES
Pseudomonas aeruginosa,287,GCF_016925475.1,3,6850198,6850198,3,6847382,1,3,6847382,1,3,6850198,4508654,66,89,Pseudomonas aeruginosa,287,species,v1.2.3,99.27,1.95,41.0147,SPECIES
Pseudomonas aeruginosa,287,GCF_050240275.1,1,6846166,6846166,1,6846166,1,1,6846166,1,1,6846166,4524635,66,1,Pseudomonas aeruginosa,287,species,v1.2.3,98.79,0.78,20.9459,SPECIES
Pseudomonas aeruginosa,287,GCF_051015935.1,1,6846060,6846060,1,6846060,1,1,6846060,1,1,6846060,4525633,66,1,Pseudomonas aeruginosa,287,species,v1.2.3,98.59,1.05,17.2179,SPECIES
Pseudomonas aeruginosa,287,GCF_052171915.1,2,7240521,7240521,2,6845534,1,2,6845534,1,2,7240521,4750296,65.5,174,Pseudomonas aeruginosa,287,species,v1.2.4,99.77,1.61,91.0028,SPECIES
Pseudomonas aeruginosa,287,GCF_036232185.1,1,6844990,6844990,1,6844990,1,1,6844990,1,1,6844990,4529174,66,74,Pseudomonas aeruginosa,287,species,v1.2.3,99.64,0.57,82.6932,SPECIES
Pseudomonas aeruginosa,287,GCF_036232345.1,2,6983747,6983747,2,6844819,1,2,6844819,1,2,6983747,4601741,66,83,Pseudomonas aeruginosa,287,species,v1.2.3,98.97,1.15,25.486,SPECIES
Pseudomonas aeruginosa,287,GCF_027571115.1,1,6844349,6844349,1,6844349,1,1,6844349,1,1,6844349,4519031,66,120,Pseudomonas aeruginosa,287,species,v1.2.3,99.48,1.2,60.5441,SPECIES
Pseudomonas aeruginosa,287,GCF_033217895.1,3,6857498,6857498,3,6844033,1,3,6844033,1,3,6857498,4530792,66,332.3,Pseudomonas aeruginosa,287,species,v1.2.3,99.75,1,88.6617,SPECIES
Pseudomonas aeruginosa,287,GCF_021497305.1,1,6843992,6843992,1,6843992,1,1,6843992,1,1,6843992,4513758,66,100,Pseudomonas aeruginosa,287,species,v1.2.3,99.39,0.49,52.4123,SPECIES
Pseudomonas aeruginosa,287,GCF_027571135.1,1,6843186,6843186,1,6843186,1,1,6843186,1,1,6843186,4518350,66,120,Pseudomonas aeruginosa,287,species,v1.2.3,99.48,1.2,60.5441,SPECIES
Pseudomonas aeruginosa,287,GCF_016126955.1,1,6842475,6842475,1,6842475,1,1,6842475,1,1,6842475,4522230,66,590.22,Pseudomonas aeruginosa,287,species,v1.2.3,99.51,0.7,64.527,SPECIES
Pseudomonas aeruginosa,287,GCF_046605365.1,1,6841660,6841660,1,6841660,1,1,6841660,1,1,6841660,4513458,66,1,Pseudomonas aeruginosa,287,species,v1.2.3,99.55,0.94,70.9815,SPECIES
Pseudomonas aeruginosa,287,GCF_036232425.1,3,7362958,7362958,3,6841445,1,3,6841445,1,3,7362958,4812026,65.5,84,Pseudomonas aeruginosa,287,species,v1.2.3,98.91,2.45,23.7138,SPECIES
Pseudomonas aeruginosa,287,GCF_900636755.1,1,6839985,6839985,1,6839985,1,1,6839985,1,1,6839985,4520722,66,100,Pseudomonas aeruginosa,287,species,v1.2.3,99.4,0.7,55.0913,SPECIES
Pseudomonas aeruginosa,287,GCF_024507955.1,1,6839761,6839761,1,6839761,1,1,6839761,1,1,6839761,4520598,66,201.17,Pseudomonas aeruginosa,287,species,v1.2.4,99.51,0.7,64.527,SPECIES
Pseudomonas aeruginosa,287,GCF_050244385.1,1,6838952,6838952,1,6838952,1,1,6838952,1,1,6838952,4520842,66,1,Pseudomonas aeruginosa,287,species,v1.2.3,98.02,0.76,11.7176,SPECIES
Pseudomonas aeruginosa,287,GCF_049913025.1,1,6838447,6838447,1,6838447,1,1,6838447,1,1,6838447,4521694,66,1,Pseudomonas aeruginosa,287,species,v1.2.3,96.05,0.79,4.29113,SPECIES
Pseudomonas aeruginosa,287,GCF_046531855.1,1,6837681,6837681,1,6837681,1,1,6837681,1,1,6837681,4513449,66,1,Pseudomonas aeruginosa,287,species,v1.2.3,97.27,1.14,7.71693,SPECIES
Pseudomonas aeruginosa,287,GCF_041344955.1,2,7185270,7185270,2,6837532,1,2,6837532,1,2,7185270,4713990,65.5,1,Pseudomonas aeruginosa,287,species,v1.2.4,99.51,1.98,64.527,SPECIES
Pseudomonas aeruginosa,287,GCF_021497385.1,1,6837408,6837408,1,6837408,1,1,6837408,1,1,6837408,4505716,66,100,Pseudomonas aeruginosa,287,species,v1.2.3,95.95,0.7,4.1311,SPECIES
Pseudomonas aeruginosa,287,GCF_001516345.1,1,6836415,6836415,1,6836415,1,1,6836415,1,1,6836415,4516875,66,87.35,Pseudomonas aeruginosa,287,species,v1.2.3,99.23,1.36,38.6854,SPECIES
Pseudomonas aeruginosa,287,GCF_009664165.1,1,6835731,6835731,1,6835731,1,1,6835731,1,1,6835731,4518028,66,40,Pseudomonas aeruginosa,287,species,v1.2.3,99.64,1,82.6932,SPECIES
Pseudomonas aeruginosa,287,GCF_041344965.1,2,7282933,7282933,2,6834796,1,2,6834796,1,2,7282933,4770209,65.5,1,Pseudomonas aeruginosa,287,species,v1.2.4,99.51,1.98,64.527,SPECIES
Pseudomonas aeruginosa,287,GCF_000763245.3,1,6834257,6834257,1,6834257,1,1,6834257,1,1,6834257,4516337,66,78,Pseudomonas aeruginosa,287,species,v1.2.3,98.97,0.82,25.486,SPECIES
Pseudomonas aeruginosa,287,GCF_036232125.1,2,7063814,7063814,2,6834203,1,2,6834203,1,2,7063814,4643976,65.5,93,Pseudomonas aeruginosa,287,species,v1.2.3,98.56,1.58,16.803,SPECIES
Pseudomonas aeruginosa,287,GCF_051257825.1,3,6883718,6883718,3,6833238,1,3,6833238,1,3,6883718,4545724,66,1,Pseudomonas aeruginosa,287,species,v1.2.4,99.42,1.29,56.3715,SPECIES
Pseudomonas aeruginosa,287,GCF_001687285.1,1,6833187,6833187,1,6833187,1,1,6833187,1,1,6833187,4517843,66,158,Pseudomonas aeruginosa,287,species,v1.2.3,99.37,0.92,51.0965,SPECIES
Pseudomonas aeruginosa,287,GCF_027570475.1,1,6832860,6832860,1,6832860,1,1,6832860,1,1,6832860,4511289,66,120,Pseudomonas aeruginosa,287,species,v1.2.3,99.4,1.74,55.0913,SPECIES
Pseudomonas aeruginosa,287,GCF_013347245.1,1,6832395,6832395,1,6832395,1,1,6832395,1,1,6832395,4518657,66,6.8324e+06,Pseudomonas aeruginosa,287,species,v1.2.4,99.61,0.75,76.1439,SPECIES
Pseudomonas aeruginosa,287,GCF_028743595.1,2,6846579,6846579,2,6832199,1,2,6832199,1,2,6846579,4527545,66,1,Pseudomonas aeruginosa,287,species,v1.2.3,99.58,0.37,73.8265,SPECIES
Pseudomonas aeruginosa,287,GCF_022649245.1,2,6879320,6879320,2,6831875,1,2,6831875,1,2,6879320,4552112,66,100,Pseudomonas aeruginosa,287,species,v1.2.3,99.54,0.8,67.6031,SPECIES
Pseudomonas aeruginosa,287,GCF_902703195.1,1,6831274,6831274,1,6831274,1,1,6831274,1,1,6831274,4517089,66,100,Pseudomonas aeruginosa,287,species,v1.2.3,99.32,0.56,45.6852,SPECIES
Pseudomonas aeruginosa,287,GCF_003369775.1,1,6831076,6831076,1,6831076,1,1,6831076,1,1,6831076,4518975,66,131.23,Pseudomonas aeruginosa,287,species,v1.2.3,99.34,1.5,48.9509,SPECIES
Pseudomonas aeruginosa,287,GCF_026625905.1,1,6830555,6830555,1,6830555,1,1,6830555,1,1,6830555,4512601,66,100,Pseudomonas aeruginosa,287,species,v1.2.3,97.88,1.09,10.7515,SPECIES
Pseudomonas aeruginosa,287,GCF_026636195.1,1,6830406,6830406,1,6830406,1,1,6830406,1,1,6830406,4512507,66,100,Pseudomonas aeruginosa,287,species,v1.2.3,97.78,1.09,10.1114,SPECIES
Pseudomonas aeruginosa,287,GCF_035197965.1,1,6830322,6830322,1,6830322,1,1,6830322,1,1,6830322,4518307,66,100,Pseudomonas aeruginosa,287,species,v1.2.4,99.57,0.57,73.2871,SPECIES
Pseudomonas aeruginosa,287,GCF_044336405.1,1,6829274,6829274,1,6829274,1,1,6829274,1,1,6829274,4522634,66,1,Pseudomonas aeruginosa,287,species,v1.2.3,99,0.78,26.9618,SPECIES
Pseudomonas aeruginosa,287,GCF_050177355.1,2,7150642,7150642,2,6828862,1,2,6828862,1,2,7150642,4701678,66,1,Pseudomonas aeruginosa,287,species,v1.2.3,98.6,1.79,17.3601,SPECIES
Pseudomonas aeruginosa,287,GCF_036232685.1,2,7028030,7028030,2,6828218,1,2,6828218,1,2,7028030,4630874,66,80,Pseudomonas aeruginosa,287,species,v1.2.3,98.86,1.58,22.4988,SPECIES
Pseudomonas aeruginosa,287,GCF_001618925.1,1,6827737,6827737,1,6827737,1,1,6827737,1,1,6827737,4513685,66,95,Pseudomonas aeruginosa,287,species,v1.2.3,99.51,0.7,64.527,SPECIES
Pseudomonas aeruginosa,287,GCA_053233885.1,2,6866044,6866044,2,6827499,1,2,6827499,1,2,6866044,4522636,66,835,NA,NA,NA,NA,NA,NA,NA,SPECIES
Pseudomonas aeruginosa,287,GCF_004010895.1,1,6824837,6824837,1,6824837,1,1,6824837,1,1,6824837,4502605,66,116.78,Pseudomonas aeruginosa,287,species,v1.2.3,99.32,1.13,45.6852,SPECIES
Pseudomonas aeruginosa,287,GCF_027359235.1,2,7256240,7256240,2,6823837,1,2,6823837,1,2,7256240,4741915,65.5,106.65,Pseudomonas aeruginosa,287,species,v1.2.3,99.48,1.71,60.5441,SPECIES
Pseudomonas aeruginosa,287,GCF_021166355.2,1,6823540,6823540,1,6823540,1,1,6823540,1,1,6823540,4507195,66,155,Pseudomonas aeruginosa,287,species,v1.2.3,97.09,0.85,6.98198,SPECIES
Pseudomonas aeruginosa,287,GCF_035197065.1,1,6822858,6822858,1,6822858,1,1,6822858,1,1,6822858,4516161,66,100,Pseudomonas aeruginosa,287,species,v1.2.4,99.26,0.56,40.5168,SPECIES
Pseudomonas aeruginosa,287,GCF_002997005.1,1,6822666,6822666,1,6822666,1,1,6822666,1,1,6822666,4510302,66,80,Pseudomonas aeruginosa,287,species,v1.2.3,99.45,1.41,58.2622,SPECIES
Pseudomonas aeruginosa,287,GCF_036232225.1,1,6821696,6821696,1,6821696,1,1,6821696,1,1,6821696,4504838,66,53,Pseudomonas aeruginosa,287,species,v1.2.3,99.61,0.54,76.1439,SPECIES
Pseudomonas aeruginosa,287,GCF_004291075.1,1,6819140,6819140,1,6819140,1,1,6819140,1,1,6819140,4506571,66,280,Pseudomonas aeruginosa,287,species,v1.2.3,99.47,0.56,59.3706,SPECIES
Pseudomonas aeruginosa,287,GCF_052695665.1,2,6960915,6960915,2,6819014,1,2,6819014,1,2,6960915,4579996,66,1,Pseudomonas aeruginosa,287,species,v1.2.4,99.09,1.18,30.435,SPECIES
Pseudomonas aeruginosa,287,GCF_036418295.1,1,6818848,6818848,1,6818848,1,1,6818848,1,1,6818848,4504834,66,18,Pseudomonas aeruginosa,287,species,v1.2.3,98.22,1.18,13.0986,SPECIES
Pseudomonas aeruginosa,287,GCF_027571345.1,2,6995283,6995283,2,6817909,1,2,6817909,1,2,6995283,4617609,66,120,Pseudomonas aeruginosa,287,species,v1.2.3,99.47,0.9,59.3706,SPECIES
Pseudomonas aeruginosa,287,GCF_046529415.1,2,6865364,6865364,2,6817173,1,2,6817173,1,2,6865364,4530772,66,1,Pseudomonas aeruginosa,287,species,v1.2.3,99.54,1.17,67.6031,SPECIES
Pseudomonas aeruginosa,287,GCF_002215345.1,2,7214314,7214314,2,6816227,1,2,6816227,1,2,7214314,4739950,65.5,134,Pseudomonas aeruginosa,287,species,v1.2.3,99.43,1.53,56.8516,SPECIES
Pseudomonas aeruginosa,287,GCF_030122055.1,3,6906526,6906526,3,6815534,1,3,6815534,1,3,6906526,4538966,65.5,100,Pseudomonas aeruginosa,287,species,v1.2.3,98.26,1.02,13.4602,SPECIES
Pseudomonas aeruginosa,287,GCF_052698675.1,2,6874902,6874902,2,6814106,1,2,6814106,1,2,6874902,4548108,66,1,Pseudomonas aeruginosa,287,species,v1.2.4,99.63,0.57,82.3732,SPECIES
Pseudomonas aeruginosa,287,GCF_052698235.1,2,6874857,6874857,2,6814061,1,2,6814061,1,2,6874857,4548069,66,1,Pseudomonas aeruginosa,287,species,v1.2.4,99.63,0.57,82.3732,SPECIES
Pseudomonas aeruginosa,287,GCF_008705235.1,1,6813135,6813135,1,6813135,1,1,6813135,1,1,6813135,4510991,66,1000,Pseudomonas aeruginosa,287,species,v1.2.3,99.39,1.56,52.4123,SPECIES
Pseudomonas aeruginosa,287,GCF_052698625.1,1,6812784,6812784,1,6812784,1,1,6812784,1,1,6812784,4508667,66,1,Pseudomonas aeruginosa,287,species,v1.2.4,99.64,0.57,82.6932,SPECIES
Pseudomonas aeruginosa,287,GCA_053146995.1,3,6856940,6856940,3,6812776,1,3,6812776,1,3,6856940,4512275,66,200,NA,NA,NA,NA,NA,NA,NA,SPECIES
Pseudomonas aeruginosa,287,GCF_023066865.1,3,7335227,7335227,3,6812555,1,3,6812555,1,3,7335227,4791176,65.5,100,Pseudomonas aeruginosa,287,species,v1.2.3,99.39,2.28,52.4123,SPECIES
Pseudomonas aeruginosa,287,GCF_036232785.1,2,6942058,6942058,2,6812006,1,2,6812006,1,2,6942058,4583748,66,51,Pseudomonas aeruginosa,287,species,v1.2.3,99.38,0.85,51.784,SPECIES
Pseudomonas aeruginosa,287,GCF_036233315.1,1,6811095,6811095,1,6811095,1,1,6811095,1,1,6811095,4507494,66,60,Pseudomonas aeruginosa,287,species,v1.2.3,99.53,0.57,66.9156,SPECIES
Pseudomonas aeruginosa,287,GCF_003332705.2,1,6810079,6810079,1,6810079,1,1,6810079,1,1,6810079,4499596,66,53,Pseudomonas aeruginosa,287,species,v1.2.3,99.61,0.99,76.1439,SPECIES
Pseudomonas aeruginosa,287,GCF_007559065.1,1,6809062,6809062,1,6809062,1,1,6809062,1,1,6809062,4504036,66,100,Pseudomonas aeruginosa,287,species,v1.2.3,99.11,0.93,31.0514,SPECIES
Pseudomonas aeruginosa,287,GCF_001516165.2,1,6808844,6808844,1,6808844,1,1,6808844,1,1,6808844,4488628,66,75,Pseudomonas aeruginosa,287,species,v1.2.3,97.75,1.33,9.97511,SPECIES
Pseudomonas aeruginosa,287,GCF_027571075.1,1,6807710,6807710,1,6807710,1,1,6807710,1,1,6807710,4503273,66,120,Pseudomonas aeruginosa,287,species,v1.2.3,99.18,1.05,34.5009,SPECIES
Pseudomonas aeruginosa,287,GCF_037482125.1,1,6805602,6805602,1,6805602,1,1,6805602,1,1,6805602,4491001,66,1,Pseudomonas aeruginosa,287,species,v1.2.3,99.71,0.54,86.1072,SPECIES
Pseudomonas aeruginosa,287,GCF_036232585.1,1,6805381,6805381,1,6805381,1,1,6805381,1,1,6805381,4498622,66,89,Pseudomonas aeruginosa,287,species,v1.2.3,99.31,0.72,45.1162,SPECIES
Pseudomonas aeruginosa,287,GCF_036232605.1,1,6805380,6805380,1,6805380,1,1,6805380,1,1,6805380,4498619,66,100,Pseudomonas aeruginosa,287,species,v1.2.3,99.28,0.72,41.9571,SPECIES
Pseudomonas aeruginosa,287,GCF_013343335.1,1,6805219,6805219,1,6805219,1,1,6805219,1,1,6805219,4506034,66,100,Pseudomonas aeruginosa,287,species,v1.2.4,99.48,0.99,60.5441,SPECIES
Pseudomonas aeruginosa,287,GCF_019857265.1,2,6833662,6833662,2,6804022,1,2,6804022,1,2,6833662,4498194,66,203.7,Pseudomonas aeruginosa,287,species,v1.2.3,97.74,1.31,9.93362,SPECIES
Pseudomonas aeruginosa,287,GCF_039622885.1,1,6802378,6802378,1,6802378,1,1,6802378,1,1,6802378,4490058,66,1,Pseudomonas aeruginosa,287,species,v1.2.3,99.55,1,70.9815,SPECIES
Pseudomonas aeruginosa,287,GCF_032761935.1,1,6802202,6802202,1,6802202,1,1,6802202,1,1,6802202,4498694,66,100,Pseudomonas aeruginosa,287,species,v1.2.3,97.84,0.54,10.473,SPECIES
Pseudomonas aeruginosa,287,GCF_003204335.1,1,6799785,6799785,1,6799785,1,1,6799785,1,1,6799785,4488789,66,119,Pseudomonas aeruginosa,287,species,v1.2.3,97.62,0.94,9.2698,SPECIES
Pseudomonas aeruginosa,287,GCF_041514425.1,1,6799704,6799704,1,6799704,1,1,6799704,1,1,6799704,4489306,66,1,Pseudomonas aeruginosa,287,species,v1.2.4,99.82,0.57,94.4109,SPECIES
Pseudomonas aeruginosa,287,GCF_011466835.1,2,7266549,7266549,2,6797918,1,2,6797918,1,2,7266549,4763466,65.5,140,Pseudomonas aeruginosa,287,species,v1.2.3,99.39,2.05,52.4123,SPECIES
Pseudomonas aeruginosa,287,GCF_033229485.1,2,6859397,6859397,2,6796834,1,2,6796834,1,2,6859397,4526745,66,51.1,Pseudomonas aeruginosa,287,species,v1.2.3,99.16,1.04,33.4578,SPECIES
Pseudomonas aeruginosa,287,GCF_049912845.1,1,6796616,6796616,1,6796616,1,1,6796616,1,1,6796616,4500207,66,1,Pseudomonas aeruginosa,287,species,v1.2.3,97.53,0.56,8.76008,SPECIES
Pseudomonas aeruginosa,287,GCF_051131675.1,2,7177489,7177489,2,6796548,1,2,6796548,1,2,7177489,4709976,65.5,1,Pseudomonas aeruginosa,287,species,v1.2.3,99.61,2.61,76.1439,SPECIES
Pseudomonas aeruginosa,287,GCF_001515915.2,1,6795741,6795741,1,6795741,1,1,6795741,1,1,6795741,4495249,66,79.71,Pseudomonas aeruginosa,287,species,v1.2.3,98.59,0.78,17.2179,SPECIES
Pseudomonas aeruginosa,287,GCF_039622815.1,1,6795494,6795494,1,6795494,1,1,6795494,1,1,6795494,4494813,66,1,Pseudomonas aeruginosa,287,species,v1.2.3,99.29,1.23,43.504,SPECIES
Pseudomonas aeruginosa,287,GCF_001542835.1,1,6794354,6794354,1,6794354,1,1,6794354,1,1,6794354,4494215,66,29.84,Pseudomonas aeruginosa,287,species,v1.2.3,95.96,0.75,4.13703,SPECIES
Pseudomonas aeruginosa,287,GCF_006364795.1,1,6792215,6792215,1,6792215,1,1,6792215,1,1,6792215,4494584,66,532.29,Pseudomonas aeruginosa,287,species,v1.2.3,99.58,0.37,73.8265,SPECIES
Pseudomonas aeruginosa,287,GCF_019434075.1,1,6792133,6792133,1,6792133,1,1,6792133,1,1,6792133,4494408,66,87,Pseudomonas aeruginosa,287,species,v1.2.3,98.57,1.5,16.963,SPECIES
Pseudomonas aeruginosa,287,GCF_001516185.2,1,6791731,6791731,1,6791731,1,1,6791731,1,1,6791731,4493994,66,82.86,Pseudomonas aeruginosa,287,species,v1.2.3,99.28,1.03,41.9571,SPECIES
Pseudomonas aeruginosa,287,GCF_032231085.1,1,6790832,6790832,1,6790832,1,1,6790832,1,1,6790832,4483628,66,157,Pseudomonas aeruginosa,287,species,v1.2.3,97.96,0.96,11.3383,SPECIES
Pseudomonas aeruginosa,287,GCF_051016055.1,2,6918464,6918464,2,6789470,1,2,6789470,1,2,6918464,4551021,66,1,Pseudomonas aeruginosa,287,species,v1.2.3,98.84,2.31,21.9832,SPECIES
Pseudomonas aeruginosa,287,GCF_036233095.1,1,6789046,6789046,1,6789046,1,1,6789046,1,1,6789046,4477682,66,87,Pseudomonas aeruginosa,287,species,v1.2.3,99.36,0.72,50.166,SPECIES
Pseudomonas aeruginosa,287,GCF_049912935.1,1,6786654,6786654,1,6786654,1,1,6786654,1,1,6786654,4493985,66,1,Pseudomonas aeruginosa,287,species,v1.2.3,99.1,0.56,30.6899,SPECIES
Pseudomonas aeruginosa,287,GCA_053233905.1,2,6824040,6824040,2,6785495,1,2,6785495,1,2,6824040,4495835,66,802,NA,NA,NA,NA,NA,NA,NA,SPECIES
Pseudomonas aeruginosa,287,GCF_051016015.1,1,6785458,6785458,1,6785458,1,1,6785458,1,1,6785458,4485928,66,1,Pseudomonas aeruginosa,287,species,v1.2.3,99.52,1.13,66.1214,SPECIES
Pseudomonas aeruginosa,287,GCF_036233135.1,1,6784064,6784064,1,6784064,1,1,6784064,1,1,6784064,4485536,66,148,Pseudomonas aeruginosa,287,species,v1.2.3,99.25,0.86,39.6752,SPECIES
Pseudomonas aeruginosa,287,GCF_027571095.1,1,6783004,6783004,1,6783004,1,1,6783004,1,1,6783004,4475138,66,120,Pseudomonas aeruginosa,287,species,v1.2.3,98.97,0.98,25.486,SPECIES
Pseudomonas aeruginosa,287,GCF_009720405.1,2,7204903,7204903,2,6782092,1,2,6782092,1,2,7204903,4722388,65.5,127,Pseudomonas aeruginosa,287,species,v1.2.3,99.67,1.69,84.1038,SPECIES
Pseudomonas aeruginosa,287,GCF_050858815.1,1,6780815,6780815,1,6780815,1,1,6780815,1,1,6780815,4492665,66.5,1,Pseudomonas aeruginosa,287,species,v1.2.3,99.49,0.54,62.0495,SPECIES
Pseudomonas aeruginosa,287,GCF_027571055.1,1,6780197,6780197,1,6780197,1,1,6780197,1,1,6780197,4482093,66,120,Pseudomonas aeruginosa,287,species,v1.2.3,99.72,0.99,87.3281,SPECIES
Pseudomonas aeruginosa,287,GCF_001516205.2,1,6777566,6777566,1,6777566,1,1,6777566,1,1,6777566,4489387,66,79.21,Pseudomonas aeruginosa,287,species,v1.2.3,99.29,0.86,43.504,SPECIES
Pseudomonas aeruginosa,287,GCF_028622895.1,1,6777049,6777049,1,6777049,1,1,6777049,1,1,6777049,4476250,66,42,Pseudomonas aeruginosa,287,species,v1.2.3,97.78,1,10.1114,SPECIES
Pseudomonas aeruginosa,287,GCF_027571365.1,2,6951781,6951781,2,6774407,1,2,6774407,1,2,6951781,4589798,66,120,Pseudomonas aeruginosa,287,species,v1.2.3,99.47,0.9,59.3706,SPECIES
Pseudomonas aeruginosa,287,GCF_031326305.1,2,6953545,6953545,2,6773937,1,2,6773937,1,2,6953545,4584091,66,12,Pseudomonas aeruginosa,287,species,v1.2.3,99.04,2.36,28.2658,SPECIES
Pseudomonas aeruginosa,287,GCF_036233295.1,1,6771733,6771733,1,6771733,1,1,6771733,1,1,6771733,4478411,66,79,Pseudomonas aeruginosa,287,species,v1.2.3,99.35,0.31,49.7333,SPECIES
Pseudomonas aeruginosa,287,GCA_052922665.1,1,6771336,6771336,1,6771336,1,1,6771336,1,1,6771336,4477429,66,150,NA,NA,NA,NA,NA,NA,NA,SPECIES
Pseudomonas aeruginosa,287,GCF_013376775.1,1,6770626,6770626,1,6770626,1,1,6770626,1,1,6770626,4475853,66,6.77063e+06,Pseudomonas aeruginosa,287,species,v1.2.4,99.61,0.29,76.1439,SPECIES
Pseudomonas aeruginosa,287,GCF_050242315.1,1,6769605,6769605,1,6769605,1,1,6769605,1,1,6769605,4476627,66,1,Pseudomonas aeruginosa,287,species,v1.2.3,99.28,0.7,41.9571,SPECIES
Pseudomonas aeruginosa,287,GCF_030489645.1,1,6767841,6767841,1,6767841,1,1,6767841,1,1,6767841,4457436,66,200,Pseudomonas aeruginosa,287,species,v1.2.4,96.44,0.88,5.10906,SPECIES
Pseudomonas aeruginosa,287,GCF_036233695.1,2,7050345,7050345,2,6767776,1,2,6767776,1,2,7050345,4637708,66,93,Pseudomonas aeruginosa,287,species,v1.2.3,99.16,1.45,33.4578,SPECIES
Pseudomonas aeruginosa,287,GCF_900636735.1,1,6766292,6766292,1,6766292,1,1,6766292,1,1,6766292,4470057,66,100,Pseudomonas aeruginosa,287,species,v1.2.3,99.24,0.55,39.3789,SPECIES
Pseudomonas aeruginosa,287,GCF_036233615.1,2,6941247,6941247,2,6765435,1,2,6765435,1,2,6941247,4581101,66,69,Pseudomonas aeruginosa,287,species,v1.2.3,99.81,1.32,93.913,SPECIES
Pseudomonas aeruginosa,287,GCF_900636975.1,1,6765311,6765311,1,6765311,1,1,6765311,1,1,6765311,4473236,66,100,Pseudomonas aeruginosa,287,species,v1.2.3,99.75,1.03,88.6617,SPECIES
Pseudomonas aeruginosa,287,GCF_032231105.1,2,6778234,6778234,2,6764435,1,2,6764435,1,2,6778234,4470390,66,117,Pseudomonas aeruginosa,287,species,v1.2.3,99.29,1.9,43.504,SPECIES
Pseudomonas aeruginosa,287,GCF_021497345.2,2,6789811,6789811,2,6763191,1,2,6763191,1,2,6789811,4490372,66,100,Pseudomonas aeruginosa,287,species,v1.2.3,98.84,0.53,21.9832,SPECIES
Pseudomonas aeruginosa,287,GCF_052695755.1,1,6762369,6762369,1,6762369,1,1,6762369,1,1,6762369,4470782,66,1,Pseudomonas aeruginosa,287,species,v1.2.4,99.15,0.7,32.9659,SPECIES
Pseudomonas aeruginosa,287,GCF_050242335.1,1,6761624,6761624,1,6761624,1,1,6761624,1,1,6761624,4479830,66.5,1,Pseudomonas aeruginosa,287,species,v1.2.3,98.91,0.78,23.7138,SPECIES
Pseudomonas aeruginosa,287,GCF_019720855.1,4,7335486,7335486,4,6761122,1,4,6761122,1,4,7335486,4800578,65.5,100,Pseudomonas aeruginosa,287,species,v1.2.3,99.71,2.29,86.1072,SPECIES
Pseudomonas aeruginosa,287,GCF_050242295.1,1,6759240,6759240,1,6759240,1,1,6759240,1,1,6759240,4471092,66,1,Pseudomonas aeruginosa,287,species,v1.2.3,98.24,0.73,13.312,SPECIES
Pseudomonas aeruginosa,287,GCF_025398095.1,2,7184487,7184487,2,6757988,1,2,6757988,1,2,7184487,4699635,65.5,153,Pseudomonas aeruginosa,287,species,v1.2.3,99.82,1.59,94.4109,SPECIES
Pseudomonas aeruginosa,287,GCF_046529515.1,1,6757931,6757931,1,6757931,1,1,6757931,1,1,6757931,4472125,66,1,Pseudomonas aeruginosa,287,species,v1.2.3,99.46,0.28,58.8786,SPECIES
Pseudomonas aeruginosa,287,GCF_031221745.1,1,6757553,6757553,1,6757553,1,1,6757553,1,1,6757553,4461392,66,100,Pseudomonas aeruginosa,287,species,v1.2.4,99.07,0.28,29.4097,SPECIES
Pseudomonas aeruginosa,287,GCF_041344975.1,2,7201483,7201483,2,6757069,1,2,6757069,1,2,7201483,4717160,65.5,1,Pseudomonas aeruginosa,287,species,v1.2.4,99.75,1.67,88.6617,SPECIES
Pseudomonas aeruginosa,287,GCF_031211485.1,1,6756543,6756543,1,6756543,1,1,6756543,1,1,6756543,4470440,66,100,Pseudomonas aeruginosa,287,species,v1.2.4,98.96,0.52,25.3023,SPECIES
Pseudomonas aeruginosa,287,GCF_007833895.1,2,6796334,6796334,2,6756154,1,2,6756154,1,2,6796334,4491979,66,250,Pseudomonas aeruginosa,287,species,v1.2.3,99.15,0.46,32.9659,SPECIES
Pseudomonas aeruginosa,287,GCF_036233415.1,2,6804329,6804329,2,6756145,1,2,6756145,1,2,6804329,4502860,66,83,Pseudomonas aeruginosa,287,species,v1.2.3,99.38,0.85,51.784,SPECIES
Pseudomonas aeruginosa,287,GCF_026870135.1,1,6755766,6755766,1,6755766,1,1,6755766,1,1,6755766,4474331,66,87.6,Pseudomonas aeruginosa,287,species,v1.2.3,97.23,0.54,7.48578,SPECIES
Pseudomonas aeruginosa,287,GCF_016925455.1,4,6850181,6850181,4,6754571,1,4,6754571,1,4,6850181,4508635,66,84,Pseudomonas aeruginosa,287,species,v1.2.3,99.27,1.95,41.0147,SPECIES
Pseudomonas aeruginosa,287,GCA_053096205.1,1,6754410,6754410,1,6754410,1,1,6754410,1,1,6754410,4473527,66,253,NA,NA,NA,NA,NA,NA,NA,SPECIES
Pseudomonas aeruginosa,287,GCF_002812905.2,1,6752906,6752906,1,6752906,1,1,6752906,1,1,6752906,4470752,66,100,Pseudomonas aeruginosa,287,species,v1.2.3,99.03,1.06,28.0346,SPECIES
Pseudomonas aeruginosa,287,GCF_002812925.2,1,6752906,6752906,1,6752906,1,1,6752906,1,1,6752906,4470753,66,100,Pseudomonas aeruginosa,287,species,v1.2.3,99.03,1.06,28.0346,SPECIES
Pseudomonas aeruginosa,287,GCF_019857565.1,2,6808768,6808768,2,6749966,1,2,6749966,1,2,6808768,4476717,65.5,53,Pseudomonas aeruginosa,287,species,v1.2.3,96.59,1.35,5.44097,SPECIES
Pseudomonas aeruginosa,287,GCF_027570815.1,1,6748803,6748803,1,6748803,1,1,6748803,1,1,6748803,4463149,66,120,Pseudomonas aeruginosa,287,species,v1.2.3,99.81,0.56,93.913,SPECIES
Pseudomonas aeruginosa,287,GCF_014217315.1,1,6747067,6747067,1,6747067,1,1,6747067,1,1,6747067,4455073,66,147,Pseudomonas aeruginosa,287,species,v1.2.3,99.75,0.74,88.6617,SPECIES
Pseudomonas aeruginosa,287,GCF_002968585.1,1,6747010,6747010,1,6747010,1,1,6747010,1,1,6747010,4459586,66,13.92,Pseudomonas aeruginosa,287,species,v1.2.3,98.91,0.69,23.7138,SPECIES
Pseudomonas aeruginosa,287,GCF_036233555.1,1,6744622,6744622,1,6744622,1,1,6744622,1,1,6744622,4454257,66,114,Pseudomonas aeruginosa,287,species,v1.2.3,99.55,0.86,70.9815,SPECIES
Pseudomonas aeruginosa,287,GCF_030121895.1,2,6802141,6802141,2,6743125,1,2,6743125,1,2,6802141,4477731,66,100,Pseudomonas aeruginosa,287,species,v1.2.3,98.26,0.96,13.4602,SPECIES
Pseudomonas aeruginosa,287,GCF_018141625.1,1,6742928,6742928,1,6742928,1,1,6742928,1,1,6742928,4464109,66,105,Pseudomonas aeruginosa,287,species,v1.2.3,99.61,0.78,76.1439,SPECIES
Pseudomonas aeruginosa,287,GCF_036232205.1,1,6741345,6741345,1,6741345,1,1,6741345,1,1,6741345,4453703,66,59,Pseudomonas aeruginosa,287,species,v1.2.3,98.84,1.53,21.9832,SPECIES
Pseudomonas aeruginosa,287,GCF_030121955.1,1,6740322,6740322,1,6740322,1,1,6740322,1,1,6740322,4434202,66,100,Pseudomonas aeruginosa,287,species,v1.2.3,97.87,0.64,10.7219,SPECIES
Pseudomonas aeruginosa,287,GCF_046111175.1,1,6740159,6740159,1,6740159,1,1,6740159,1,1,6740159,4453117,66,1,Pseudomonas aeruginosa,287,species,v1.2.3,99.61,0.58,76.1439,SPECIES
Pseudomonas aeruginosa,287,GCF_027570555.1,1,6739580,6739580,1,6739580,1,1,6739580,1,1,6739580,4461045,66,120,Pseudomonas aeruginosa,287,species,v1.2.3,98.93,1.5,24.5436,SPECIES
Pseudomonas aeruginosa,287,GCF_031326325.1,2,7190903,7190903,2,6738339,1,2,6738339,1,2,7190903,4718406,65.5,12,Pseudomonas aeruginosa,287,species,v1.2.3,99.39,2.64,52.4123,SPECIES
Pseudomonas aeruginosa,287,GCF_009676885.1,1,6737396,6737396,1,6737396,1,1,6737396,1,1,6737396,4465160,66.5,140.9,Pseudomonas aeruginosa,287,species,v1.2.3,99.81,0.78,93.913,SPECIES
Pseudomonas aeruginosa,287,GCF_036233395.1,2,6750386,6750386,2,6736736,1,2,6736736,1,2,6750386,4463274,66,121,Pseudomonas aeruginosa,287,species,v1.2.3,99.25,0.65,39.6752,SPECIES
Pseudomonas aeruginosa,287,GCF_036233655.1,1,6736094,6736094,1,6736094,1,1,6736094,1,1,6736094,4453351,66,90,Pseudomonas aeruginosa,287,species,v1.2.3,99.82,0.54,94.4109,SPECIES
Pseudomonas aeruginosa,287,GCF_018279305.1,1,6734601,6734601,1,6734601,1,1,6734601,1,1,6734601,4455216,66,30,Pseudomonas aeruginosa,287,species,v1.2.3,99.7,1,85.147,SPECIES
Pseudomonas aeruginosa,287,GCF_046605405.1,1,6734315,6734315,1,6734315,1,1,6734315,1,1,6734315,4449445,66,1,Pseudomonas aeruginosa,287,species,v1.2.3,97.93,1.58,11.1309,SPECIES
Pseudomonas aeruginosa,287,GCF_027570795.1,1,6733209,6733209,1,6733209,1,1,6733209,1,1,6733209,4453962,66,120,Pseudomonas aeruginosa,287,species,v1.2.3,99.77,0.54,91.0028,SPECIES
Pseudomonas aeruginosa,287,GCF_050236095.1,1,6731829,6731829,1,6731829,1,1,6731829,1,1,6731829,4455069,66,1,Pseudomonas aeruginosa,287,species,v1.2.3,98.86,0.8,22.4988,SPECIES
Pseudomonas aeruginosa,287,GCF_003798145.1,1,6729216,6729216,1,6729216,1,1,6729216,1,1,6729215,4455541,66,217,Pseudomonas aeruginosa,287,species,v1.2.3,99.77,0.71,91.0028,SPECIES
Pseudomonas aeruginosa,287,GCF_049912965.1,1,6727888,6727888,1,6727888,1,1,6727888,1,1,6727888,4446507,66,1,Pseudomonas aeruginosa,287,species,v1.2.3,96.81,0.68,6.0633,SPECIES
Pseudomonas aeruginosa,287,GCF_043995085.1,1,6724173,6724173,1,6724173,1,1,6724173,1,1,6724173,4442894,66,1,Pseudomonas aeruginosa,287,species,v1.2.3,99.75,0.93,88.6617,SPECIES
Pseudomonas aeruginosa,287,GCF_038431935.1,2,7185047,7185047,2,6723835,1,2,6723835,1,2,7185047,4704738,65.5,1,Pseudomonas aeruginosa,287,species,v1.2.3,99.43,2.13,56.8516,SPECIES
Pseudomonas aeruginosa,287,GCF_001874465.1,1,6723378,6723378,1,6723378,1,1,6723378,1,1,6723378,4449360,66,118.75,Pseudomonas aeruginosa,287,species,v1.2.3,99.17,0.71,34.0386,SPECIES
Pseudomonas aeruginosa,287,GCF_021166295.1,1,6722208,6722208,1,6722208,1,1,6722208,1,1,6722208,4452367,66,26,Pseudomonas aeruginosa,287,species,v1.2.3,99.55,0.76,70.9815,SPECIES
Pseudomonas aeruginosa,287,GCF_001792835.1,1,6721480,6721480,1,6721480,1,1,6721480,1,1,6721480,4445977,66,161,Pseudomonas aeruginosa,287,species,v1.2.3,99.54,0.82,67.6031,SPECIES
Pseudomonas aeruginosa,287,GCF_041519425.1,1,6720513,6720513,1,6720513,1,1,6720513,1,1,6720513,4451256,66,1,Pseudomonas aeruginosa,287,species,v1.2.4,99.16,0.56,33.4578,SPECIES
Pseudomonas aeruginosa,287,GCF_021497325.1,1,6720477,6720477,1,6720477,1,1,6720477,1,1,6720477,4445592,66,100,Pseudomonas aeruginosa,287,species,v1.2.3,99.59,0.35,74.8578,SPECIES
Pseudomonas aeruginosa,287,GCF_022569975.1,1,6720071,6720071,1,6720071,1,1,6720071,1,1,6720071,4449872,66,100,Pseudomonas aeruginosa,287,species,v1.2.4,99.81,0.56,93.913,SPECIES
Pseudomonas aeruginosa,287,GCF_019379355.1,2,6760516,6760516,2,6719415,1,2,6719415,1,2,6760516,4443823,65.5,248,Pseudomonas aeruginosa,287,species,v1.2.4,97.26,1.33,7.63395,SPECIES
Pseudomonas aeruginosa,287,GCF_036232825.1,1,6719167,6719167,1,6719167,1,1,6719167,1,1,6719167,4455532,66.5,90,Pseudomonas aeruginosa,287,species,v1.2.3,99.59,0.94,74.8578,SPECIES
Pseudomonas aeruginosa,287,GCF_033219075.1,1,6716928,6716928,1,6716928,1,1,6716928,1,1,6716928,4446244,66,313.9,Pseudomonas aeruginosa,287,species,v1.2.3,99.77,0.52,91.0028,SPECIES
Pseudomonas aeruginosa,287,GCF_011106815.1,2,7229900,7229900,2,6716578,1,2,6716578,1,2,7229900,4725100,65.5,115,Pseudomonas aeruginosa,287,species,v1.2.3,99.32,1.9,45.6852,SPECIES
Pseudomonas aeruginosa,287,GCF_013343395.1,1,6716245,6716245,1,6716245,1,1,6716245,1,1,6716245,4448200,66,100,Pseudomonas aeruginosa,287,species,v1.2.4,99.23,0.56,38.6854,SPECIES
Pseudomonas aeruginosa,287,GCF_036417805.1,1,6716160,6716160,1,6716160,1,1,6716160,1,1,6716160,4439661,66,38,Pseudomonas aeruginosa,287,species,v1.2.3,96.96,0.7,6.51968,SPECIES
Pseudomonas aeruginosa,287,GCF_036417915.1,1,6716160,6716160,1,6716160,1,1,6716160,1,1,6716160,4439677,66,48,Pseudomonas aeruginosa,287,species,v1.2.3,97.15,0.7,7.16572,SPECIES
Pseudomonas aeruginosa,287,GCF_036417705.1,1,6716152,6716152,1,6716152,1,1,6716152,1,1,6716152,4439667,66,40,Pseudomonas aeruginosa,287,species,v1.2.3,97.02,0.7,6.67971,SPECIES
Pseudomonas aeruginosa,287,GCF_018141565.1,1,6715242,6715242,1,6715242,1,1,6715242,1,1,6715242,4445658,66,105,Pseudomonas aeruginosa,287,species,v1.2.3,99.61,0.78,76.1439,SPECIES
Pseudomonas aeruginosa,287,GCF_007559105.1,1,6714255,6714255,1,6714255,1,1,6714255,1,1,6714255,4433715,66,100,Pseudomonas aeruginosa,287,species,v1.2.3,99.39,0.86,52.4123,SPECIES
Pseudomonas aeruginosa,287,GCF_000829885.1,1,6712339,6712339,1,6712339,1,1,6712339,1,1,6712339,4436130,66,353,Pseudomonas aeruginosa,287,species,v1.2.3,95.79,1.06,3.92959,SPECIES
Pseudomonas aeruginosa,287,GCF_040084805.1,1,6712292,6712292,1,6712292,1,1,6712292,1,1,6712292,4438245,66,1,Pseudomonas aeruginosa,287,species,v1.2.3,99.52,0.56,66.1214,SPECIES
Pseudomonas aeruginosa,287,GCF_049913055.1,1,6710939,6710939,1,6710939,1,1,6710939,1,1,6710939,4439152,66,1,Pseudomonas aeruginosa,287,species,v1.2.3,99.82,0.54,94.4109,SPECIES
Pseudomonas aeruginosa,287,GCF_049177105.1,3,6888061,6888061,3,6710147,1,3,6710147,1,3,6888061,4535632,66,1,Pseudomonas aeruginosa,287,species,v1.2.3,99.18,1.33,34.5009,SPECIES
Pseudomonas aeruginosa,287,GCF_022810965.1,1,6706887,6706887,1,6706887,1,1,6706887,1,1,6706887,4436635,66,137,Pseudomonas aeruginosa,287,species,v1.2.3,99.75,0.87,88.6617,SPECIES
Pseudomonas aeruginosa,287,GCF_022810865.1,1,6706875,6706875,1,6706875,1,1,6706875,1,1,6706875,4436625,66,392,Pseudomonas aeruginosa,287,species,v1.2.3,99.75,0.87,88.6617,SPECIES
Pseudomonas aeruginosa,287,GCF_022810905.1,1,6706872,6706872,1,6706872,1,1,6706872,1,1,6706872,4436623,66,162,Pseudomonas aeruginosa,287,species,v1.2.3,99.75,0.87,88.6617,SPECIES
Pseudomonas aeruginosa,287,GCF_003798125.1,1,6706800,6706800,1,6706800,1,1,6706800,1,1,6706800,4436574,66,223,Pseudomonas aeruginosa,287,species,v1.2.3,99.75,0.87,88.6617,SPECIES
Pseudomonas aeruginosa,287,GCF_022811805.1,1,6705795,6705795,1,6705795,1,1,6705795,1,1,6705795,4436030,66,175,Pseudomonas aeruginosa,287,species,v1.2.3,99.72,0.87,87.3281,SPECIES
Pseudomonas aeruginosa,287,GCF_022810925.1,1,6705722,6705722,1,6705722,1,1,6705722,1,1,6705722,4435982,66,164,Pseudomonas aeruginosa,287,species,v1.2.3,99.71,0.87,86.1072,SPECIES
Pseudomonas aeruginosa,287,GCF_036233495.1,1,6705126,6705126,1,6705126,1,1,6705126,1,1,6705126,4433763,66,62,Pseudomonas aeruginosa,287,species,v1.2.3,99.59,0.5,74.8578,SPECIES
Pseudomonas aeruginosa,287,GCA_052975045.1,3,6791580,6791580,3,6703953,1,3,6703953,1,3,6791580,4485806,66,150,NA,NA,NA,NA,NA,NA,NA,SPECIES
Pseudomonas aeruginosa,287,GCF_033230305.1,3,6796361,6796361,3,6702942,1,3,6702942,1,3,6796361,4489038,66,88.1,Pseudomonas aeruginosa,287,species,v1.2.3,99.41,0.92,55.8618,SPECIES
Pseudomonas aeruginosa,287,GCF_036236975.1,1,6702193,6702193,1,6702193,1,1,6702193,1,1,6702193,4420765,66,107,Pseudomonas aeruginosa,287,species,v1.2.3,98.69,1.42,18.8656,SPECIES
Pseudomonas aeruginosa,287,GCF_036232455.1,1,6701210,6701210,1,6701210,1,1,6701210,1,1,6701210,4439441,66,70,Pseudomonas aeruginosa,287,species,v1.2.3,99.26,1.16,40.5168,SPECIES
Pseudomonas aeruginosa,287,GCF_050207595.1,2,6751228,6751228,2,6700858,1,2,6700858,1,2,6751228,4470210,66,1,Pseudomonas aeruginosa,287,species,v1.2.3,98.95,1.11,25.0356,SPECIES
Pseudomonas aeruginosa,287,GCF_019857465.1,3,6788275,6788275,3,6700502,1,3,6700502,1,3,6788275,4486165,66,88,Pseudomonas aeruginosa,287,species,v1.2.3,99.71,0.76,86.1072,SPECIES
Pseudomonas aeruginosa,287,GCF_052695655.1,2,6843238,6843238,2,6700053,1,2,6700053,1,2,6843238,4514056,66,1,Pseudomonas aeruginosa,287,species,v1.2.4,98.07,0.83,12.0614,SPECIES
Pseudomonas aeruginosa,287,GCF_022810885.1,1,6699083,6699083,1,6699083,1,1,6699083,1,1,6699083,4431527,66,159,Pseudomonas aeruginosa,287,species,v1.2.3,99.7,0.87,85.147,SPECIES
Pseudomonas aeruginosa,287,GCA_053048035.1,4,7222080,7222080,4,6696952,1,4,6696952,1,4,7222080,4729689,65.5,150,NA,NA,NA,NA,NA,NA,NA,SPECIES
Pseudomonas aeruginosa,287,GCF_050243695.1,1,6694776,6694776,1,6694776,1,1,6694776,1,1,6694776,4422269,66,1,Pseudomonas aeruginosa,287,species,v1.2.3,97.03,0.86,6.71527,SPECIES
Pseudomonas aeruginosa,287,GCF_030908445.1,1,6692524,6692524,1,6692524,1,1,6692524,1,1,6692524,4424926,66,200,Pseudomonas aeruginosa,287,species,v1.2.4,99.68,0.74,84.418,SPECIES
Pseudomonas aeruginosa,287,GCF_033227745.1,3,6821161,6821161,3,6690813,1,3,6690813,1,3,6821161,4506358,66,50.8,Pseudomonas aeruginosa,287,species,v1.2.3,99.26,1.01,40.5168,SPECIES
Pseudomonas aeruginosa,287,GCF_030436095.1,2,7208244,7208244,2,6690480,1,2,6690480,1,2,7208244,4726411,65.5,200,Pseudomonas aeruginosa,287,species,v1.2.4,99.61,2.32,76.1439,SPECIES
Pseudomonas aeruginosa,287,GCF_003288435.1,1,6685102,6685102,1,6685102,1,1,6685102,1,1,6685102,4427780,66,12.34,Pseudomonas aeruginosa,287,species,v1.2.3,98.76,1.4,20.3414,SPECIES
Pseudomonas aeruginosa,287,GCF_033216995.1,1,6684200,6684200,1,6684200,1,1,6684200,1,1,6684200,4426022,66,332.4,Pseudomonas aeruginosa,287,species,v1.2.3,99.53,0.6,66.9156,SPECIES
Pseudomonas aeruginosa,287,GCF_001721845.1,1,6683204,6683204,1,6683204,1,1,6683204,1,1,6683204,4421486,66,40.86,Pseudomonas aeruginosa,287,species,v1.2.3,99.7,1.21,85.147,SPECIES
Pseudomonas aeruginosa,287,GCF_046245195.1,1,6682021,6682021,1,6682021,1,1,6682021,1,1,6682021,4423390,66,1,Pseudomonas aeruginosa,287,species,v1.2.3,99.39,1.89,52.4123,SPECIES
Pseudomonas aeruginosa,287,GCF_001722025.1,1,6681992,6681992,1,6681992,1,1,6681992,1,1,6681992,4420759,66,86.57,Pseudomonas aeruginosa,287,species,v1.2.3,99.7,1.28,85.147,SPECIES
Pseudomonas aeruginosa,287,GCF_001721825.1,1,6681981,6681981,1,6681981,1,1,6681981,1,1,6681981,4420744,66,56.71,Pseudomonas aeruginosa,287,species,v1.2.3,99.64,1.21,82.6932,SPECIES
Pseudomonas aeruginosa,287,GCF_001721805.1,1,6681975,6681975,1,6681975,1,1,6681975,1,1,6681975,4420744,66,46.48,Pseudomonas aeruginosa,287,species,v1.2.3,99.7,1.28,85.147,SPECIES
Pseudomonas aeruginosa,287,GCF_012971705.1,2,6814016,6814016,2,6680465,1,2,6680465,1,2,6814016,4493098,66,213,Pseudomonas aeruginosa,287,species,v1.2.3,99.27,0.89,41.0147,SPECIES
Pseudomonas aeruginosa,287,GCF_022638055.1,1,6680448,6680448,1,6680448,1,1,6680448,1,1,6680448,4426719,66.5,100,Pseudomonas aeruginosa,287,species,v1.2.3,99.81,0.78,93.913,SPECIES
Pseudomonas aeruginosa,287,GCF_019857245.1,1,6679909,6679909,1,6679909,1,1,6679909,1,1,6679909,4419792,66,154,Pseudomonas aeruginosa,287,species,v1.2.3,98.94,0.49,24.7748,SPECIES
Pseudomonas aeruginosa,287,GCF_027571285.1,1,6677289,6677289,1,6677289,1,1,6677289,1,1,6677289,4411297,66,120,Pseudomonas aeruginosa,287,species,v1.2.3,97.58,1.45,9.03272,SPECIES
Pseudomonas aeruginosa,287,GCF_039702325.1,1,6676742,6676742,1,6676742,1,1,6676742,1,1,6676742,4410795,66,1,Pseudomonas aeruginosa,287,species,v1.2.3,99.22,0.65,38.1757,SPECIES
Pseudomonas aeruginosa,287,GCF_036232925.1,1,6675561,6675561,1,6675561,1,1,6675561,1,1,6675561,4426946,66.5,65,Pseudomonas aeruginosa,287,species,v1.2.3,99.61,0.3,76.1439,SPECIES
Pseudomonas aeruginosa,287,GCF_036232885.1,1,6675552,6675552,1,6675552,1,1,6675552,1,1,6675552,4426932,66.5,79,Pseudomonas aeruginosa,287,species,v1.2.3,99.61,0.3,76.1439,SPECIES
Pseudomonas aeruginosa,287,GCF_036232905.1,1,6675537,6675537,1,6675537,1,1,6675537,1,1,6675537,4426930,66.5,53,Pseudomonas aeruginosa,287,species,v1.2.3,99.61,0.3,76.1439,SPECIES
Pseudomonas aeruginosa,287,GCF_025200845.1,1,6674687,6674687,1,6674687,1,1,6674687,1,1,6674687,4405427,66,126,Pseudomonas aeruginosa,287,species,v1.2.3,99.35,0.28,49.7333,SPECIES
Pseudomonas aeruginosa,287,GCF_036232385.1,2,6846089,6846089,2,6674670,1,2,6674670,1,2,6846089,4513668,66,93,Pseudomonas aeruginosa,287,species,v1.2.3,99.22,1.12,38.1757,SPECIES
Pseudomonas aeruginosa,287,GCF_027594965.1,2,7007585,7007585,2,6672385,1,2,6672385,1,2,7007585,4600205,65.5,100,Pseudomonas aeruginosa,287,species,v1.2.3,99.61,1.59,76.1439,SPECIES
Pseudomonas aeruginosa,287,GCF_050266315.1,2,6718855,6718855,2,6670990,1,2,6670990,1,2,6718855,4447966,66,1,Pseudomonas aeruginosa,287,species,v1.2.3,99.55,0.56,70.9815,SPECIES
Pseudomonas aeruginosa,287,GCF_050238445.1,1,6670806,6670806,1,6670806,1,1,6670806,1,1,6670806,4413113,66,1,Pseudomonas aeruginosa,287,species,v1.2.3,95.96,0.56,4.13703,SPECIES
Pseudomonas aeruginosa,287,GCF_031218375.1,1,6670151,6670151,1,6670151,1,1,6670151,1,1,6670151,4413587,66,100,Pseudomonas aeruginosa,287,species,v1.2.4,98.29,0.33,13.7862,SPECIES
Pseudomonas aeruginosa,287,GCF_049567565.1,1,6669323,6669323,1,6669323,1,1,6669323,1,1,6669323,4408985,66,1,Pseudomonas aeruginosa,287,species,v1.2.3,99.82,0.59,94.4109,SPECIES
Pseudomonas aeruginosa,287,GCF_027570515.1,1,6669237,6669237,1,6669237,1,1,6669237,1,1,6669237,4422205,66.5,120,Pseudomonas aeruginosa,287,species,v1.2.3,98.2,0.82,12.9327,SPECIES
Pseudomonas aeruginosa,287,GCF_038431945.1,1,6668900,6668900,1,6668900,1,1,6668900,1,1,6668900,4408686,66,1,Pseudomonas aeruginosa,287,species,v1.2.3,99.81,0.3,93.913,SPECIES
Pseudomonas aeruginosa,287,GCF_052695765.1,2,6818240,6818240,2,6668182,1,2,6668182,1,2,6818240,4508492,66,1,Pseudomonas aeruginosa,287,species,v1.2.4,99.28,1.06,41.9571,SPECIES
Pseudomonas aeruginosa,287,GCF_036232565.1,1,6667486,6667486,1,6667486,1,1,6667486,1,1,6667486,4417740,66.5,55,Pseudomonas aeruginosa,287,species,v1.2.3,99.54,0.79,67.6031,SPECIES
Pseudomonas aeruginosa,287,GCF_022638175.1,1,6666693,6666693,1,6666693,1,1,6666693,1,1,6666693,4418149,66.5,100,Pseudomonas aeruginosa,287,species,v1.2.3,99.06,0.78,29.0126,SPECIES
Pseudomonas aeruginosa,287,GCF_022569915.1,1,6664435,6664435,1,6664435,1,1,6664435,1,1,6664435,4411427,66,100,Pseudomonas aeruginosa,287,species,v1.2.4,99.71,0.49,86.1072,SPECIES
Pseudomonas aeruginosa,287,GCF_046529405.1,1,6663286,6663286,1,6663286,1,1,6663286,1,1,6663286,4404957,66,1,Pseudomonas aeruginosa,287,species,v1.2.3,99.26,0.6,40.5168,SPECIES
Pseudomonas aeruginosa,287,GCF_052695745.1,2,6691335,6691335,2,6662818,1,2,6662818,1,2,6691335,4426330,66,1,Pseudomonas aeruginosa,287,species,v1.2.4,99.39,1.26,52.4123,SPECIES
Pseudomonas aeruginosa,287,GCF_002223805.1,1,6661962,6661962,1,6661962,1,1,6661962,1,1,6661962,4405868,66,100,Pseudomonas aeruginosa,287,species,v1.2.3,99.82,0.83,94.4109,SPECIES
Pseudomonas aeruginosa,287,GCF_016105885.1,1,6660255,6660255,1,6660255,1,1,6660255,1,1,6660255,4414852,66.5,1,Pseudomonas aeruginosa,287,species,v1.2.3,99.34,0.58,48.9509,SPECIES
Pseudomonas aeruginosa,287,GCF_019857645.1,3,6684539,6684539,3,6657236,1,3,6657236,1,3,6684539,4422478,66,120,Pseudomonas aeruginosa,287,species,v1.2.3,98.72,0.49,19.3694,SPECIES
Pseudomonas aeruginosa,287,GCF_044758375.1,1,6655210,6655210,1,6655210,1,1,6655210,1,1,6655210,4399405,66,1,Pseudomonas aeruginosa,287,species,v1.2.3,98.79,0.63,20.9459,SPECIES
Pseudomonas aeruginosa,287,GCF_032252935.1,1,6655103,6655103,1,6655103,1,1,6655103,1,1,6655103,4395905,66,12,Pseudomonas aeruginosa,287,species,v1.2.3,99.43,0.86,56.8516,SPECIES
Pseudomonas aeruginosa,287,GCF_049912925.1,1,6654131,6654131,1,6654131,1,1,6654131,1,1,6654131,4397452,66,1,Pseudomonas aeruginosa,287,species,v1.2.3,97.17,0.61,7.26648,SPECIES
Pseudomonas aeruginosa,287,GCF_021497405.1,1,6652242,6652242,1,6652242,1,1,6652242,1,1,6652242,4394529,66,100,Pseudomonas aeruginosa,287,species,v1.2.3,98.54,0.44,16.5007,SPECIES
Pseudomonas aeruginosa,287,GCF_033228545.1,2,6699188,6699188,2,6649036,1,2,6649036,1,2,6699188,4433771,66,53.6,Pseudomonas aeruginosa,287,species,v1.2.3,99.07,0.81,29.4097,SPECIES
Pseudomonas aeruginosa,287,GCF_036233335.1,1,6648067,6648067,1,6648067,1,1,6648067,1,1,6648067,4403653,66,50,Pseudomonas aeruginosa,287,species,v1.2.3,98.89,0.28,23.1508,SPECIES
Pseudomonas aeruginosa,287,GCF_019711215.1,3,6729633,6729633,3,6646321,1,3,6646321,1,3,6729633,4450698,66,100,Pseudomonas aeruginosa,287,species,v1.2.3,99.75,0.75,88.6617,SPECIES
Pseudomonas aeruginosa,287,GCF_001721785.1,1,6645477,6645477,1,6645477,1,1,6645477,1,1,6645477,4399963,66,68.59,Pseudomonas aeruginosa,287,species,v1.2.3,99.64,1.21,82.6932,SPECIES
Pseudomonas aeruginosa,287,GCF_002946935.1,1,6645227,6645227,1,6645227,1,1,6645227,1,1,6645227,4378215,66,64,Pseudomonas aeruginosa,287,species,v1.2.3,97.02,1.6,6.67971,SPECIES
Pseudomonas aeruginosa,287,GCF_044757545.1,1,6644873,6644873,1,6644873,1,1,6644873,1,1,6644873,4399202,66,1,Pseudomonas aeruginosa,287,species,v1.2.3,99.82,1.17,94.4109,SPECIES
Pseudomonas aeruginosa,287,GCF_001721745.1,1,6643823,6643823,1,6643823,1,1,6643823,1,1,6643823,4399094,66,106.46,Pseudomonas aeruginosa,287,species,v1.2.3,99.7,1.21,85.147,SPECIES
Pseudomonas aeruginosa,287,GCF_001721765.1,1,6642996,6642996,1,6642996,1,1,6642996,1,1,6642996,4398662,66,91.24,Pseudomonas aeruginosa,287,species,v1.2.3,99.7,1.21,85.147,SPECIES
Pseudomonas aeruginosa,287,GCF_001722045.1,1,6639108,6639108,1,6639108,1,1,6639108,1,1,6639108,4396030,66,48.8,Pseudomonas aeruginosa,287,species,v1.2.3,99.7,1.21,85.147,SPECIES
Pseudomonas aeruginosa,287,GCF_017378395.1,1,6638990,6638990,1,6638990,1,1,6638990,1,1,6638990,4397414,66,1115,Pseudomonas aeruginosa,287,species,v1.2.3,99.71,0.63,86.1072,SPECIES
Pseudomonas aeruginosa,287,GCF_017378475.1,1,6638980,6638980,1,6638980,1,1,6638980,1,1,6638980,4397409,66,1252,Pseudomonas aeruginosa,287,species,v1.2.3,99.82,0.63,94.4109,SPECIES
Pseudomonas aeruginosa,287,GCF_038396595.1,1,6638980,6638980,1,6638980,1,1,6638980,1,1,6638980,4397409,66,1,Pseudomonas aeruginosa,287,species,v1.2.3,99.82,0.63,94.4109,SPECIES
Pseudomonas aeruginosa,287,GCF_002812845.1,1,6638559,6638559,1,6638559,1,1,6638559,1,1,6638559,4378686,66,100,Pseudomonas aeruginosa,287,species,v1.2.3,96.28,1.07,4.74158,SPECIES
Pseudomonas aeruginosa,287,GCF_049532595.1,1,6638377,6638377,1,6638377,1,1,6638377,1,1,6638377,4402143,66.5,1,Pseudomonas aeruginosa,287,species,v1.2.3,99.81,0.38,93.913,SPECIES
Pseudomonas aeruginosa,287,GCF_030866905.1,2,6960160,6960160,2,6637463,1,2,6637463,1,2,6960160,4577827,66,10,Pseudomonas aeruginosa,287,species,v1.2.4,99.17,1.8,34.0386,SPECIES
Pseudomonas aeruginosa,287,GCF_022810985.1,1,6635095,6635095,1,6635095,1,1,6635095,1,1,6635095,4394131,66,138,Pseudomonas aeruginosa,287,species,v1.2.3,99.82,0.62,94.4109,SPECIES
Pseudomonas aeruginosa,287,GCF_022811005.1,1,6634623,6634623,1,6634623,1,1,6634623,1,1,6634623,4394040,66,146,Pseudomonas aeruginosa,287,species,v1.2.3,99.82,0.62,94.4109,SPECIES
Pseudomonas aeruginosa,287,GCF_022811045.1,1,6634620,6634620,1,6634620,1,1,6634620,1,1,6634620,4394038,66,457,Pseudomonas aeruginosa,287,species,v1.2.3,99.82,0.62,94.4109,SPECIES
Pseudomonas aeruginosa,287,GCF_022810945.1,1,6634619,6634619,1,6634619,1,1,6634619,1,1,6634619,4394038,66,414,Pseudomonas aeruginosa,287,species,v1.2.3,99.82,0.62,94.4109,SPECIES
Pseudomonas aeruginosa,287,GCF_022811065.1,1,6634619,6634619,1,6634619,1,1,6634619,1,1,6634619,4394038,66,148,Pseudomonas aeruginosa,287,species,v1.2.3,99.82,0.62,94.4109,SPECIES
Pseudomonas aeruginosa,287,GCF_022811025.1,1,6634606,6634606,1,6634606,1,1,6634606,1,1,6634606,4394028,66,137,Pseudomonas aeruginosa,287,species,v1.2.3,99.82,0.62,94.4109,SPECIES
Pseudomonas aeruginosa,287,GCF_049680645.1,1,6632429,6632429,1,6632429,1,1,6632429,1,1,6632429,4385099,66,1,Pseudomonas aeruginosa,287,species,v1.2.3,99.29,0.65,43.504,SPECIES
Pseudomonas aeruginosa,287,GCF_036233255.1,1,6628136,6628136,1,6628136,1,1,6628136,1,1,6628136,4391913,66.5,90,Pseudomonas aeruginosa,287,species,v1.2.3,99.64,0.5,82.6932,SPECIES
Pseudomonas aeruginosa,287,GCF_030563585.1,1,6626157,6626157,1,6626157,1,1,6626157,1,1,6626157,4390460,66.5,NA,Pseudomonas aeruginosa,287,species,v1.2.4,97.56,0.45,8.91418,SPECIES
Pseudomonas aeruginosa,287,GCF_030564045.1,1,6626075,6626075,1,6626075,1,1,6626075,1,1,6626075,4390380,66.5,NA,Pseudomonas aeruginosa,287,species,v1.2.4,97.58,0.45,9.03272,SPECIES
Pseudomonas aeruginosa,287,GCF_030563765.1,1,6626066,6626066,1,6626066,1,1,6626066,1,1,6626066,4390388,66.5,NA,Pseudomonas aeruginosa,287,species,v1.2.4,97.51,0.45,8.69488,SPECIES
Pseudomonas aeruginosa,287,GCF_051016065.1,1,6624527,6624527,1,6624527,1,1,6624527,1,1,6624527,4389298,66.5,1,Pseudomonas aeruginosa,287,species,v1.2.3,99.32,0.49,45.6852,SPECIES
Pseudomonas aeruginosa,287,GCF_036232325.1,1,6623485,6623485,1,6623485,1,1,6623485,1,1,6623485,4392831,66.5,118,Pseudomonas aeruginosa,287,species,v1.2.3,99.31,0.63,45.1162,SPECIES
Pseudomonas aeruginosa,287,GCF_036237055.1,1,6621869,6621869,1,6621869,1,1,6621869,1,1,6621869,4392974,66.5,135,Pseudomonas aeruginosa,287,species,v1.2.3,99.61,0.29,76.1439,SPECIES
Pseudomonas aeruginosa,287,GCF_002753655.1,1,6621378,6621378,1,6621378,1,1,6621378,1,1,6621378,4383670,66,52,Pseudomonas aeruginosa,287,species,v1.2.3,99.15,0.87,32.9659,SPECIES
Pseudomonas aeruginosa,287,GCF_021166335.2,2,6668721,6668721,2,6621226,1,2,6621226,1,2,6668721,4420174,66.5,70,Pseudomonas aeruginosa,287,species,v1.2.3,99.61,0.82,76.1439,SPECIES
Pseudomonas aeruginosa,287,GCF_902703185.1,1,6621209,6621209,1,6621209,1,1,6621209,1,1,6621209,4386931,66.5,100,Pseudomonas aeruginosa,287,species,v1.2.3,99.07,0.53,29.4097,SPECIES
Pseudomonas aeruginosa,287,GCF_001594325.2,1,6618768,6618768,1,6618768,1,1,6618768,1,1,6618768,4384988,66.5,91.34,Pseudomonas aeruginosa,287,species,v1.2.3,99.57,0.62,73.2871,SPECIES
Pseudomonas aeruginosa,287,GCF_007559085.1,1,6616247,6616247,1,6616247,1,1,6616247,1,1,6616247,4380086,66,50,Pseudomonas aeruginosa,287,species,v1.2.3,99.61,0.38,76.1439,SPECIES
Pseudomonas aeruginosa,287,GCF_001548135.1,1,6613260,6613260,1,6613260,1,1,6613260,1,1,6613260,4380158,66,80,Pseudomonas aeruginosa,287,species,v1.2.3,99.5,0.41,63.3831,SPECIES
Pseudomonas aeruginosa,287,GCF_019857485.1,6,6803847,6803847,6,6612129,1,6,6612129,1,6,6803847,4494196,66,104,Pseudomonas aeruginosa,287,species,v1.2.3,99.54,0.54,67.6031,SPECIES
Pseudomonas aeruginosa,287,GCF_020771675.1,6,7035373,7035373,6,6610918,1,6,6610918,1,6,7035373,4620078,65.5,80,Pseudomonas aeruginosa,287,species,v1.2.3,98.51,1.82,16.0917,SPECIES
Pseudomonas aeruginosa,287,GCF_000816985.1,1,6603099,6603099,1,6603099,1,1,6603099,1,1,6603099,4372793,66,111,Pseudomonas aeruginosa,287,species,v1.2.3,98.75,1.01,19.9265,SPECIES
Pseudomonas aeruginosa,287,GCF_017900915.1,1,6602988,6602988,1,6602988,1,1,6602988,1,1,6602988,4361457,66,201,Pseudomonas aeruginosa,287,species,v1.2.3,97.82,1.49,10.3426,SPECIES
Pseudomonas aeruginosa,287,GCF_019857425.1,4,7050019,7050019,4,6599714,1,4,6599714,1,4,7050019,4633329,65.5,138,Pseudomonas aeruginosa,287,species,v1.2.3,99.57,1.37,73.2871,SPECIES
Pseudomonas aeruginosa,287,GCF_052696775.1,1,6599470,6599470,1,6599470,1,1,6599470,1,1,6599470,4362331,66,1,Pseudomonas aeruginosa,287,species,v1.2.4,95.01,1.5,3.13537,SPECIES
Pseudomonas aeruginosa,287,GCF_051015985.1,2,6612504,6612504,2,6597483,1,2,6597483,1,2,6612504,4378092,66,1,Pseudomonas aeruginosa,287,species,v1.2.3,99.68,0.49,84.418,SPECIES
Pseudomonas aeruginosa,287,GCF_049912805.1,1,6597095,6597095,1,6597095,1,1,6597095,1,1,6597095,4368627,66,1,Pseudomonas aeruginosa,287,species,v1.2.3,99.14,1.07,32.6636,SPECIES
Pseudomonas aeruginosa,287,GCF_029961445.1,1,6596513,6596513,1,6596513,1,1,6596513,1,1,6596513,4375176,66.5,5,Pseudomonas aeruginosa,287,species,v1.2.3,99.82,0.38,94.4109,SPECIES
Pseudomonas aeruginosa,287,GCF_023066845.1,1,6596388,6596388,1,6596388,1,1,6596388,1,1,6596388,4370822,66.5,100,Pseudomonas aeruginosa,287,species,v1.2.3,99.11,1.02,31.0514,SPECIES
Pseudomonas aeruginosa,287,GCF_036233575.1,1,6595088,6595088,1,6595088,1,1,6595088,1,1,6595088,4373443,66.5,103,Pseudomonas aeruginosa,287,species,v1.2.3,99.29,0.52,43.504,SPECIES
Pseudomonas aeruginosa,287,GCF_019857525.1,2,6635476,6635476,2,6594602,1,2,6594602,1,2,6635476,4393360,66,80,Pseudomonas aeruginosa,287,species,v1.2.3,98.92,0.56,24.3362,SPECIES
Pseudomonas aeruginosa,287,GCF_051416385.1,5,7138065,7138065,5,6592422,1,5,6592422,1,5,7138065,4675506,65.5,1,Pseudomonas aeruginosa,287,species,v1.2.4,98.65,1.81,18.2195,SPECIES
Pseudomonas aeruginosa,287,GCF_030866925.2,2,7000781,7000781,2,6591652,1,2,6591652,1,2,7000781,4599552,65.5,10,Pseudomonas aeruginosa,287,species,v1.2.3,99.56,1.87,72.8485,SPECIES
Pseudomonas aeruginosa,287,GCF_039622755.1,1,6591441,6591441,1,6591441,1,1,6591441,1,1,6591441,4372772,66.5,1,Pseudomonas aeruginosa,287,species,v1.2.3,99.82,0.46,94.4109,SPECIES
Pseudomonas aeruginosa,287,GCF_021266605.1,1,6589770,6589770,1,6589770,1,1,6589770,1,1,6589770,4348292,66,100,Pseudomonas aeruginosa,287,species,v1.2.3,97.62,0.49,9.2698,SPECIES
Pseudomonas aeruginosa,287,GCF_051905005.1,1,6589538,6589538,1,6589538,1,1,6589538,1,1,6589538,4360428,66,1,Pseudomonas aeruginosa,287,species,v1.2.4,98.41,1,15.096,SPECIES
Pseudomonas aeruginosa,287,GCF_036233455.1,1,6586672,6586672,1,6586672,1,1,6586672,1,1,6586672,4363894,66.5,83,Pseudomonas aeruginosa,287,species,v1.2.3,99.28,0.64,41.9571,SPECIES
Pseudomonas aeruginosa,287,GCF_027595005.1,1,6583864,6583864,1,6583864,1,1,6583864,1,1,6583864,4355008,66,100,Pseudomonas aeruginosa,287,species,v1.2.3,99.06,0.61,29.0126,SPECIES
Pseudomonas aeruginosa,287,GCF_029961505.1,1,6583426,6583426,1,6583426,1,1,6583426,1,1,6583426,4370160,66.5,7,Pseudomonas aeruginosa,287,species,v1.2.3,99.63,1.31,82.3732,SPECIES
Pseudomonas aeruginosa,287,GCF_030121995.1,4,6720609,6720609,4,6582575,1,4,6582575,1,4,6720609,4425141,66,100,Pseudomonas aeruginosa,287,species,v1.2.3,96.44,0.99,5.10906,SPECIES
Pseudomonas aeruginosa,287,GCF_024803805.1,2,7018741,7018741,2,6582025,1,2,6582025,1,2,7018741,4605412,65.5,344,Pseudomonas aeruginosa,287,species,v1.2.3,99.8,1.58,93.344,SPECIES
Pseudomonas aeruginosa,287,GCF_029961465.1,1,6581794,6581794,1,6581794,1,1,6581794,1,1,6581794,4369218,66.5,8,Pseudomonas aeruginosa,287,species,v1.2.3,99.56,1.31,72.8485,SPECIES
Pseudomonas aeruginosa,287,GCF_013394455.1,1,6579572,6579572,1,6579572,1,1,6579572,1,1,6579572,4358499,66,100,Pseudomonas aeruginosa,287,species,v1.2.4,99.75,0.49,88.6617,SPECIES
Pseudomonas aeruginosa,287,GCA_053215905.1,1,6579057,6579057,1,6579057,1,1,6579057,1,1,6579057,4360314,66.5,170,NA,NA,NA,NA,NA,NA,NA,SPECIES
Pseudomonas aeruginosa,287,GCF_036232665.1,3,6676389,6676389,3,6578986,1,3,6578986,1,3,6676389,4413467,66,65,Pseudomonas aeruginosa,287,species,v1.2.3,99.24,0.87,39.3789,SPECIES
Pseudomonas aeruginosa,287,GCF_051989275.1,1,6578177,6578177,1,6578177,1,1,6578177,1,1,6578177,4361654,66.5,1,Pseudomonas aeruginosa,287,species,v1.2.4,99.82,0.49,94.4109,SPECIES
Pseudomonas aeruginosa,287,GCF_027571195.1,1,6576722,6576722,1,6576722,1,1,6576722,1,1,6576722,4358963,66.5,120,Pseudomonas aeruginosa,287,species,v1.2.3,99.34,0.53,48.9509,SPECIES
Pseudomonas aeruginosa,287,GCF_027570835.1,1,6575888,6575888,1,6575888,1,1,6575888,1,1,6575888,4358470,66.5,120,Pseudomonas aeruginosa,287,species,v1.2.3,99.61,0.99,76.1439,SPECIES
Pseudomonas aeruginosa,287,GCF_050237155.1,1,6574851,6574851,1,6574851,1,1,6574851,1,1,6574851,4354938,66,1,Pseudomonas aeruginosa,287,species,v1.2.3,98.65,0.49,18.2195,SPECIES
Pseudomonas aeruginosa,287,GCF_009720425.1,2,7013382,7013382,2,6573638,1,2,6573638,1,2,7013382,4603739,65.5,149,Pseudomonas aeruginosa,287,species,v1.2.3,98.54,1.41,16.5007,SPECIES
Pseudomonas aeruginosa,287,GCF_027570435.1,1,6573599,6573599,1,6573599,1,1,6573599,1,1,6573599,4356941,66.5,120,Pseudomonas aeruginosa,287,species,v1.2.3,99.34,0.53,48.9509,SPECIES
Pseudomonas aeruginosa,287,GCF_019857405.1,6,6784400,6784400,6,6568917,1,6,6568917,1,6,6784400,4478171,66,117,Pseudomonas aeruginosa,287,species,v1.2.3,99.22,0.59,38.1757,SPECIES
Pseudomonas aeruginosa,287,GCF_001516325.2,1,6568228,6568228,1,6568228,1,1,6568228,1,1,6568228,4351855,66.5,64.87,Pseudomonas aeruginosa,287,species,v1.2.3,99.27,0.63,41.0147,SPECIES
Pseudomonas aeruginosa,287,GCF_002205335.1,1,6566724,6566724,1,6566724,1,1,6566724,1,1,6566724,4348941,66,89,Pseudomonas aeruginosa,287,species,v1.2.3,98.52,0.33,16.2281,SPECIES
Pseudomonas aeruginosa,287,GCF_032252975.1,1,6566704,6566704,1,6566704,1,1,6566704,1,1,6566704,4354481,66.5,806,Pseudomonas aeruginosa,287,species,v1.2.3,99.48,0.72,60.5441,SPECIES
Pseudomonas aeruginosa,287,GCF_030122075.1,2,6978918,6978918,2,6566613,1,2,6566613,1,2,6978918,4583845,65.5,100,Pseudomonas aeruginosa,287,species,v1.2.3,99.47,1.86,59.3706,SPECIES
Pseudomonas aeruginosa,287,GCF_036232945.1,1,6564266,6564266,1,6564266,1,1,6564266,1,1,6564266,4354501,66.5,101,Pseudomonas aeruginosa,287,species,v1.2.3,99.57,0.68,73.2871,SPECIES
Pseudomonas aeruginosa,287,GCF_052695825.1,2,6575692,6575692,2,6563534,1,2,6563534,1,2,6575692,4361213,66.5,1,Pseudomonas aeruginosa,287,species,v1.2.4,97.79,0.38,10.1648,SPECIES
Pseudomonas aeruginosa,287,GCF_021497445.1,1,6562965,6562965,1,6562965,1,1,6562965,1,1,6562965,4350795,66.5,100,Pseudomonas aeruginosa,287,species,v1.2.3,99.82,0.79,94.4109,SPECIES
Pseudomonas aeruginosa,287,GCF_018141645.1,1,6560248,6560248,1,6560248,1,1,6560248,1,1,6560248,4339826,66,105,Pseudomonas aeruginosa,287,species,v1.2.3,98.11,0.78,12.34,SPECIES
Pseudomonas aeruginosa,287,GCF_019857625.1,2,6588245,6588245,2,6559545,1,2,6559545,1,2,6588245,4358310,66,124,Pseudomonas aeruginosa,287,species,v1.2.3,99.82,0.9,94.4109,SPECIES
Pseudomonas aeruginosa,287,GCF_049565425.1,1,6558920,6558920,1,6558920,1,1,6558920,1,1,6558920,4344061,66,1,Pseudomonas aeruginosa,287,species,v1.2.3,99.76,0.49,90.8547,SPECIES
Pseudomonas aeruginosa,287,GCF_051015965.1,1,6558666,6558666,1,6558666,1,1,6558666,1,1,6558666,4343821,66,1,Pseudomonas aeruginosa,287,species,v1.2.3,99.59,0.53,74.8578,SPECIES
Pseudomonas aeruginosa,287,GCF_023101305.1,2,6833760,6833760,2,6558391,1,2,6558391,1,2,6833760,4495913,66,100,Pseudomonas aeruginosa,287,species,v1.2.3,98.9,1.49,23.3701,SPECIES
Pseudomonas aeruginosa,287,GCF_050886245.1,3,7071884,7071884,3,6557984,1,3,6557984,1,3,7071884,4635305,65.5,1,Pseudomonas aeruginosa,287,species,v1.2.3,99.5,2.09,63.3831,SPECIES
Pseudomonas aeruginosa,287,GCF_029961665.1,1,6557834,6557834,1,6557834,1,1,6557834,1,1,6557834,4341970,66,8,Pseudomonas aeruginosa,287,species,v1.2.3,99.39,0.37,52.4123,SPECIES
Pseudomonas aeruginosa,287,GCF_013343575.1,1,6557595,6557595,1,6557595,1,1,6557595,1,1,6557595,4344651,66.5,100,Pseudomonas aeruginosa,287,species,v1.2.4,99.73,0.78,87.7371,SPECIES
Pseudomonas aeruginosa,287,GCF_036233475.1,1,6556621,6556621,1,6556621,1,1,6556621,1,1,6556621,4338568,66,71,Pseudomonas aeruginosa,287,species,v1.2.3,99.06,0.9,29.0126,SPECIES
Pseudomonas aeruginosa,287,GCF_027594685.1,1,6553815,6553815,1,6553815,1,1,6553815,1,1,6553815,4350437,66.5,100,Pseudomonas aeruginosa,287,species,v1.2.3,99.82,0.5,94.4109,SPECIES
Pseudomonas aeruginosa,287,GCF_036417995.1,1,6553367,6553367,1,6553367,1,1,6553367,1,1,6553367,4340863,66,42,Pseudomonas aeruginosa,287,species,v1.2.3,98.9,0.86,23.3701,SPECIES
Pseudomonas aeruginosa,287,GCF_019857365.1,2,6950092,6950092,2,6553129,1,2,6553129,1,2,6950092,4567279,65.5,102,Pseudomonas aeruginosa,287,species,v1.2.3,99.61,1.83,76.1439,SPECIES
Pseudomonas aeruginosa,287,GCF_016134915.1,1,6552683,6552683,1,6552683,1,1,6552683,1,1,6552683,4330228,66,100,Pseudomonas aeruginosa,287,species,v1.2.3,98.12,0.49,12.4822,SPECIES
Pseudomonas aeruginosa,287,GCF_021497285.1,1,6552683,6552683,1,6552683,1,1,6552683,1,1,6552683,4330228,66,100,Pseudomonas aeruginosa,287,species,v1.2.3,98.06,0.49,11.9666,SPECIES
Pseudomonas aeruginosa,287,GCF_051988505.1,1,6551601,6551601,1,6551601,1,1,6551601,1,1,6551601,4340283,66,1,Pseudomonas aeruginosa,287,species,v1.2.4,99.8,0.44,93.344,SPECIES
Pseudomonas aeruginosa,287,GCF_014490645.1,1,6550149,6550149,1,6550149,1,1,6550149,1,1,6550149,4345842,66.5,432,Pseudomonas aeruginosa,287,species,v1.2.3,97.91,0.28,11.0064,SPECIES
Pseudomonas aeruginosa,287,GCF_029961305.1,3,6588299,6588299,3,6549656,1,3,6549656,1,3,6588299,4370717,66.5,64,Pseudomonas aeruginosa,287,species,v1.2.3,99.6,0.84,75.6757,SPECIES
Pseudomonas aeruginosa,287,GCF_023066825.1,1,6549122,6549122,1,6549122,1,1,6549122,1,1,6549122,4337181,66,100,Pseudomonas aeruginosa,287,species,v1.2.3,99.15,0.97,32.9659,SPECIES
Pseudomonas aeruginosa,287,GCA_052975055.1,3,7174840,7174840,3,6548605,1,3,6548605,1,3,7174840,4704119,65.5,150,NA,NA,NA,NA,NA,NA,NA,SPECIES
Pseudomonas aeruginosa,287,GCF_013343315.1,1,6546693,6546693,1,6546693,1,1,6546693,1,1,6546693,4343889,66.5,100,Pseudomonas aeruginosa,287,species,v1.2.4,97.56,0.72,8.91418,SPECIES
Pseudomonas aeruginosa,287,GCF_049532605.1,1,6546665,6546665,1,6546665,1,1,6546665,1,1,6546665,4346813,66.5,1,Pseudomonas aeruginosa,287,species,v1.2.3,99.58,0.38,73.8265,SPECIES
Pseudomonas aeruginosa,287,GCF_003429185.1,1,6546467,6546467,1,6546467,1,1,6546467,1,1,6546467,4339637,66.5,185,Pseudomonas aeruginosa,287,species,v1.2.3,99.71,0.37,86.1072,SPECIES
Pseudomonas aeruginosa,287,GCF_019857325.1,2,6634556,6634556,2,6546346,1,2,6546346,1,2,6634556,4392212,66,120.6,Pseudomonas aeruginosa,287,species,v1.2.3,99.39,0.58,52.4123,SPECIES
Pseudomonas aeruginosa,287,GCF_036418055.1,1,6544202,6544202,1,6544202,1,1,6544202,1,1,6544202,4329352,66,45,Pseudomonas aeruginosa,287,species,v1.2.3,98.93,0.65,24.5436,SPECIES
Pseudomonas aeruginosa,287,GCF_013201095.1,1,6543892,6543892,1,6543892,1,1,6543892,1,1,6543892,4339759,66.5,223.1,Pseudomonas aeruginosa,287,species,v1.2.4,98.03,0.63,11.7947,SPECIES
Pseudomonas aeruginosa,287,GCF_050569945.1,1,6541492,6541492,1,6541492,1,1,6541492,1,1,6541492,4336219,66.5,1,Pseudomonas aeruginosa,287,species,v1.2.3,99.54,0.47,67.6031,SPECIES
Pseudomonas aeruginosa,287,GCF_900095805.1,1,6541482,6541482,1,6541482,1,1,6541482,1,1,6541482,4336210,66.5,100,Pseudomonas aeruginosa,287,species,v1.2.3,99.82,0.47,94.4109,SPECIES
Pseudomonas aeruginosa,287,GCF_036233755.1,1,6541477,6541477,1,6541477,1,1,6541477,1,1,6541477,4338585,66.5,105,Pseudomonas aeruginosa,287,species,v1.2.3,99.54,0.9,67.6031,SPECIES
Pseudomonas aeruginosa,287,GCF_027571305.1,1,6540752,6540752,1,6540752,1,1,6540752,1,1,6540752,4340571,66.5,120,Pseudomonas aeruginosa,287,species,v1.2.3,99.53,0.28,66.9156,SPECIES
Pseudomonas aeruginosa,287,GCF_005305005.1,2,6935668,6935668,2,6539894,1,2,6539894,1,2,6935668,4556673,65.5,170,Pseudomonas aeruginosa,287,species,v1.2.4,99.49,1.73,62.0495,SPECIES
Pseudomonas aeruginosa,287,GCF_036232625.1,1,6539580,6539580,1,6539580,1,1,6539580,1,1,6539580,4337651,66.5,73,Pseudomonas aeruginosa,287,species,v1.2.3,99.18,0.59,34.5009,SPECIES
Pseudomonas aeruginosa,287,GCF_046773575.1,1,6538512,6538512,1,6538512,1,1,6538512,1,1,6538512,4331995,66.5,1,Pseudomonas aeruginosa,287,species,v1.2.3,99.64,0.66,82.6932,SPECIES
Pseudomonas aeruginosa,287,GCF_051016005.1,2,6597535,6597535,2,6538014,1,2,6538014,1,2,6597535,4375299,66.5,1,Pseudomonas aeruginosa,287,species,v1.2.3,99.22,0.55,38.1757,SPECIES
Pseudomonas aeruginosa,287,GCF_027571175.1,1,6536263,6536263,1,6536263,1,1,6536263,1,1,6536263,4337603,66.5,120,Pseudomonas aeruginosa,287,species,v1.2.3,99.45,0.28,58.2622,SPECIES
Pseudomonas aeruginosa,287,GCF_022870565.1,1,6536046,6536046,1,6536046,1,1,6536046,1,1,6535934,4333436,66.5,300,Pseudomonas aeruginosa,287,species,v1.2.3,99.63,0.5,82.3732,SPECIES
Pseudomonas aeruginosa,287,GCF_022670795.1,1,6534898,6534898,1,6534898,1,1,6534898,1,1,6534898,4332783,66.5,66,Pseudomonas aeruginosa,287,species,v1.2.3,99.07,0.72,29.4097,SPECIES
Pseudomonas aeruginosa,287,GCF_016584725.1,1,6534364,6534364,1,6534364,1,1,6534364,1,1,6534364,4326093,66,376,Pseudomonas aeruginosa,287,species,v1.2.3,99.39,1.43,52.4123,SPECIES
Pseudomonas aeruginosa,287,GCF_043231275.1,1,6533470,6533470,1,6533470,1,1,6533470,1,1,6533470,4336689,66.5,1,Pseudomonas aeruginosa,287,species,v1.2.3,99.58,0.75,73.8265,SPECIES
Pseudomonas aeruginosa,287,GCF_044758335.1,1,6529781,6529781,1,6529781,1,1,6529781,1,1,6529781,4329226,66.5,1,Pseudomonas aeruginosa,287,species,v1.2.3,99.61,0.28,76.1439,SPECIES
Pseudomonas aeruginosa,287,GCF_052695845.1,1,6528949,6528949,1,6528949,1,1,6528949,1,1,6528949,4332826,66.5,1,Pseudomonas aeruginosa,287,species,v1.2.4,97.86,0.28,10.6389,SPECIES
Pseudomonas aeruginosa,287,GCF_044758315.1,1,6528294,6528294,1,6528294,1,1,6528294,1,1,6528294,4328179,66.5,1,Pseudomonas aeruginosa,287,species,v1.2.3,99.61,0.28,76.1439,SPECIES
Pseudomonas aeruginosa,287,GCF_006971785.1,2,6712466,6712466,2,6527298,1,2,6527298,1,2,6712466,4449209,66.5,136.5,Pseudomonas aeruginosa,287,species,v1.2.3,98.61,1.16,17.532,SPECIES
Pseudomonas aeruginosa,287,GCF_029961245.1,2,6566841,6566841,2,6526980,1,2,6526980,1,2,6566841,4356012,66.5,19,Pseudomonas aeruginosa,287,species,v1.2.3,99.82,0.28,94.4109,SPECIES
Pseudomonas aeruginosa,287,GCF_036232105.1,3,6625749,6625749,3,6526457,1,3,6526457,1,3,6625749,4382630,66,112,Pseudomonas aeruginosa,287,species,v1.2.3,99.32,0.85,45.6852,SPECIES
Pseudomonas aeruginosa,287,GCF_030505595.1,3,7008048,7008048,3,6524508,1,3,6524508,1,3,7008048,4605501,65.5,200,Pseudomonas aeruginosa,287,species,v1.2.4,99.43,1.89,56.8516,SPECIES
Pseudomonas aeruginosa,287,GCF_013343495.1,1,6522476,6522476,1,6522476,1,1,6522476,1,1,6522476,4326261,66.5,100,Pseudomonas aeruginosa,287,species,v1.2.4,99.04,0.28,28.2658,SPECIES
Pseudomonas aeruginosa,287,GCF_052377975.1,1,6522294,6522294,1,6522294,1,1,6522294,1,1,6522294,4328785,66.5,1,Pseudomonas aeruginosa,287,species,v1.2.4,99.48,0.62,60.5441,SPECIES
Pseudomonas aeruginosa,287,GCF_014854655.1,1,6520277,6520277,1,6520277,1,1,6520277,1,1,6520277,4320472,66.5,170,Pseudomonas aeruginosa,287,species,v1.2.3,99.82,0.55,94.4109,SPECIES
Pseudomonas aeruginosa,287,GCF_028595865.2,3,6990601,6990601,3,6518599,1,3,6518599,1,3,6990601,4598148,66,1,Pseudomonas aeruginosa,287,species,v1.2.3,99.82,1.62,94.4109,SPECIES
Pseudomonas aeruginosa,287,GCF_001516245.2,1,6517340,6517340,1,6517340,1,1,6517340,1,1,6517340,4315074,66,83.61,Pseudomonas aeruginosa,287,species,v1.2.3,99.47,0.99,59.3706,SPECIES
Pseudomonas aeruginosa,287,GCF_024734815.1,1,6515978,6515978,1,6515978,1,1,6515978,1,1,6515978,4322395,66.5,96,Pseudomonas aeruginosa,287,species,v1.2.4,99.66,0.29,83.6178,SPECIES
Pseudomonas aeruginosa,287,GCF_046531895.1,2,6941384,6941384,2,6515357,1,2,6515357,1,2,6941384,4546809,65.5,1,Pseudomonas aeruginosa,287,species,v1.2.3,97.32,1.34,7.89474,SPECIES
Pseudomonas aeruginosa,287,GCF_007559125.1,1,6514208,6514208,1,6514208,1,1,6514208,1,1,6514208,4321510,66.5,100,Pseudomonas aeruginosa,287,species,v1.2.3,98.53,0.28,16.3822,SPECIES
Pseudomonas aeruginosa,287,GCF_025908315.1,1,6514160,6514160,1,6514160,1,1,6514160,1,1,6514160,4340644,66.5,100,Pseudomonas,287,genus,v1.2.4,98.59,0.14,3.92157,SPECIES
Pseudomonas aeruginosa,287,GCF_049912915.1,1,6512774,6512774,1,6512774,1,1,6512774,1,1,6512774,4318058,66.5,1,Pseudomonas aeruginosa,287,species,v1.2.3,98.17,1.25,12.743,SPECIES
Pseudomonas aeruginosa,287,GCF_029961265.1,2,6549570,6549570,2,6512746,1,2,6512746,1,2,6549570,4345528,66.5,11,Pseudomonas aeruginosa,287,species,v1.2.3,99.44,0.63,57.7762,SPECIES
Pseudomonas aeruginosa,287,GCA_052922465.1,1,6512685,6512685,1,6512685,1,1,6512685,1,1,6512685,4318025,66.5,40,NA,NA,NA,NA,NA,NA,NA,SPECIES
Pseudomonas aeruginosa,287,GCF_029961345.1,2,6549207,6549207,2,6512383,1,2,6512383,1,2,6549207,4345266,66.5,39,Pseudomonas aeruginosa,287,species,v1.2.3,99.21,0.63,37.7608,SPECIES
Pseudomonas aeruginosa,287,GCF_022570235.1,1,6511042,6511042,1,6511042,1,1,6511042,1,1,6511042,4320864,66.5,100,Pseudomonas aeruginosa,287,species,v1.2.4,99.61,0.29,76.1439,SPECIES
Pseudomonas aeruginosa,287,GCF_044758405.1,1,6510369,6510369,1,6510369,1,1,6510369,1,1,6510369,4318702,66.5,1,Pseudomonas aeruginosa,287,species,v1.2.3,98.82,1.22,21.5209,SPECIES
Pseudomonas aeruginosa,287,GCF_036237015.1,1,6510093,6510093,1,6510093,1,1,6510093,1,1,6510093,4320442,66.5,112,Pseudomonas aeruginosa,287,species,v1.2.3,99.59,0.73,74.8578,SPECIES
Pseudomonas aeruginosa,287,GCF_051015875.1,1,6509478,6509478,1,6509478,1,1,6509478,1,1,6509478,4313646,66.5,1,Pseudomonas aeruginosa,287,species,v1.2.3,98.94,1.22,24.7748,SPECIES
Pseudomonas aeruginosa,287,GCF_027171385.1,1,6508614,6508614,1,6508614,1,1,6508614,1,1,6508614,4313547,66.5,50,Pseudomonas aeruginosa,287,species,v1.2.3,99.82,0.34,94.4109,SPECIES
Pseudomonas aeruginosa,287,GCF_013343375.1,1,6506945,6506945,1,6506945,1,1,6506945,1,1,6506945,4320400,66.5,100,Pseudomonas aeruginosa,287,species,v1.2.4,99.55,0.75,70.9815,SPECIES
Pseudomonas aeruginosa,287,GCF_050596025.1,1,6504758,6504758,1,6504758,1,1,6504758,1,1,6504758,4316621,66.5,1,Pseudomonas aeruginosa,287,species,v1.2.3,99.82,0.86,94.4109,SPECIES
Pseudomonas aeruginosa,287,GCF_001879525.1,1,6504659,6504659,1,6504659,1,1,6504659,1,1,6504659,4317362,66.5,57,Pseudomonas aeruginosa,287,species,v1.2.3,99.73,0.49,87.7371,SPECIES
Pseudomonas aeruginosa,287,GCF_027570675.1,1,6504256,6504256,1,6504256,1,1,6504256,1,1,6504256,4312327,66.5,120,Pseudomonas aeruginosa,287,species,v1.2.3,99.61,0.41,76.1439,SPECIES
Pseudomonas aeruginosa,287,GCF_003429205.1,1,6503460,6503460,1,6503460,1,1,6503460,1,1,6503460,4312609,66.5,179,Pseudomonas aeruginosa,287,species,v1.2.3,99.82,0.43,94.4109,SPECIES
Pseudomonas aeruginosa,287,GCF_051015975.1,1,6503323,6503323,1,6503323,1,1,6503323,1,1,6503323,4319540,66.5,1,Pseudomonas aeruginosa,287,species,v1.2.3,99.82,0.63,94.4109,SPECIES
Pseudomonas aeruginosa,287,GCF_051125645.1,1,6503316,6503316,1,6503316,1,1,6503316,1,1,6503316,4319536,66.5,1,Pseudomonas aeruginosa,287,species,v1.2.3,99.71,0.63,86.1072,SPECIES
Pseudomonas aeruginosa,287,GCF_036233535.1,1,6501549,6501549,1,6501549,1,1,6501549,1,1,6501549,4312175,66.5,77,Pseudomonas aeruginosa,287,species,v1.2.3,99.39,0.5,52.4123,SPECIES
Pseudomonas aeruginosa,287,GCF_008033725.1,1,6501414,6501414,1,6501414,1,1,6501414,1,1,6501414,4315076,66.5,117,Pseudomonas aeruginosa,287,species,v1.2.3,99.61,0.7,76.1439,SPECIES
Pseudomonas aeruginosa,287,GCF_001293085.1,1,6500439,6500439,1,6500439,1,1,6500439,1,1,6500439,4312635,66.5,320,Pseudomonas aeruginosa,287,species,v1.2.3,99.15,0.86,32.9659,SPECIES
Pseudomonas aeruginosa,287,GCF_051125905.1,1,6499987,6499987,1,6499987,1,1,6499987,1,1,6499987,4317639,66.5,1,Pseudomonas aeruginosa,287,species,v1.2.3,99.82,0.63,94.4109,SPECIES
Pseudomonas aeruginosa,287,GCF_036233115.1,1,6499555,6499555,1,6499555,1,1,6499555,1,1,6499555,4316335,66.5,99,Pseudomonas aeruginosa,287,species,v1.2.3,99.61,0.55,76.1439,SPECIES
Pseudomonas aeruginosa,287,GCF_038396855.1,1,6497418,6497418,1,6497418,1,1,6497418,1,1,6497418,4307146,66.5,1,Pseudomonas aeruginosa,287,species,v1.2.3,98.77,0.86,20.537,SPECIES
Pseudomonas aeruginosa,287,GCF_013260445.1,1,6496756,6496756,1,6496756,1,1,6496756,1,1,6496756,4305134,66.5,200,Pseudomonas aeruginosa,287,species,v1.2.4,99.61,0.31,76.1439,SPECIES
Pseudomonas aeruginosa,287,GCF_051015885.1,2,6541895,6541895,2,6494584,1,2,6494584,1,2,6541895,4331796,66,1,Pseudomonas aeruginosa,287,species,v1.2.3,98.52,0.97,16.2281,SPECIES
Pseudomonas aeruginosa,287,GCF_044758345.1,1,6494022,6494022,1,6494022,1,1,6494022,1,1,6494022,4308721,66.5,1,Pseudomonas aeruginosa,287,species,v1.2.3,99.45,0.29,58.2622,SPECIES
Pseudomonas aeruginosa,287,GCF_900618245.1,1,6493562,6493562,1,6493562,1,1,6493562,1,1,6493562,4313384,66.5,21,Pseudomonas aeruginosa,287,species,v1.2.3,98.38,0.78,14.7345,SPECIES
Pseudomonas aeruginosa,287,GCF_050176625.1,2,6539352,6539352,2,6492530,1,2,6492530,1,2,6539352,4338872,66.5,1,Pseudomonas aeruginosa,287,species,v1.2.3,98.46,0.52,15.6354,SPECIES
Pseudomonas aeruginosa,287,GCF_013467605.1,1,6490021,6490021,1,6490021,1,1,6490021,1,1,6490021,4305166,66.5,100,Pseudomonas aeruginosa,287,species,v1.2.3,99.77,0.49,91.0028,SPECIES
Pseudomonas aeruginosa,287,GCF_013395035.1,1,6490014,6490014,1,6490014,1,1,6490014,1,1,6490014,4305149,66.5,100,Pseudomonas aeruginosa,287,species,v1.2.3,99.66,0.49,83.6178,SPECIES
Pseudomonas aeruginosa,287,GCF_029961425.1,1,6489094,6489094,1,6489094,1,1,6489094,1,1,6489094,4303192,66.5,14,Pseudomonas aeruginosa,287,species,v1.2.3,99.54,0.87,67.6031,SPECIES
Pseudomonas aeruginosa,287,GCF_050176295.1,2,6537073,6537073,2,6488898,1,2,6488898,1,2,6537073,4337413,66.5,1,Pseudomonas aeruginosa,287,species,v1.2.3,98.65,0.52,18.2195,SPECIES
Pseudomonas aeruginosa,287,GCF_036232285.1,2,6692538,6692538,2,6488851,1,2,6488851,1,2,6692538,4399167,65.5,73,Pseudomonas aeruginosa,287,species,v1.2.3,95.43,1.76,3.47914,SPECIES
Pseudomonas aeruginosa,287,GCF_037287505.1,1,6488358,6488358,1,6488358,1,1,6488358,1,1,6488358,4308176,66.5,1,Pseudomonas aeruginosa,287,species,v1.2.3,99.82,0.53,94.4109,SPECIES
Pseudomonas aeruginosa,287,GCF_037287585.1,1,6488214,6488214,1,6488214,1,1,6488214,1,1,6488214,4308081,66.5,1,Pseudomonas aeruginosa,287,species,v1.2.3,99.82,0.53,94.4109,SPECIES
Pseudomonas aeruginosa,287,GCF_008033765.1,1,6486336,6486336,1,6486336,1,1,6486336,1,1,6486336,4305329,66.5,144,Pseudomonas aeruginosa,287,species,v1.2.3,99.55,0.71,70.9815,SPECIES
Pseudomonas aeruginosa,287,GCF_045833585.1,1,6485617,6485617,1,6485617,1,1,6485617,1,1,6485617,4299576,66.5,1,Pseudomonas aeruginosa,287,species,v1.2.3,99.82,0.4,94.4109,SPECIES
Pseudomonas aeruginosa,287,GCF_036232145.1,1,6484210,6484210,1,6484210,1,1,6484210,1,1,6484210,4306116,66.5,63,Pseudomonas aeruginosa,287,species,v1.2.3,99.51,0.3,64.527,SPECIES
Pseudomonas aeruginosa,287,GCF_029961545.1,1,6483169,6483169,1,6483169,1,1,6483169,1,1,6483169,4300649,66.5,36,Pseudomonas aeruginosa,287,species,v1.2.3,99.54,0.78,67.6031,SPECIES
Pseudomonas aeruginosa,287,GCF_050571815.1,1,6482950,6482950,1,6482950,1,1,6482950,1,1,6482950,4303428,66.5,1,Pseudomonas aeruginosa,287,species,v1.2.3,99.3,0.28,44.3397,SPECIES
Pseudomonas aeruginosa,287,GCF_050157215.1,2,6531807,6531807,2,6482303,1,2,6482303,1,2,6531807,4328974,66.5,1,Pseudomonas aeruginosa,287,species,v1.2.3,98.54,0.53,16.5007,SPECIES
Pseudomonas aeruginosa,287,GCF_008033745.1,1,6481697,6481697,1,6481697,1,1,6481697,1,1,6481697,4302813,66.5,143,Pseudomonas aeruginosa,287,species,v1.2.3,99.59,0.49,74.8578,SPECIES
Pseudomonas aeruginosa,287,GCF_015697465.1,1,6480192,6480192,1,6480192,1,1,6480192,1,1,6480192,4298672,66.5,150,Pseudomonas aeruginosa,287,species,v1.2.3,99.31,0.5,45.1162,SPECIES
Pseudomonas aeruginosa,287,GCF_902703215.1,1,6479881,6479881,1,6479881,1,1,6479881,1,1,6479881,4297209,66.5,100,Pseudomonas aeruginosa,287,species,v1.2.3,99.77,1.02,91.0028,SPECIES
Pseudomonas aeruginosa,287,GCF_016105665.1,1,6478778,6478778,1,6478778,1,1,6478778,1,1,6478778,4300699,66.5,1,Pseudomonas aeruginosa,287,species,v1.2.3,99.29,0.5,43.504,SPECIES
Pseudomonas aeruginosa,287,GCF_036234315.1,2,6525632,6525632,2,6478778,1,2,6478778,1,2,6525632,4325305,66.5,78,Pseudomonas aeruginosa,287,species,v1.2.3,99.32,0.38,45.6852,SPECIES
Pseudomonas aeruginosa,287,GCF_024266805.1,1,6478686,6478686,1,6478686,1,1,6478686,1,1,6478686,4302463,66.5,300,Pseudomonas aeruginosa,287,species,v1.2.4,99.61,0.49,76.1439,SPECIES
Pseudomonas aeruginosa,287,GCF_003193645.1,1,6475581,6475581,1,6475581,1,1,6475581,1,1,6475581,4295273,66.5,15.41,Pseudomonas aeruginosa,287,species,v1.2.3,98.78,1.32,20.8156,SPECIES
Pseudomonas aeruginosa,287,GCF_029961385.1,1,6475465,6475465,1,6475465,1,1,6475465,1,1,6475465,4295731,66.5,14,Pseudomonas aeruginosa,287,species,v1.2.3,99.75,0.87,88.6617,SPECIES
Pseudomonas aeruginosa,287,GCF_029961405.1,1,6474081,6474081,1,6474081,1,1,6474081,1,1,6474081,4294874,66.5,5,Pseudomonas aeruginosa,287,species,v1.2.3,99.75,0.87,88.6617,SPECIES
Pseudomonas aeruginosa,287,GCF_049678775.1,1,6474071,6474071,1,6474071,1,1,6474071,1,1,6474071,4298623,66.5,1,Pseudomonas aeruginosa,287,species,v1.2.3,99.41,0.3,55.8618,SPECIES
Pseudomonas aeruginosa,287,GCF_023272755.1,1,6473527,6473527,1,6473527,1,1,6473527,1,1,6473527,4293165,66.5,120,Pseudomonas aeruginosa,287,species,v1.2.3,98.97,0.49,25.486,SPECIES
Pseudomonas aeruginosa,287,GCF_036233275.1,1,6472939,6472939,1,6472939,1,1,6472939,1,1,6472939,4296723,66.5,65,Pseudomonas aeruginosa,287,species,v1.2.3,99.49,0.49,62.0495,SPECIES
Pseudomonas aeruginosa,287,GCF_032252955.1,1,6468200,6468200,1,6468200,1,1,6468200,1,1,6468200,4295721,66.5,1045,Pseudomonas aeruginosa,287,species,v1.2.3,99.38,0.53,51.784,SPECIES
Pseudomonas aeruginosa,287,GCF_022700635.2,2,6607909,6607909,2,6467494,1,2,6467494,1,2,6607909,4367837,66,105,Pseudomonas aeruginosa,287,species,v1.2.3,99.15,0.78,32.9659,SPECIES
Pseudomonas aeruginosa,287,GCF_036232525.1,1,6466287,6466287,1,6466287,1,1,6466287,1,1,6466287,4285074,66.5,62,Pseudomonas aeruginosa,287,species,v1.2.3,99.51,0.28,64.527,SPECIES
Pseudomonas aeruginosa,287,GCF_036233175.1,1,6464339,6464339,1,6464339,1,1,6464339,1,1,6464339,4289706,66.5,93,Pseudomonas aeruginosa,287,species,v1.2.3,99.1,0.53,30.6899,SPECIES
Pseudomonas aeruginosa,287,GCF_036232705.1,1,6464048,6464048,1,6464048,1,1,6464048,1,1,6464048,4296289,66.5,57,Pseudomonas aeruginosa,287,species,v1.2.3,99.55,0.7,70.9815,SPECIES
Pseudomonas aeruginosa,287,GCF_002968515.1,1,6463575,6463575,1,6463575,1,1,6463575,1,1,6463575,4294493,66.5,17.18,Pseudomonas aeruginosa,287,species,v1.2.3,99.77,0.49,91.0028,SPECIES
Pseudomonas aeruginosa,287,GCF_027570955.1,1,6463386,6463386,1,6463386,1,1,6463386,1,1,6463386,4282425,66.5,120,Pseudomonas aeruginosa,287,species,v1.2.3,99.51,0.53,64.527,SPECIES
Pseudomonas aeruginosa,287,GCF_036232265.1,1,6463324,6463324,1,6463324,1,1,6463324,1,1,6463324,4289516,66.5,74,Pseudomonas aeruginosa,287,species,v1.2.3,99.61,0.78,76.1439,SPECIES
Pseudomonas aeruginosa,287,GCF_049912835.1,1,6463265,6463265,1,6463265,1,1,6463265,1,1,6463265,4284401,66.5,1,Pseudomonas aeruginosa,287,species,v1.2.3,99.81,0.4,93.913,SPECIES
Pseudomonas aeruginosa,287,GCF_044758355.1,1,6459610,6459610,1,6459610,1,1,6459610,1,1,6459610,4283487,66.5,1,Pseudomonas aeruginosa,287,species,v1.2.3,99.13,0.49,32.1954,SPECIES
Pseudomonas aeruginosa,287,GCF_049564355.1,1,6459516,6459516,1,6459516,1,1,6459516,1,1,6459516,4286920,66.5,1,Pseudomonas aeruginosa,287,species,v1.2.3,99.02,0.29,27.6671,SPECIES
Pseudomonas aeruginosa,287,GCF_043289705.1,1,6458474,6458474,1,6458474,1,1,6458474,1,1,6458474,4287776,66.5,1,Pseudomonas aeruginosa,287,species,v1.2.3,99.03,0.75,28.0346,SPECIES
Pseudomonas aeruginosa,287,GCF_023822305.1,1,6458275,6458275,1,6458275,1,1,6458275,1,1,6458275,4284687,66.5,292,Pseudomonas aeruginosa,287,species,v1.2.3,99.78,0.49,92.2297,SPECIES
Pseudomonas aeruginosa,287,GCF_051015955.1,1,6458191,6458191,1,6458191,1,1,6458191,1,1,6458191,4285492,66.5,1,Pseudomonas aeruginosa,287,species,v1.2.3,99.82,0.49,94.4109,SPECIES
Pseudomonas aeruginosa,287,GCF_030369855.1,1,6457547,6457547,1,6457547,1,1,6457547,1,1,6457547,4285568,66.5,606,Pseudomonas aeruginosa,287,species,v1.2.4,99.77,0.5,91.0028,SPECIES
Pseudomonas aeruginosa,287,GCF_001516105.1,1,6456866,6456866,1,6456866,1,1,6456866,1,1,6456866,4282602,66.5,62.19,Pseudomonas aeruginosa,287,species,v1.2.4,98.72,0.29,19.3694,SPECIES
Pseudomonas aeruginosa,287,GCF_027571325.1,2,6675726,6675726,2,6453705,1,2,6453705,1,2,6675726,4405531,66,120,Pseudomonas aeruginosa,287,species,v1.2.3,99.18,0.9,34.5009,SPECIES
Pseudomonas aeruginosa,287,GCF_900618265.1,1,6452809,6452809,1,6452809,1,1,6452809,1,1,6452809,4284769,66.5,84,Pseudomonas aeruginosa,287,species,v1.2.3,99.49,0.5,62.0495,SPECIES
Pseudomonas aeruginosa,287,GCF_044757535.1,1,6452400,6452400,1,6452400,1,1,6452400,1,1,6452400,4289686,66.5,1,Pseudomonas aeruginosa,287,species,v1.2.3,99.12,1.36,31.8634,SPECIES
Pseudomonas aeruginosa,287,GCF_021497425.1,1,6452370,6452370,1,6452370,1,1,6452370,1,1,6452370,4282999,66.5,100,Pseudomonas aeruginosa,287,species,v1.2.3,99.82,0.28,94.4109,SPECIES
Pseudomonas aeruginosa,287,GCF_052695835.1,1,6452011,6452011,1,6452011,1,1,6452011,1,1,6452011,4283566,66.5,1,Pseudomonas aeruginosa,287,species,v1.2.4,99.61,0.29,76.1439,SPECIES
Pseudomonas aeruginosa,287,GCF_900618255.1,1,6451470,6451470,1,6451470,1,1,6451470,1,1,6451470,4284067,66.5,78,Pseudomonas aeruginosa,287,species,v1.2.3,99.4,0.77,55.0913,SPECIES
Pseudomonas aeruginosa,287,GCF_036233195.1,1,6451040,6451040,1,6451040,1,1,6451040,1,1,6451040,4283716,66.5,108,Pseudomonas aeruginosa,287,species,v1.2.3,99.31,0.5,45.1162,SPECIES
Pseudomonas aeruginosa,287,GCF_036233215.1,1,6451008,6451008,1,6451008,1,1,6451008,1,1,6451008,4283704,66.5,65,Pseudomonas aeruginosa,287,species,v1.2.3,99.49,0.5,62.0495,SPECIES
Pseudomonas aeruginosa,287,GCF_036233235.1,1,6450959,6450959,1,6450959,1,1,6450959,1,1,6450959,4283690,66.5,55,Pseudomonas aeruginosa,287,species,v1.2.3,99.23,0.5,38.6854,SPECIES
Pseudomonas aeruginosa,287,GCF_052695775.1,1,6448980,6448980,1,6448980,1,1,6448980,1,1,6448980,4280121,66.5,1,Pseudomonas aeruginosa,287,species,v1.2.4,99.41,0.71,55.8618,SPECIES
Pseudomonas aeruginosa,287,GCF_039622765.1,1,6447198,6447198,1,6447198,1,1,6447198,1,1,6447198,4282163,66.5,1,Pseudomonas aeruginosa,287,species,v1.2.3,99.55,0.3,70.9815,SPECIES
Pseudomonas aeruginosa,287,GCF_045689665.1,1,6446933,6446933,1,6446933,1,1,6446933,1,1,6446933,4276178,66.5,1,Pseudomonas aeruginosa,287,species,v1.2.3,99.2,0.32,37.2274,SPECIES
Pseudomonas aeruginosa,287,GCF_032696765.1,1,6445503,6445503,1,6445503,1,1,6445503,1,1,6445503,4277856,66.5,100,Pseudomonas aeruginosa,287,species,v1.2.3,99.71,0.64,86.1072,SPECIES
Pseudomonas aeruginosa,287,GCF_002075065.1,1,6445239,6445239,1,6445239,1,1,6445239,1,1,6445239,4278248,66.5,21.29,Pseudomonas aeruginosa,287,species,v1.2.3,99.55,0.59,70.9815,SPECIES
Pseudomonas aeruginosa,287,GCF_030122135.1,3,6907196,6907196,3,6442275,1,3,6442275,1,3,6907196,4540101,65.5,100,Pseudomonas aeruginosa,287,species,v1.2.3,99.77,1.82,91.0028,SPECIES
Pseudomonas aeruginosa,287,GCF_046272045.1,1,6441980,6441980,1,6441980,1,1,6441980,1,1,6441980,4270620,66.5,1,Pseudomonas aeruginosa,287,species,v1.2.3,98.91,0.5,23.7138,SPECIES
Pseudomonas aeruginosa,287,GCF_009648875.1,1,6441924,6441924,1,6441924,1,1,6441924,1,1,6441924,4270590,66.5,31,Pseudomonas aeruginosa,287,species,v1.2.3,99.55,0.5,70.9815,SPECIES
Pseudomonas aeruginosa,287,GCF_036233735.1,1,6441832,6441832,1,6441832,1,1,6441832,1,1,6441832,4279305,66.5,68,Pseudomonas aeruginosa,287,species,v1.2.3,99.61,0.44,76.1439,SPECIES
Pseudomonas aeruginosa,287,GCF_021166255.2,1,6441146,6441146,1,6441146,1,1,6441146,1,1,6441146,4277979,66.5,291,Pseudomonas aeruginosa,287,species,v1.2.3,99.34,0.49,48.9509,SPECIES
Pseudomonas aeruginosa,287,GCF_029961605.1,1,6440143,6440143,1,6440143,1,1,6440143,1,1,6440143,4276912,66.5,19,Pseudomonas aeruginosa,287,species,v1.2.3,99.82,0.57,94.4109,SPECIES
Pseudomonas aeruginosa,287,GCF_049913035.1,1,6439600,6439600,1,6439600,1,1,6439600,1,1,6439600,4272668,66.5,1,Pseudomonas aeruginosa,287,species,v1.2.3,99.13,0.49,32.1954,SPECIES
Pseudomonas aeruginosa,287,GCF_014467035.1,1,6438945,6438945,1,6438945,1,1,6438945,1,1,6438945,4277065,66.5,255,Pseudomonas aeruginosa,287,species,v1.2.3,98.67,0.54,18.4862,SPECIES
Pseudomonas aeruginosa,287,GCF_027570895.1,1,6437547,6437547,1,6437547,1,1,6437547,1,1,6437547,4264866,66,120,Pseudomonas aeruginosa,287,species,v1.2.3,98.11,0.32,12.34,SPECIES
Pseudomonas aeruginosa,287,GCF_002812865.1,2,6497438,6497438,2,6437515,1,2,6437515,1,2,6497438,4308495,66.5,100,Pseudomonas aeruginosa,287,species,v1.2.3,99.19,0.38,36.9429,SPECIES
Pseudomonas aeruginosa,287,GCF_002812885.1,2,6494275,6494275,2,6434352,1,2,6434352,1,2,6494275,4306713,66.5,100,Pseudomonas aeruginosa,287,species,v1.2.3,99.19,0.38,36.9429,SPECIES
Pseudomonas aeruginosa,287,GCF_900618325.1,1,6434133,6434133,1,6434133,1,1,6434133,1,1,6434133,4272124,66.5,78,Pseudomonas aeruginosa,287,species,v1.2.3,99.74,0.47,88.1994,SPECIES
Pseudomonas aeruginosa,287,GCF_900618335.1,1,6434020,6434020,1,6434020,1,1,6434020,1,1,6434020,4272041,66.5,58,Pseudomonas aeruginosa,287,species,v1.2.3,99.62,0.47,82.1835,SPECIES
Pseudomonas aeruginosa,287,GCF_900618275.1,1,6433962,6433962,1,6433962,1,1,6433962,1,1,6433962,4272016,66.5,20,Pseudomonas aeruginosa,287,species,v1.2.3,99.71,0.47,86.1072,SPECIES
Pseudomonas aeruginosa,287,GCF_900618315.1,1,6433960,6433960,1,6433960,1,1,6433960,1,1,6433960,4271989,66.5,67,Pseudomonas aeruginosa,287,species,v1.2.3,99.82,0.47,94.4109,SPECIES
Pseudomonas aeruginosa,287,GCF_038420425.1,1,6433752,6433752,1,6433752,1,1,6433752,1,1,6433752,4270281,66.5,1,Pseudomonas aeruginosa,287,species,v1.2.3,99.75,0.7,88.6617,SPECIES
Pseudomonas aeruginosa,287,GCF_051599335.1,1,6432872,6432872,1,6432872,1,1,6432872,1,1,6432872,4270926,66.5,1,Pseudomonas aeruginosa,287,species,v1.2.4,99.61,0.26,76.1439,SPECIES
Pseudomonas aeruginosa,287,GCF_023958495.2,1,6432043,6432043,1,6432043,1,1,6432043,1,1,6432043,4263698,66.5,1,Pseudomonas aeruginosa,287,species,v1.2.3,99.55,0.28,70.9815,SPECIES
Pseudomonas aeruginosa,287,GCF_001482325.1,1,6431911,6431911,1,6431911,1,1,6431911,1,1,6431911,4267421,66.5,200,Pseudomonas aeruginosa,287,species,v1.2.3,99.5,0.29,63.3831,SPECIES
Pseudomonas aeruginosa,287,GCF_001679685.1,2,6853510,6853510,2,6430493,1,2,6430493,1,2,6853510,4510215,66,120,Pseudomonas aeruginosa,287,species,v1.2.3,99.43,1.6,56.8516,SPECIES
Pseudomonas aeruginosa,287,GCF_040931625.1,1,6430473,6430473,1,6430473,1,1,6430473,1,1,6430473,4266883,66.5,1,Pseudomonas aeruginosa,287,species,v1.2.4,99.55,0.71,70.9815,SPECIES
Pseudomonas aeruginosa,287,GCF_049678725.1,1,6429982,6429982,1,6429982,1,1,6429982,1,1,6429982,4271829,66.5,1,Pseudomonas aeruginosa,287,species,v1.2.3,99.44,0.37,57.7762,SPECIES
Pseudomonas aeruginosa,287,GCF_030369815.1,1,6429397,6429397,1,6429397,1,1,6429397,1,1,6429397,4266774,66.5,390,Pseudomonas aeruginosa,287,species,v1.2.4,99.54,0.5,67.6031,SPECIES
Pseudomonas aeruginosa,287,GCF_038397815.1,3,6889145,6889145,3,6428706,1,3,6428706,1,3,6889145,4529100,65.5,1,Pseudomonas aeruginosa,287,species,v1.2.3,99.72,1.45,87.3281,SPECIES
Pseudomonas aeruginosa,287,GCF_021184265.1,2,6468314,6468314,2,6427622,1,2,6427622,1,2,6468314,4284800,66,100,Pseudomonas aeruginosa,287,species,v1.2.3,98.97,0.69,25.486,SPECIES
Pseudomonas aeruginosa,287,GCF_036232645.1,1,6427097,6427097,1,6427097,1,1,6427097,1,1,6427097,4248084,66,133,Pseudomonas aeruginosa,287,species,v1.2.3,96.11,0.76,4.42153,SPECIES
Pseudomonas aeruginosa,287,GCF_051016035.1,1,6426922,6426922,1,6426922,1,1,6426922,1,1,6426922,4263841,66.5,1,Pseudomonas aeruginosa,287,species,v1.2.3,99.82,0.49,94.4109,SPECIES
Pseudomonas aeruginosa,287,GCF_049912885.1,1,6426130,6426130,1,6426130,1,1,6426130,1,1,6426130,4266168,66.5,1,Pseudomonas aeruginosa,287,species,v1.2.3,97.9,0.34,10.8879,SPECIES
Pseudomonas aeruginosa,287,GCF_050908865.1,1,6424851,6424851,1,6424851,1,1,6424851,1,1,6424851,4263660,66.5,1,Pseudomonas aeruginosa,287,species,v1.2.3,96.36,0.5,4.92532,SPECIES
Pseudomonas aeruginosa,287,GCF_049678235.1,1,6424108,6424108,1,6424108,1,1,6424108,1,1,6424108,4268287,66.5,1,Pseudomonas aeruginosa,287,species,v1.2.3,99.45,0.37,58.2622,SPECIES
Pseudomonas aeruginosa,287,GCF_049680655.1,1,6424106,6424106,1,6424106,1,1,6424106,1,1,6424106,4268270,66.5,1,Pseudomonas aeruginosa,287,species,v1.2.3,99.45,0.37,58.2622,SPECIES
Pseudomonas aeruginosa,287,GCF_029201245.1,1,6423952,6423952,1,6423952,1,1,6423952,1,1,6423952,4257379,66.5,261.48,Pseudomonas aeruginosa,287,species,v1.2.3,99.79,0.5,92.5557,SPECIES
Pseudomonas aeruginosa,287,GCF_022699525.1,1,6423573,6423573,1,6423573,1,1,6423573,1,1,6423573,4267470,66.5,100,Pseudomonas aeruginosa,287,species,v1.2.3,98.86,0.26,22.4988,SPECIES
Pseudomonas aeruginosa,287,GCF_030028275.1,1,6423038,6423038,1,6423038,1,1,6423038,1,1,6423038,4254263,66,236,Pseudomonas aeruginosa,287,species,v1.2.3,99.66,0.77,83.6178,SPECIES
Pseudomonas aeruginosa,287,GCF_050908545.1,1,6421080,6421080,1,6421080,1,1,6421080,1,1,6421080,4263006,66.5,1,Pseudomonas aeruginosa,287,species,v1.2.3,98.22,0.37,13.0986,SPECIES
Pseudomonas aeruginosa,287,GCF_027570935.1,1,6420794,6420794,1,6420794,1,1,6420794,1,1,6420794,4261326,66.5,120,Pseudomonas aeruginosa,287,species,v1.2.3,99.56,0.28,72.8485,SPECIES
Pseudomonas aeruginosa,287,GCF_022569995.1,1,6420456,6420456,1,6420456,1,1,6420456,1,1,6420456,4257364,66.5,100,Pseudomonas aeruginosa,287,species,v1.2.4,98.83,0.9,21.669,SPECIES
Pseudomonas aeruginosa,287,GCF_019084125.3,3,6427509,6427509,3,6420288,1,3,6420288,1,3,6427509,4267138,66.5,1,Pseudomonas aeruginosa,287,species,v1.2.3,99.61,0.82,76.1439,SPECIES
Pseudomonas aeruginosa,287,GCF_050243985.1,1,6418841,6418841,1,6418841,1,1,6418841,1,1,6418841,4261406,66.5,1,Pseudomonas aeruginosa,287,species,v1.2.3,98.43,0.35,15.2738,SPECIES
Pseudomonas aeruginosa,287,GCF_036233375.1,2,6611669,6611669,2,6418168,1,2,6418168,1,2,6611669,4372609,66,120,Pseudomonas aeruginosa,287,species,v1.2.3,99.71,0.73,86.1072,SPECIES
Pseudomonas aeruginosa,287,GCF_040429595.1,1,6415628,6415628,1,6415628,1,1,6415628,1,1,6415628,4259479,66.5,1,Pseudomonas aeruginosa,287,species,v1.2.4,99.26,0.7,40.5168,SPECIES
Pseudomonas aeruginosa,287,GCF_013343355.1,1,6414921,6414921,1,6414921,1,1,6414921,1,1,6414921,4258272,66.5,100,Pseudomonas aeruginosa,287,species,v1.2.4,99.36,0.36,50.166,SPECIES
Pseudomonas aeruginosa,287,GCF_041519645.1,1,6413472,6413472,1,6413472,1,1,6413472,1,1,6413472,4261488,66.5,1,Pseudomonas aeruginosa,287,species,v1.2.4,99.75,0.28,88.6617,SPECIES
Pseudomonas aeruginosa,287,GCF_018409365.1,1,6411763,6411763,1,6411763,1,1,6411763,1,1,6411763,4258321,66.5,590,Pseudomonas aeruginosa,287,species,v1.2.3,99.82,0.51,94.4109,SPECIES
Pseudomonas aeruginosa,287,GCF_047198885.1,2,6859908,6859908,2,6411703,1,2,6411703,1,2,6859908,4503661,65.5,1,Pseudomonas aeruginosa,287,species,v1.2.3,99.71,1.81,86.1072,SPECIES
Pseudomonas aeruginosa,287,GCF_045278155.1,1,6410639,6410639,1,6410639,1,1,6410639,1,1,6410639,4256825,66.5,1,Pseudomonas aeruginosa,287,species,v1.2.3,99.82,1.2,94.4109,SPECIES
Pseudomonas aeruginosa,287,GCF_049532575.1,1,6410299,6410299,1,6410299,1,1,6410299,1,1,6410299,4259128,66.5,1,Pseudomonas aeruginosa,287,species,v1.2.3,99.64,0.35,82.6932,SPECIES
Pseudomonas aeruginosa,287,GCA_053051135.1,1,6409853,6409853,1,6409853,1,1,6409853,1,1,6409853,4249087,66.5,300,NA,NA,NA,NA,NA,NA,NA,SPECIES
Pseudomonas aeruginosa,287,GCF_051015855.1,1,6408360,6408360,1,6408360,1,1,6408360,1,1,6408360,4253404,66.5,1,Pseudomonas aeruginosa,287,species,v1.2.3,99.33,0.49,48.4353,SPECIES
Pseudomonas aeruginosa,287,GCF_038396885.1,5,6917229,6917229,5,6408148,1,5,6408148,1,5,6917229,4542637,65.5,1,Pseudomonas aeruginosa,287,species,v1.2.3,99.82,1.74,94.4109,SPECIES
Pseudomonas aeruginosa,287,GCF_021513675.1,1,6407559,6407559,1,6407559,1,1,6407559,1,1,6407559,4259351,66.5,217.702,Pseudomonas aeruginosa,287,species,v1.2.3,99.82,0.5,94.4109,SPECIES
Pseudomonas aeruginosa,287,GCF_036232165.1,1,6406245,6406245,1,6406245,1,1,6406245,1,1,6406245,4251708,66.5,56,Pseudomonas aeruginosa,287,species,v1.2.3,99.39,0.67,52.4123,SPECIES
Pseudomonas aeruginosa,287,GCF_052695675.1,2,6534273,6534273,2,6405290,1,2,6405290,1,2,6534273,4330188,66.5,1,Pseudomonas aeruginosa,287,species,v1.2.4,99.66,1.2,83.6178,SPECIES
Pseudomonas aeruginosa,287,GCF_052695685.1,2,6534135,6534135,2,6405146,1,2,6405146,1,2,6534135,4330098,66.5,1,Pseudomonas aeruginosa,287,species,v1.2.4,99.67,1.2,84.1038,SPECIES
Pseudomonas aeruginosa,287,GCF_050243745.1,1,6402937,6402937,1,6402937,1,1,6402937,1,1,6402937,4248857,66.5,1,Pseudomonas aeruginosa,287,species,v1.2.3,97.5,0.44,8.6415400000000009,SPECIES
Pseudomonas aeruginosa,287,GCF_001447845.1,1,6400418,6400418,1,6400418,1,1,6400418,1,1,6400418,4251381,66.5,200,Pseudomonas aeruginosa,287,species,v1.2.3,99.1,0.3,30.6899,SPECIES
Pseudomonas aeruginosa,287,GCF_049912995.1,1,6400404,6400404,1,6400404,1,1,6400404,1,1,6400404,4242008,66.5,1,Pseudomonas aeruginosa,287,species,v1.2.3,98.05,0.29,11.9073,SPECIES
Pseudomonas aeruginosa,287,GCF_019857445.1,4,6466962,6466962,4,6399185,1,4,6399185,1,4,6466962,4291735,66.5,126,Pseudomonas aeruginosa,287,species,v1.2.3,99.47,0.31,59.3706,SPECIES
Pseudomonas aeruginosa,287,GCF_046764335.1,1,6399073,6399073,1,6399073,1,1,6399073,1,1,6399073,4252318,66.5,1,Pseudomonas aeruginosa,287,species,v1.2.3,99.82,0.7,94.4109,SPECIES
Pseudomonas aeruginosa,287,GCF_041154335.1,1,6398572,6398572,1,6398572,1,1,6398572,1,1,6398572,4252123,66.5,1,Pseudomonas aeruginosa,287,species,v1.2.4,99.82,0.29,94.4109,SPECIES
Pseudomonas aeruginosa,287,GCF_009911735.1,1,6397159,6397159,1,6397159,1,1,6397159,1,1,6397159,4249282,66.5,182,Pseudomonas aeruginosa,287,species,v1.2.3,99.73,0.49,87.7371,SPECIES
Pseudomonas aeruginosa,287,GCF_027570655.1,1,6396161,6396161,1,6396161,1,1,6396161,1,1,6396161,4246321,66.5,120,Pseudomonas aeruginosa,287,species,v1.2.3,98.94,0.28,24.7748,SPECIES
Pseudomonas aeruginosa,287,GCF_013343535.1,1,6394923,6394923,1,6394923,1,1,6394923,1,1,6394923,4247969,66.5,100,Pseudomonas aeruginosa,287,species,v1.2.4,99.54,0.54,67.6031,SPECIES
Pseudomonas aeruginosa,287,GCF_046529505.1,1,6393271,6393271,1,6393271,1,1,6393271,1,1,6393271,4245458,66.5,1,Pseudomonas aeruginosa,287,species,v1.2.3,99.18,0.47,34.5009,SPECIES
Pseudomonas aeruginosa,287,GCF_030369835.1,1,6392724,6392724,1,6392724,1,1,6392724,1,1,6392724,4242790,66.5,369,Pseudomonas aeruginosa,287,species,v1.2.4,99.82,0.32,94.4109,SPECIES
Pseudomonas aeruginosa,287,GCF_044758415.1,1,6392455,6392455,1,6392455,1,1,6392455,1,1,6392455,4247607,66.5,1,Pseudomonas aeruginosa,287,species,v1.2.3,99.61,0.68,76.1439,SPECIES
Pseudomonas aeruginosa,287,GCF_036232845.1,1,6391834,6391834,1,6391834,1,1,6391834,1,1,6391834,4243127,66.5,97,Pseudomonas aeruginosa,287,species,v1.2.3,99.82,0.28,94.4109,SPECIES
Pseudomonas aeruginosa,287,GCF_036232865.1,1,6391808,6391808,1,6391808,1,1,6391808,1,1,6391808,4243122,66.5,57,Pseudomonas aeruginosa,287,species,v1.2.3,99.79,0.28,92.5557,SPECIES
Pseudomonas aeruginosa,287,GCF_019443665.1,3,6704238,6704238,3,6390970,1,3,6390970,1,3,6704238,4426898,66,482,Pseudomonas aeruginosa,287,species,v1.2.4,99.6,1.82,75.6757,SPECIES
Pseudomonas aeruginosa,287,GCF_013341295.1,1,6390212,6390212,1,6390212,1,1,6390212,1,1,6390212,4245766,66.5,259.82,Pseudomonas aeruginosa,287,species,v1.2.3,97.37,0.33,8.06662,SPECIES
Pseudomonas aeruginosa,287,GCF_018138065.1,2,6826424,6826424,2,6389938,1,2,6389938,1,2,6826424,4491677,66,153,Pseudomonas aeruginosa,287,species,v1.2.3,99.73,1.71,87.7371,SPECIES
Pseudomonas aeruginosa,287,GCF_035666215.1,1,6389938,6389938,1,6389938,1,1,6389938,1,1,6389938,4242412,66.5,2591,Pseudomonas aeruginosa,287,species,v1.2.3,99.14,0.49,32.6636,SPECIES
Pseudomonas aeruginosa,287,GCF_051015945.1,1,6389087,6389087,1,6389087,1,1,6389087,1,1,6389087,4244201,66.5,1,Pseudomonas aeruginosa,287,species,v1.2.3,99.58,0.45,73.8265,SPECIES
Pseudomonas aeruginosa,287,GCF_019364615.1,2,6875654,6875654,2,6388691,1,2,6388691,1,2,6875654,4511706,65.5,141,Pseudomonas aeruginosa,287,species,v1.2.3,99.13,2.29,32.1954,SPECIES
Pseudomonas aeruginosa,287,GCF_052696315.1,1,6387657,6387657,1,6387657,1,1,6387657,1,1,6387657,4244302,66.5,1,Pseudomonas aeruginosa,287,species,v1.2.4,99.82,0.28,94.4109,SPECIES
Pseudomonas aeruginosa,287,GCF_026727715.1,1,6387430,6387430,1,6387430,1,1,6387430,1,1,6387430,4239682,66.5,167.3,Pseudomonas aeruginosa,287,species,v1.2.3,99.39,0.82,52.4123,SPECIES
Pseudomonas aeruginosa,287,GCF_026727695.1,1,6387416,6387416,1,6387416,1,1,6387416,1,1,6387416,4239672,66.5,209.5,Pseudomonas aeruginosa,287,species,v1.2.3,99.39,0.82,52.4123,SPECIES
Pseudomonas aeruginosa,287,GCF_013343475.1,1,6386887,6386887,1,6386887,1,1,6386887,1,1,6386887,4243840,66.5,100,Pseudomonas aeruginosa,287,species,v1.2.4,99.51,0.5,64.527,SPECIES
Pseudomonas aeruginosa,287,GCF_037285345.1,2,6427997,6427997,2,6386726,1,2,6386726,1,2,6427997,4266060,66.5,1,Pseudomonas aeruginosa,287,species,v1.2.3,99.74,0.31,88.1994,SPECIES
Pseudomonas aeruginosa,287,GCF_036418125.1,1,6386304,6386304,1,6386304,1,1,6386304,1,1,6386304,4225392,66,32,Pseudomonas aeruginosa,287,species,v1.2.3,97.03,0.7,6.71527,SPECIES
Pseudomonas aeruginosa,287,GCF_036232805.1,3,6590325,6590325,3,6385500,1,3,6385500,1,3,6590325,4333312,66,159,Pseudomonas aeruginosa,287,species,v1.2.3,95.32,0.83,3.38431,SPECIES
Pseudomonas aeruginosa,287,GCF_022559545.1,1,6385154,6385154,1,6385154,1,1,6385154,1,1,6385154,4246786,66.5,36,Pseudomonas aeruginosa,287,species,v1.2.3,99.81,0.49,93.913,SPECIES
Pseudomonas aeruginosa,287,GCF_004102665.1,1,6383803,6383803,1,6383803,1,1,6383803,1,1,6383803,4240044,66.5,100,Pseudomonas aeruginosa,287,species,v1.2.3,99.82,0.49,94.4109,SPECIES
Pseudomonas aeruginosa,287,GCF_021398755.1,1,6382961,6382961,1,6382961,1,1,6382961,1,1,6382961,4236706,66.5,189.47,Pseudomonas aeruginosa,287,species,v1.2.3,99.54,0.49,67.6031,SPECIES
Pseudomonas aeruginosa,287,GCF_019466145.1,1,6382345,6382345,1,6382345,1,1,6382345,1,1,6382345,4242142,66.5,420,Pseudomonas aeruginosa,287,species,v1.2.3,99.75,0.49,88.6617,SPECIES
Pseudomonas aeruginosa,287,GCF_022699505.1,1,6381849,6381849,1,6381849,1,1,6381849,1,1,6381849,4235803,66.5,100,Pseudomonas aeruginosa,287,species,v1.2.3,98.43,0.7,15.2738,SPECIES
Pseudomonas aeruginosa,287,GCF_023101265.1,2,6877311,6877311,2,6381690,1,2,6381690,1,2,6877311,4519308,65.5,100,Pseudomonas aeruginosa,287,species,v1.2.3,99.55,1.68,70.9815,SPECIES
Pseudomonas aeruginosa,287,GCF_027571015.1,1,6381417,6381417,1,6381417,1,1,6381417,1,1,6381417,4238065,66.5,120,Pseudomonas aeruginosa,287,species,v1.2.3,99.77,0.63,91.0028,SPECIES
Pseudomonas aeruginosa,287,GCF_051016075.1,1,6380312,6380312,1,6380312,1,1,6380312,1,1,6380312,4238739,66.5,1,Pseudomonas aeruginosa,287,species,v1.2.3,99.55,0.28,70.9815,SPECIES
Pseudomonas aeruginosa,287,GCF_051015895.1,1,6378014,6378014,1,6378014,1,1,6378014,1,1,6378014,4228867,66.5,1,Pseudomonas aeruginosa,287,species,v1.2.3,98.91,1.04,23.7138,SPECIES
Pseudomonas aeruginosa,287,GCF_049913005.1,1,6377146,6377146,1,6377146,1,1,6377146,1,1,6377146,4235495,66.5,1,Pseudomonas aeruginosa,287,species,v1.2.3,98.36,0.94,14.5389,SPECIES
Pseudomonas aeruginosa,287,GCF_049567025.1,1,6376277,6376277,1,6376277,1,1,6376277,1,1,6376277,4232440,66.5,1,Pseudomonas aeruginosa,287,species,v1.2.3,97.53,0.34,8.76008,SPECIES
Pseudomonas aeruginosa,287,GCF_050242965.1,1,6376198,6376198,1,6376198,1,1,6376198,1,1,6376198,4237149,66.5,1,Pseudomonas aeruginosa,287,species,v1.2.3,98.82,0.57,21.5209,SPECIES
Pseudomonas aeruginosa,287,GCF_021249245.1,1,6376164,6376164,1,6376164,1,1,6376164,1,1,6376164,4236978,66.5,12,Pseudomonas aeruginosa,287,species,v1.2.3,99.59,0.28,74.8578,SPECIES
Pseudomonas aeruginosa,287,GCF_051125625.1,1,6376100,6376100,1,6376100,1,1,6376100,1,1,6376100,4240371,66.5,1,Pseudomonas aeruginosa,287,species,v1.2.3,99.61,0.38,76.1439,SPECIES
Pseudomonas aeruginosa,287,GCF_012276675.1,1,6375262,6375262,1,6375262,1,1,6375262,1,1,6375262,4232809,66.5,1500,Pseudomonas aeruginosa,287,species,v1.2.3,98.97,1.05,25.486,SPECIES
Pseudomonas aeruginosa,287,GCF_030866885.1,2,6873630,6873630,2,6375221,1,2,6375221,1,2,6873630,4516899,65.5,10,Pseudomonas aeruginosa,287,species,v1.2.4,99.55,1.68,70.9815,SPECIES
Pseudomonas aeruginosa,287,GCF_049566525.1,1,6375136,6375136,1,6375136,1,1,6375136,1,1,6375136,4236582,66.5,1,Pseudomonas aeruginosa,287,species,v1.2.3,99.71,0.28,86.1072,SPECIES
Pseudomonas aeruginosa,287,GCF_035621395.1,1,6374651,6374651,1,6374651,1,1,6374651,1,1,6374651,4222783,66,140,Pseudomonas aeruginosa,287,species,v1.2.3,95.83,0.47,3.95922,SPECIES
Pseudomonas aeruginosa,287,GCF_029961485.1,1,6374511,6374511,1,6374511,1,1,6374511,1,1,6374511,4235784,66.5,8,Pseudomonas aeruginosa,287,species,v1.2.3,98.06,0.29,11.9666,SPECIES
Pseudomonas aeruginosa,287,GCF_027570755.1,1,6374444,6374444,1,6374444,1,1,6374444,1,1,6374444,4232888,66.5,120,Pseudomonas aeruginosa,287,species,v1.2.3,99.29,1.06,43.504,SPECIES
Pseudomonas aeruginosa,287,GCF_016743035.1,1,6374121,6374121,1,6374121,1,1,6374121,1,1,6374121,4246052,66.5,296,Pseudomonas aeruginosa,287,species,v1.2.3,98.74,1.24,19.7783,SPECIES
Pseudomonas aeruginosa,287,GCF_004355145.1,1,6373893,6373893,1,6373893,1,1,6373893,1,1,6373893,4237317,66.5,100,Pseudomonas aeruginosa,287,species,v1.2.3,98.74,0.49,19.7783,SPECIES
Pseudomonas aeruginosa,287,GCF_042187215.1,1,6373804,6373804,1,6373804,1,1,6373804,1,1,6373804,4237459,66.5,1,Pseudomonas aeruginosa,287,species,v1.2.4,99.15,0.49,32.9659,SPECIES
Pseudomonas aeruginosa,287,GCF_004355125.1,1,6373139,6373139,1,6373139,1,1,6373139,1,1,6373139,4236900,66.5,100,Pseudomonas aeruginosa,287,species,v1.2.3,99.39,0.49,52.4123,SPECIES
Pseudomonas aeruginosa,287,GCF_023101285.1,1,6373091,6373091,1,6373091,1,1,6373091,1,1,6373091,4234088,66.5,100,Pseudomonas aeruginosa,287,species,v1.2.3,99.61,0.4,76.1439,SPECIES
Pseudomonas aeruginosa,287,GCF_049679295.1,1,6372003,6372003,1,6372003,1,1,6372003,1,1,6372003,4232493,66.5,1,Pseudomonas aeruginosa,287,species,v1.2.3,99.75,0.58,88.6617,SPECIES
Pseudomonas aeruginosa,287,GCF_036232305.1,1,6371888,6371888,1,6371888,1,1,6371888,1,1,6371888,4237060,66.5,70,Pseudomonas aeruginosa,287,species,v1.2.3,99.82,0.7,94.4109,SPECIES
Pseudomonas aeruginosa,287,GCF_049564365.1,1,6371690,6371690,1,6371690,1,1,6371690,1,1,6371690,4234756,66.5,1,Pseudomonas aeruginosa,287,species,v1.2.3,99.82,0.5,94.4109,SPECIES
Pseudomonas aeruginosa,287,GCF_052695815.1,2,6506212,6506212,2,6371610,1,2,6371610,1,2,6506212,4307210,66,1,Pseudomonas aeruginosa,287,species,v1.2.4,97.9,0.36,10.8879,SPECIES
Pseudomonas aeruginosa,287,GCF_001606045.1,1,6370730,6370730,1,6370730,1,1,6370730,1,1,6370730,4231099,66.5,200,Pseudomonas aeruginosa,287,species,v1.2.4,99.61,0.61,76.1439,SPECIES
Pseudomonas aeruginosa,287,GCF_037287465.1,1,6370025,6370025,1,6370025,1,1,6370025,1,1,6370025,4232069,66.5,1,Pseudomonas aeruginosa,287,species,v1.2.3,99.6,0.28,75.6757,SPECIES
Pseudomonas aeruginosa,287,GCF_036237035.1,1,6369971,6369971,1,6369971,1,1,6369971,1,1,6369971,4233164,66.5,95,Pseudomonas aeruginosa,287,species,v1.2.3,99.03,1.21,28.0346,SPECIES
Pseudomonas aeruginosa,287,GCF_021166275.2,1,6369958,6369958,1,6369958,1,1,6369958,1,1,6369958,4236151,66.5,235,Pseudomonas aeruginosa,287,species,v1.2.3,99.58,0.49,73.8265,SPECIES
Pseudomonas aeruginosa,287,GCF_037267025.1,1,6369881,6369881,1,6369881,1,1,6369881,1,1,6369881,4231972,66.5,1,Pseudomonas aeruginosa,287,species,v1.2.3,99.61,0.28,76.1439,SPECIES
Pseudomonas aeruginosa,287,GCF_035984435.1,1,6369381,6369381,1,6369381,1,1,6369381,1,1,6369381,4234055,66.5,100,Pseudomonas aeruginosa,287,species,v1.2.3,99.82,0.4,94.4109,SPECIES
Pseudomonas aeruginosa,287,GCF_001077475.1,1,6368008,6368008,1,6368008,1,1,6368008,1,1,6368008,4232503,66.5,100,Pseudomonas aeruginosa,287,species,v1.2.3,99.61,0.71,76.1439,SPECIES
Pseudomonas aeruginosa,287,GCF_001518975.1,1,6364583,6364583,1,6364583,1,1,6364583,1,1,6364583,4225748,66.5,69,Pseudomonas aeruginosa,287,species,v1.2.3,99.71,0.28,86.1072,SPECIES
Pseudomonas aeruginosa,287,GCF_024397355.1,1,6364446,6364446,1,6364446,1,1,6364446,1,1,6364446,4229916,66.5,432,Pseudomonas aeruginosa,287,species,v1.2.4,99.55,0.29,70.9815,SPECIES
Pseudomonas aeruginosa,287,GCF_900637045.1,1,6363395,6363395,1,6363395,1,1,6363395,1,1,6363395,4224869,66.5,100,Pseudomonas aeruginosa,287,species,v1.2.3,99.55,0.71,70.9815,SPECIES
Pseudomonas aeruginosa,287,GCF_049564885.1,1,6363023,6363023,1,6363023,1,1,6363023,1,1,6363023,4231246,66.5,1,Pseudomonas aeruginosa,287,species,v1.2.3,99.27,0.97,41.0147,SPECIES
Pseudomonas aeruginosa,287,GCF_040735975.1,1,6360911,6360911,1,6360911,1,1,6360911,1,1,6360911,4226105,66.5,1,Pseudomonas aeruginosa,287,species,v1.2.4,97.28,0.76,7.78212,SPECIES
Pseudomonas aeruginosa,287,GCF_027570615.1,1,6360180,6360180,1,6360180,1,1,6360180,1,1,6360180,4229647,66.5,120,Pseudomonas aeruginosa,287,species,v1.2.3,99.38,0.5,51.784,SPECIES
Pseudomonas aeruginosa,287,GCF_050241225.1,1,6359292,6359292,1,6359292,1,1,6359292,1,1,6359292,4225522,66.5,1,Pseudomonas aeruginosa,287,species,v1.2.3,98.74,0.28,19.7783,SPECIES
Pseudomonas aeruginosa,287,GCF_049679795.1,2,6510229,6510229,2,6356423,1,2,6356423,1,2,6510229,4309301,66,1,Pseudomonas aeruginosa,287,species,v1.2.3,99.34,0.82,48.9509,SPECIES
Pseudomonas aeruginosa,287,GCF_044758985.1,1,6356170,6356170,1,6356170,1,1,6356170,1,1,6356170,4225898,66.5,1,Pseudomonas aeruginosa,287,species,v1.2.3,95.86,0.49,4.02442,SPECIES
Pseudomonas aeruginosa,287,GCF_036232495.1,1,6355885,6355885,1,6355885,1,1,6355885,1,1,6355885,4226279,66.5,68,Pseudomonas aeruginosa,287,species,v1.2.3,99.47,0.55,59.3706,SPECIES
Pseudomonas aeruginosa,287,GCF_036237075.1,1,6355870,6355870,1,6355870,1,1,6355870,1,1,6355870,4226251,66.5,68,Pseudomonas aeruginosa,287,species,v1.2.3,99.47,0.55,59.3706,SPECIES
Pseudomonas aeruginosa,287,GCF_023380065.1,1,6355621,6355621,1,6355621,1,1,6355621,1,1,6355621,4224120,66.5,252,Pseudomonas aeruginosa,287,species,v1.2.3,99.55,0.36,70.9815,SPECIES
Pseudomonas aeruginosa,287,GCF_044758995.1,1,6354499,6354499,1,6354499,1,1,6354499,1,1,6354499,4224657,66.5,1,Pseudomonas aeruginosa,287,species,v1.2.3,96.29,0.49,4.75936,SPECIES
Pseudomonas aeruginosa,287,GCF_045919575.1,1,6353425,6353425,1,6353425,1,1,6353425,1,1,6353425,4222257,66.5,1,Pseudomonas aeruginosa,287,species,v1.2.3,99.55,0.49,70.9815,SPECIES
Pseudomonas aeruginosa,287,GCF_052072165.1,2,6799795,6799795,2,6351666,1,2,6351666,1,2,6799795,4470157,65.5,115,Pseudomonas aeruginosa,287,species,v1.2.4,99.61,1.31,76.1439,SPECIES
Pseudomonas aeruginosa,287,GCF_050242305.1,1,6351535,6351535,1,6351535,1,1,6351535,1,1,6351535,4221494,66.5,1,Pseudomonas aeruginosa,287,species,v1.2.3,98.78,0.5,20.8156,SPECIES
Pseudomonas aeruginosa,287,GCF_024300845.1,2,6403588,6403588,2,6351172,1,2,6351172,1,2,6403588,4253156,66.5,150,Pseudomonas aeruginosa,287,species,v1.2.4,99.82,0.31,94.4109,SPECIES
Pseudomonas aeruginosa,287,GCF_022569895.1,1,6349913,6349913,1,6349913,1,1,6349913,1,1,6349913,4222483,66.5,100,Pseudomonas aeruginosa,287,species,v1.2.4,99.61,0.49,76.1439,SPECIES
Pseudomonas aeruginosa,287,GCF_036232245.1,1,6349770,6349770,1,6349770,1,1,6349770,1,1,6349770,4207390,66.5,117,Pseudomonas aeruginosa,287,species,v1.2.3,99.36,0.39,50.166,SPECIES
Pseudomonas aeruginosa,287,GCF_022453825.1,1,6349540,6349540,1,6349540,1,1,6349540,1,1,6349540,4219703,66.5,55,Pseudomonas aeruginosa,287,species,v1.2.3,99.74,0.65,88.1994,SPECIES
Pseudomonas aeruginosa,287,GCF_001542795.2,1,6348761,6348761,1,6348761,1,1,6348761,1,1,6348761,4216615,66.5,84.18,Pseudomonas aeruginosa,287,species,v1.2.3,99.48,0.49,60.5441,SPECIES
Pseudomonas aeruginosa,287,GCF_019434095.1,1,6347079,6347079,1,6347079,1,1,6347079,1,1,6347079,4219453,66.5,233,Pseudomonas aeruginosa,287,species,v1.2.3,95.59,0.29,3.63324,SPECIES
Pseudomonas aeruginosa,287,GCF_021166375.2,1,6346542,6346542,1,6346542,1,1,6346542,1,1,6346542,4220275,66.5,40,Pseudomonas aeruginosa,287,species,v1.2.3,99.25,0.29,39.6752,SPECIES
Pseudomonas aeruginosa,287,GCF_049912875.1,1,6345984,6345984,1,6345984,1,1,6345984,1,1,6345984,4222034,66.5,1,Pseudomonas aeruginosa,287,species,v1.2.3,99.7,0.49,85.147,SPECIES
Pseudomonas aeruginosa,287,GCF_052377575.1,1,6344686,6344686,1,6344686,1,1,6344686,1,1,6344686,4217932,66.5,1,Pseudomonas aeruginosa,287,species,v1.2.4,98.42,0.49,15.1612,SPECIES
Pseudomonas aeruginosa,287,GCF_050243145.1,1,6343725,6343725,1,6343725,1,1,6343725,1,1,6343725,4216170,66.5,1,Pseudomonas aeruginosa,287,species,v1.2.3,98.57,0.29,16.963,SPECIES
Pseudomonas aeruginosa,287,GCF_030388285.1,1,6343532,6343532,1,6343532,1,1,6343532,1,1,6343532,4212848,66.5,328,Pseudomonas aeruginosa,287,species,v1.2.4,99.82,0.47,94.4109,SPECIES
Pseudomonas aeruginosa,287,GCF_032941915.1,1,6338611,6338611,1,6338611,1,1,6338611,1,1,6338611,4217786,66.5,50,Pseudomonas aeruginosa,287,species,v1.2.3,99.39,0.61,52.4123,SPECIES
Pseudomonas aeruginosa,287,GCF_030121855.1,2,6755261,6755261,2,6338518,1,2,6338518,1,2,6755261,4444811,66,100,Pseudomonas aeruginosa,287,species,v1.2.3,99.18,1.26,34.5009,SPECIES
Pseudomonas aeruginosa,287,GCF_027570975.1,1,6338470,6338470,1,6338470,1,1,6338470,1,1,6338470,4219012,66.5,120,Pseudomonas aeruginosa,287,species,v1.2.3,99.3,0.28,44.3397,SPECIES
Pseudomonas aeruginosa,287,GCF_051125635.1,1,6337671,6337671,1,6337671,1,1,6337671,1,1,6337671,4209633,66.5,1,Pseudomonas aeruginosa,287,species,v1.2.3,99.47,0.36,59.3706,SPECIES
Pseudomonas aeruginosa,287,GCF_009905195.1,1,6335031,6335031,1,6335031,1,1,6335031,1,1,6335031,4208765,66.5,80,Pseudomonas aeruginosa,287,species,v1.2.3,99.54,0.3,67.6031,SPECIES
Pseudomonas aeruginosa,287,GCF_023571485.1,1,6335028,6335028,1,6335028,1,1,6335028,1,1,6335028,4206597,66.5,39,Pseudomonas aeruginosa,287,species,v1.2.3,99.12,0.53,31.8634,SPECIES
Pseudomonas aeruginosa,287,GCF_046840585.1,1,6334617,6334617,1,6334617,1,1,6334617,1,1,6334617,4212376,66.5,1,Pseudomonas aeruginosa,287,species,v1.2.3,99.5,0.72,63.3831,SPECIES
Pseudomonas aeruginosa,287,GCF_002442855.1,1,6334472,6334472,1,6334472,1,1,6334472,1,1,6334472,4212400,66.5,20,Pseudomonas aeruginosa,287,species,v1.2.3,99.55,0.28,70.9815,SPECIES
Pseudomonas aeruginosa,287,GCF_001516305.2,1,6334378,6334378,1,6334378,1,1,6334378,1,1,6334378,4213195,66.5,72.02,Pseudomonas aeruginosa,287,species,v1.2.3,99.71,0.28,86.1072,SPECIES
Pseudomonas aeruginosa,287,GCF_022569855.1,1,6333791,6333791,1,6333791,1,1,6333791,1,1,6333791,4209313,66.5,100,Pseudomonas aeruginosa,287,species,v1.2.4,99.39,0.53,52.4123,SPECIES
Pseudomonas aeruginosa,287,GCF_049679225.1,1,6331584,6331584,1,6331584,1,1,6331584,1,1,6331584,4206645,66.5,1,Pseudomonas aeruginosa,287,species,v1.2.3,99.61,0.51,76.1439,SPECIES
Pseudomonas aeruginosa,287,GCF_027570535.1,1,6330533,6330533,1,6330533,1,1,6330533,1,1,6330533,4208596,66.5,120,Pseudomonas aeruginosa,287,species,v1.2.3,99.65,0.49,83.3689,SPECIES
Pseudomonas aeruginosa,287,GCF_021513615.1,1,6330120,6330120,1,6330120,1,1,6330120,1,1,6330120,4203968,66.5,158.199,Pseudomonas aeruginosa,287,species,v1.2.3,98.53,0.49,16.3822,SPECIES
Pseudomonas aeruginosa,287,GCF_019378915.1,1,6330096,6330096,1,6330096,1,1,6330096,1,1,6330096,4206335,66.5,159.3,Pseudomonas aeruginosa,287,species,v1.2.4,99.77,0.29,91.0028,SPECIES
Pseudomonas aeruginosa,287,GCF_044758365.1,1,6329299,6329299,1,6329299,1,1,6329299,1,1,6329299,4206251,66.5,1,Pseudomonas aeruginosa,287,species,v1.2.3,99.7,0.35,85.147,SPECIES
Pseudomonas aeruginosa,287,GCF_051853055.1,1,6326572,6326572,1,6326572,1,1,6326572,1,1,6326572,4206300,66.5,1,Pseudomonas aeruginosa,287,species,v1.2.4,99.61,0.28,76.1439,SPECIES
Pseudomonas aeruginosa,287,GCF_024507915.1,1,6325586,6325586,1,6325586,1,1,6325586,1,1,6325586,4205930,66.5,189.98,Pseudomonas aeruginosa,287,species,v1.2.4,99.61,0.28,76.1439,SPECIES
Pseudomonas aeruginosa,287,GCF_015697605.1,1,6325392,6325392,1,6325392,1,1,6325392,1,1,6325392,4203334,66.5,150,Pseudomonas aeruginosa,287,species,v1.2.3,99.59,0.29,74.8578,SPECIES
Pseudomonas aeruginosa,287,GCF_021166315.2,1,6323951,6323951,1,6323951,1,1,6323951,1,1,6323951,4205963,66.5,481,Pseudomonas aeruginosa,287,species,v1.2.3,99.61,0.28,76.1439,SPECIES
Pseudomonas aeruginosa,287,GCF_049679735.1,1,6323039,6323039,1,6323039,1,1,6323039,1,1,6323039,4198960,66.5,1,Pseudomonas aeruginosa,287,species,v1.2.3,98.92,0.58,24.3362,SPECIES
Pseudomonas aeruginosa,287,GCF_001516005.1,1,6322459,6322459,1,6322459,1,1,6322459,1,1,6322459,4204825,66.5,77.25,Pseudomonas aeruginosa,287,species,v1.2.3,96.97,0.37,6.54339,SPECIES
Pseudomonas aeruginosa,287,GCF_022453765.1,1,6321272,6321272,1,6321272,1,1,6321272,1,1,6321272,4202599,66.5,100,Pseudomonas aeruginosa,287,species,v1.2.3,99.39,0.73,52.4123,SPECIES
Pseudomonas aeruginosa,287,GCF_050242355.1,1,6319516,6319516,1,6319516,1,1,6319516,1,1,6319516,4201562,66.5,1,Pseudomonas aeruginosa,287,species,v1.2.3,98.38,0.54,14.7345,SPECIES
Pseudomonas aeruginosa,287,GCF_049567015.1,1,6317803,6317803,1,6317803,1,1,6317803,1,1,6317803,4190875,66.5,1,Pseudomonas aeruginosa,287,species,v1.2.3,97.48,0.56,8.523,SPECIES
Pseudomonas aeruginosa,287,GCF_050858565.1,1,6316548,6316548,1,6316548,1,1,6316548,1,1,6316548,4201422,66.5,1,Pseudomonas aeruginosa,287,species,v1.2.3,99.32,0.33,45.6852,SPECIES
Pseudomonas aeruginosa,287,GCF_050201305.1,2,6363102,6363102,2,6316153,1,2,6316153,1,2,6363102,4227636,66.5,1,Pseudomonas aeruginosa,287,species,v1.2.3,98.44,0.28,15.4042,SPECIES
Pseudomonas aeruginosa,287,GCF_021513595.1,1,6315897,6315897,1,6315897,1,1,6315897,1,1,6315897,4196090,66.5,189.447,Pseudomonas aeruginosa,287,species,v1.2.3,98.53,0.49,16.3822,SPECIES
Pseudomonas aeruginosa,287,GCF_021513635.1,1,6315896,6315896,1,6315896,1,1,6315896,1,1,6315896,4196097,66.5,181.506,Pseudomonas aeruginosa,287,species,v1.2.3,98.33,0.49,14.2366,SPECIES
Pseudomonas aeruginosa,287,GCF_049913045.1,1,6315790,6315790,1,6315790,1,1,6315790,1,1,6315790,4197004,66.5,1,Pseudomonas aeruginosa,287,species,v1.2.3,99.31,0.35,45.1162,SPECIES
Pseudomonas aeruginosa,287,GCF_038435155.1,1,6312609,6312609,1,6312609,1,1,6312609,1,1,6312609,4198733,66.5,1,Pseudomonas aeruginosa,287,species,v1.2.3,99.78,0.28,92.2297,SPECIES
Pseudomonas aeruginosa,287,GCF_051016175.1,1,6309761,6309761,1,6309761,1,1,6309761,1,1,6309761,4198039,66.5,1,Pseudomonas aeruginosa,287,species,v1.2.3,99.29,0.54,43.504,SPECIES
Pseudomonas aeruginosa,287,GCF_049912985.1,1,6309190,6309190,1,6309190,1,1,6309190,1,1,6309190,4197381,66.5,1,Pseudomonas aeruginosa,287,species,v1.2.3,99.51,0.51,64.527,SPECIES
Pseudomonas aeruginosa,287,GCF_027571035.1,1,6305107,6305107,1,6305107,1,1,6305107,1,1,6305107,4184739,66.5,120,Pseudomonas aeruginosa,287,species,v1.2.3,96.78,0.6,5.98625,SPECIES
Pseudomonas aeruginosa,287,GCF_041519535.1,1,6304118,6304118,1,6304118,1,1,6304118,1,1,6304118,4194829,66.5,1,Pseudomonas aeruginosa,287,species,v1.2.4,99.61,0.28,76.1439,SPECIES
Pseudomonas aeruginosa,287,GCF_003288335.1,1,6303875,6303875,1,6303875,1,1,6303875,1,1,6303875,4195532,66.5,16.06,Pseudomonas aeruginosa,287,species,v1.2.3,97.87,0.47,10.7219,SPECIES
Pseudomonas aeruginosa,287,GCF_046042615.1,1,6301445,6301445,1,6301445,1,1,6301445,1,1,6301445,4191455,66.5,1,Pseudomonas aeruginosa,287,species,v1.2.3,98.94,0.33,24.7748,SPECIES
Pseudomonas aeruginosa,287,GCF_046042605.1,1,6301347,6301347,1,6301347,1,1,6301347,1,1,6301347,4191450,66.5,1,Pseudomonas aeruginosa,287,species,v1.2.3,99.33,0.33,48.4353,SPECIES
Pseudomonas aeruginosa,287,GCF_036233715.1,1,6300760,6300760,1,6300760,1,1,6300760,1,1,6300760,4189466,66.5,72,Pseudomonas aeruginosa,287,species,v1.2.3,99.11,1.4,31.0514,SPECIES
Pseudomonas aeruginosa,287,GCF_019434135.1,1,6300755,6300755,1,6300755,1,1,6300755,1,1,6300755,4189838,66.5,5,Pseudomonas aeruginosa,287,species,v1.2.3,98.4,1.22,14.9656,SPECIES
Pseudomonas aeruginosa,287,GCF_009867055.1,1,6299465,6299465,1,6299465,1,1,6299465,1,1,6299465,4192582,66.5,100,Pseudomonas aeruginosa,287,species,v1.2.3,99.07,0.93,29.4097,SPECIES
Pseudomonas aeruginosa,287,GCF_013343455.1,1,6298009,6298009,1,6298009,1,1,6298009,1,1,6298009,4188092,66.5,100,Pseudomonas aeruginosa,287,species,v1.2.4,98.47,0.28,15.7124,SPECIES
Pseudomonas aeruginosa,287,GCF_049566005.1,1,6296766,6296766,1,6296766,1,1,6296766,1,1,6296766,4193050,66.5,1,Pseudomonas aeruginosa,287,species,v1.2.3,99.82,0.28,94.4109,SPECIES
Pseudomonas aeruginosa,287,GCF_051015865.1,2,6342491,6342491,2,6293981,1,2,6293981,1,2,6342491,4208412,66.5,1,Pseudomonas aeruginosa,287,species,v1.2.3,98.81,1.21,21.2779,SPECIES
Pseudomonas aeruginosa,287,GCF_027570915.1,1,6292498,6292498,1,6292498,1,1,6292498,1,1,6292498,4185830,66.5,120,Pseudomonas aeruginosa,287,species,v1.2.3,99.54,0.28,67.6031,SPECIES
Pseudomonas aeruginosa,287,GCF_052696125.1,2,6337673,6337673,2,6292057,1,2,6292057,1,2,6337673,4213615,66.5,1,Pseudomonas aeruginosa,287,species,v1.2.4,98.64,0.71,18.0832,SPECIES
Pseudomonas aeruginosa,287,GCF_046042625.1,1,6291135,6291135,1,6291135,1,1,6291135,1,1,6291135,4180108,66.5,1,Pseudomonas aeruginosa,287,species,v1.2.3,97.59,0.91,9.08606,SPECIES
Pseudomonas aeruginosa,287,GCF_027570775.1,1,6289320,6289320,1,6289320,1,1,6289320,1,1,6289320,4183692,66.5,120,Pseudomonas aeruginosa,287,species,v1.2.3,99.65,0.28,83.3689,SPECIES
Pseudomonas aeruginosa,287,GCF_041080615.1,2,6721953,6721953,2,6289303,1,2,6289303,1,2,6721953,4428339,66,1,Pseudomonas aeruginosa,287,species,v1.2.4,99.61,1.74,76.1439,SPECIES
Pseudomonas aeruginosa,287,GCF_900149285.1,1,6288645,6288645,1,6288645,1,1,6288645,1,1,6288645,4182354,66.5,200,Pseudomonas aeruginosa,287,species,v1.2.3,99.8,0.49,93.344,SPECIES
Pseudomonas aeruginosa,287,GCF_012935295.1,1,6288195,6288195,1,6288195,1,1,6288195,1,1,6288195,4181243,66.5,128,Pseudomonas aeruginosa,287,species,v1.2.3,99.82,0.49,94.4109,SPECIES
Pseudomonas aeruginosa,287,GCF_052696135.1,1,6288177,6288177,1,6288177,1,1,6288177,1,1,6288177,4182744,66.5,1,Pseudomonas aeruginosa,287,species,v1.2.4,99.55,0.29,70.9815,SPECIES
Pseudomonas aeruginosa,287,GCF_011045375.1,2,6332311,6332311,2,6282181,1,2,6282181,1,2,6332311,4209040,66.5,81,Pseudomonas aeruginosa,287,species,v1.2.4,99.47,0.28,59.3706,SPECIES
Pseudomonas aeruginosa,287,GCF_046042645.1,1,6279641,6279641,1,6279641,1,1,6279641,1,1,6279641,4172467,66.5,1,Pseudomonas aeruginosa,287,species,v1.2.3,97.4,0.59,8.17923,SPECIES
Pseudomonas aeruginosa,287,GCF_036236995.1,1,6278469,6278469,1,6278469,1,1,6278469,1,1,6278469,4177155,66.5,68,Pseudomonas aeruginosa,287,species,v1.2.3,99.34,0.51,48.9509,SPECIES
Pseudomonas aeruginosa,287,GCF_036688165.2,2,6778622,6778622,2,6277580,1,2,6277580,1,2,6778622,4459861,66,1,Pseudomonas aeruginosa,287,species,v1.2.3,99.61,1.78,76.1439,SPECIES
Pseudomonas aeruginosa,287,GCF_022870545.1,1,6277301,6277301,1,6277301,1,1,6277301,1,1,6277301,4173657,66.5,300,Pseudomonas aeruginosa,287,species,v1.2.3,99.69,0.49,84.9514,SPECIES
Pseudomonas aeruginosa,287,GCF_024126335.1,1,6276485,6276485,1,6276485,1,1,6276485,1,1,6276485,4176099,66.5,175,Pseudomonas aeruginosa,287,species,v1.2.4,99.82,0.49,94.4109,SPECIES
Pseudomonas aeruginosa,287,GCF_900070375.1,1,6276469,6276469,1,6276469,1,1,6276469,1,1,6276469,4176084,66.5,50,Pseudomonas aeruginosa,287,species,v1.2.3,99.82,0.49,94.4109,SPECIES
Pseudomonas aeruginosa,287,GCF_001729505.1,1,6276434,6276434,1,6276434,1,1,6276434,1,1,6276434,4176042,66.5,200,Pseudomonas aeruginosa,287,species,v1.2.3,99.69,0.49,84.9514,SPECIES
Pseudomonas aeruginosa,287,GCF_052696105.1,2,6328961,6328961,2,6275483,1,2,6275483,1,2,6328961,4208807,66.5,1,Pseudomonas aeruginosa,287,species,v1.2.4,98.59,0.29,17.2179,SPECIES
Pseudomonas aeruginosa,287,GCF_025021565.1,1,6275471,6275471,1,6275471,1,1,6275471,1,1,6275471,4175419,66.5,100,Pseudomonas aeruginosa,287,species,v1.2.3,99.82,0.49,94.4109,SPECIES
Pseudomonas aeruginosa,287,GCF_016107485.1,1,6275467,6275467,1,6275467,1,1,6275467,1,1,6275467,4175417,66.5,181,Pseudomonas aeruginosa,287,species,v1.2.3,99.82,0.49,94.4109,SPECIES
Pseudomonas aeruginosa,287,GCF_025985465.1,1,6275467,6275467,1,6275467,1,1,6275467,1,1,6275467,4175416,66.5,291,Pseudomonas aeruginosa,287,species,v1.2.3,99.79,0.49,92.5557,SPECIES
Pseudomonas aeruginosa,287,GCF_046529525.1,1,6275467,6275467,1,6275467,1,1,6275467,1,1,6275467,4175419,66.5,1,Pseudomonas aeruginosa,287,species,v1.2.3,99.82,0.49,94.4109,SPECIES
Pseudomonas aeruginosa,287,GCF_052628365.1,1,6275467,6275467,1,6275467,1,1,6275467,1,1,6275467,4175414,66.5,1,Pseudomonas aeruginosa,287,species,v1.2.4,99.79,0.49,92.5557,SPECIES
Pseudomonas aeruginosa,287,GCF_040008295.1,1,6275453,6275453,1,6275453,1,1,6275453,1,1,6275453,4175400,66.5,1,Pseudomonas aeruginosa,287,species,v1.2.3,99.82,0.49,94.4109,SPECIES
Pseudomonas aeruginosa,287,GCF_033392255.1,1,6275358,6275358,1,6275358,1,1,6275358,1,1,6275358,4175339,66.5,27.22,Pseudomonas aeruginosa,287,species,v1.2.3,99.82,0.49,94.4109,SPECIES
Pseudomonas aeruginosa,287,GCF_039919425.1,1,6275199,6275199,1,6275199,1,1,6275199,1,1,6275199,4175248,66.5,1,Pseudomonas aeruginosa,287,species,v1.2.3,99.82,0.49,94.4109,SPECIES
Pseudomonas aeruginosa,287,GCF_021460035.1,1,6275172,6275172,1,6275172,1,1,6275172,1,1,6275172,4175211,66.5,100,Pseudomonas aeruginosa,287,species,v1.2.3,99.69,0.49,84.9514,SPECIES
Pseudomonas aeruginosa,287,GCF_013305765.1,1,6275136,6275136,1,6275136,1,1,6275136,1,1,6275136,4175207,66.5,159.36,Pseudomonas aeruginosa,287,species,v1.2.4,99.82,0.49,94.4109,SPECIES
Pseudomonas aeruginosa,287,GCF_013305845.1,4,6288998,6288998,4,6275114,1,4,6275114,1,4,6288998,4180663,66.5,159.4,Pseudomonas aeruginosa,287,species,v1.2.4,99.82,0.49,94.4109,SPECIES
Pseudomonas aeruginosa,287,GCF_035966595.2,1,6274523,6274523,1,6274523,1,1,6274523,1,1,6274523,4173163,66.5,1,Pseudomonas aeruginosa,287,species,v1.2.3,99.64,0.38,82.6932,SPECIES
Pseudomonas aeruginosa,287,GCF_026636135.1,1,6273495,6273495,1,6273495,1,1,6273495,1,1,6273495,4172809,66.5,1000,Pseudomonas aeruginosa,287,species,v1.2.3,99.66,0.51,83.6178,SPECIES
Pseudomonas aeruginosa,287,GCF_049912855.1,1,6273252,6273252,1,6273252,1,1,6273252,1,1,6273252,4164379,66.5,1,Pseudomonas aeruginosa,287,species,v1.2.3,98.56,1.09,16.803,SPECIES
Pseudomonas aeruginosa,287,GCF_049680315.1,1,6272682,6272682,1,6272682,1,1,6272682,1,1,6272682,4174586,66.5,1,Pseudomonas aeruginosa,287,species,v1.2.3,99.56,0.59,72.8485,SPECIES
Pseudomonas aeruginosa,287,GCF_049680245.1,1,6272573,6272573,1,6272573,1,1,6272573,1,1,6272573,4174512,66.5,1,Pseudomonas aeruginosa,287,species,v1.2.3,99.61,0.59,76.1439,SPECIES
Pseudomonas aeruginosa,287,GCF_040581105.1,1,6272210,6272210,1,6272210,1,1,6272210,1,1,6272210,4171368,66.5,1,Pseudomonas aeruginosa,287,species,v1.2.4,98.86,0.49,22.4988,SPECIES
Pseudomonas aeruginosa,287,GCF_052696245.1,2,6400193,6400193,2,6271205,1,2,6271205,1,2,6400193,4249332,66.5,1,Pseudomonas aeruginosa,287,species,v1.2.4,99.77,0.56,91.0028,SPECIES
Pseudomonas aeruginosa,287,GCF_049912975.1,1,6270495,6270495,1,6270495,1,1,6270495,1,1,6270495,4157511,66.5,1,Pseudomonas aeruginosa,287,species,v1.2.3,96.98,0.51,6.56709,SPECIES
Pseudomonas aeruginosa,287,GCF_904866275.1,1,6270455,6270455,1,6270455,1,1,6270455,1,1,6270455,4171674,66.5,110,Pseudomonas aeruginosa,287,species,v1.2.4,98.6,0.49,17.3601,SPECIES
Pseudomonas aeruginosa,287,GCF_021513515.1,1,6270419,6270419,1,6270419,1,1,6270419,1,1,6270419,4157912,66.5,187.087,Pseudomonas aeruginosa,287,species,v1.2.3,96.89,0.49,6.28853,SPECIES
Pseudomonas aeruginosa,287,GCF_021513415.1,1,6270238,6270238,1,6270238,1,1,6270238,1,1,6270238,4157731,66.5,158.444,Pseudomonas aeruginosa,287,species,v1.2.3,96.77,0.49,5.95661,SPECIES
Pseudomonas aeruginosa,287,GCF_021513575.1,1,6270234,6270234,1,6270234,1,1,6270234,1,1,6270234,4157758,66.5,104.993,Pseudomonas aeruginosa,287,species,v1.2.3,96.73,0.49,5.81437,SPECIES
Pseudomonas aeruginosa,287,GCF_021513435.1,1,6270090,6270090,1,6270090,1,1,6270090,1,1,6270090,4157699,66.5,99.9704,Pseudomonas aeruginosa,287,species,v1.2.3,96.73,0.49,5.81437,SPECIES
Pseudomonas aeruginosa,287,GCF_021513455.1,1,6269926,6269926,1,6269926,1,1,6269926,1,1,6269926,4157617,66.5,114.721,Pseudomonas aeruginosa,287,species,v1.2.3,96.73,0.49,5.81437,SPECIES
Pseudomonas aeruginosa,287,GCF_021513375.1,1,6269726,6269726,1,6269726,1,1,6269726,1,1,6269726,4157534,66.5,131.507,Pseudomonas aeruginosa,287,species,v1.2.3,96.89,0.49,6.28853,SPECIES
Pseudomonas aeruginosa,287,GCF_021513475.1,1,6269046,6269046,1,6269046,1,1,6269046,1,1,6269046,4157015,66.5,111.264,Pseudomonas aeruginosa,287,species,v1.2.3,96.96,0.49,6.51968,SPECIES
Pseudomonas aeruginosa,287,GCF_021513535.1,1,6268813,6268813,1,6268813,1,1,6268813,1,1,6268813,4156933,66.5,181.802,Pseudomonas aeruginosa,287,species,v1.2.3,96.78,0.49,5.98625,SPECIES
Pseudomonas aeruginosa,287,GCF_021513555.1,1,6268635,6268635,1,6268635,1,1,6268635,1,1,6268635,4156775,66.5,205.806,Pseudomonas aeruginosa,287,species,v1.2.3,96.78,0.49,5.98625,SPECIES
Pseudomonas aeruginosa,287,GCF_049912945.1,1,6268491,6268491,1,6268491,1,1,6268491,1,1,6268491,4166038,66.5,1,Pseudomonas aeruginosa,287,species,v1.2.3,97.07,0.28,6.88122,SPECIES
Pseudomonas aeruginosa,287,GCF_039904215.1,1,6268401,6268401,1,6268401,1,1,6268401,1,1,6268401,4171367,66.5,1,Pseudomonas aeruginosa,287,species,v1.2.3,99.61,0.49,76.1439,SPECIES
Pseudomonas aeruginosa,287,GCF_021513495.1,1,6267105,6267105,1,6267105,1,1,6267105,1,1,6267105,4155753,66.5,173.119,Pseudomonas aeruginosa,287,species,v1.2.3,96.7,0.49,5.71954,SPECIES
Pseudomonas aeruginosa,287,GCF_013305815.1,1,6266737,6266737,1,6266737,1,1,6266737,1,1,6266737,4169506,66.5,159.58,Pseudomonas aeruginosa,287,species,v1.2.4,99.82,0.49,94.4109,SPECIES
Pseudomonas aeruginosa,287,GCF_045999305.1,1,6266148,6266148,1,6266148,1,1,6266148,1,1,6266148,4169610,66.5,1,Pseudomonas aeruginosa,287,species,v1.2.3,99.54,0.49,67.6031,SPECIES
Pseudomonas aeruginosa,287,GCF_025244965.1,1,6265529,6265529,1,6265529,1,1,6265529,1,1,6265529,4170305,66.5,12,Pseudomonas aeruginosa,287,species,v1.2.3,99.54,0.7,67.6031,SPECIES
Pseudomonas aeruginosa,287,GCF_044758385.1,1,6265160,6265160,1,6265160,1,1,6265160,1,1,6265160,4167356,66.5,1,Pseudomonas aeruginosa,287,species,v1.2.3,99.82,0.28,94.4109,SPECIES
Pseudomonas aeruginosa,287,GCF_025021745.1,1,6264447,6264447,1,6264447,1,1,6264447,1,1,6264447,4169362,66.5,100,Pseudomonas aeruginosa,287,species,v1.2.3,99.82,0.49,94.4109,SPECIES
Pseudomonas aeruginosa,287,GCF_050569955.1,1,6264427,6264427,1,6264427,1,1,6264427,1,1,6264427,4169350,66.5,1,Pseudomonas aeruginosa,287,species,v1.2.3,99.61,0.49,76.1439,SPECIES
Pseudomonas aeruginosa,287,GCF_030444675.1,1,6264426,6264426,1,6264426,1,1,6264426,1,1,6264426,4169352,66.5,52,Pseudomonas aeruginosa,287,species,v1.2.4,99.82,0.49,94.4109,SPECIES
Pseudomonas aeruginosa,287,GCF_050243135.1,1,6264424,6264424,1,6264424,1,1,6264424,1,1,6264424,4158586,66.5,1,Pseudomonas aeruginosa,287,species,v1.2.3,97.3,0.84,7.82361,SPECIES
Pseudomonas aeruginosa,287,GCF_025452135.1,1,6264404,6264404,1,6264404,1,1,6264404,1,1,6264404,4169320,66.5,1.02,Pseudomonas aeruginosa,287,species,v1.2.3,99.61,0.49,76.1439,SPECIES
Pseudomonas aeruginosa,287,GCF_030444635.1,1,6264388,6264388,1,6264388,1,1,6264388,1,1,6264388,4169322,66.5,51.9,Pseudomonas aeruginosa,287,species,v1.2.4,99.79,0.49,92.5557,SPECIES
Pseudomonas aeruginosa,287,GCF_006364735.1,1,6263676,6263676,1,6263676,1,1,6263676,1,1,6263676,4167390,66.5,349.97,Pseudomonas aeruginosa,287,species,v1.2.3,99.82,0.49,94.4109,SPECIES
Pseudomonas aeruginosa,287,GCF_022870025.1,1,6263669,6263669,1,6263669,1,1,6263669,1,1,6263669,4167384,66.5,350,Pseudomonas aeruginosa,287,species,v1.2.3,99.82,0.49,94.4109,SPECIES
Pseudomonas aeruginosa,287,GCF_042465075.1,1,6263052,6263052,1,6263052,1,1,6263052,1,1,6263052,4168434,66.5,1,Pseudomonas aeruginosa,287,species,v1.2.3,99.61,0.49,76.1439,SPECIES
Pseudomonas aeruginosa,287,GCF_027570495.1,1,6262103,6262103,1,6262103,1,1,6262103,1,1,6262103,4165304,66.5,120,Pseudomonas aeruginosa,287,species,v1.2.3,96.87,0.49,6.25889,SPECIES
Pseudomonas aeruginosa,287,GCF_049913015.1,1,6261909,6261909,1,6261909,1,1,6261909,1,1,6261909,4162636,66.5,1,Pseudomonas aeruginosa,287,species,v1.2.3,97.34,0.28,7.95993,SPECIES
Pseudomonas aeruginosa,287,GCF_043584765.1,1,6261424,6261424,1,6261424,1,1,6261424,1,1,6261424,4167427,66.5,1,Pseudomonas aeruginosa,287,species,v1.2.3,99.82,0.49,94.4109,SPECIES
Pseudomonas aeruginosa,287,GCF_049912895.1,1,6260134,6260134,1,6260134,1,1,6260134,1,1,6260134,4160960,66.5,1,Pseudomonas aeruginosa,287,species,v1.2.3,97.1,0.82,6.99384,SPECIES
Pseudomonas aeruginosa,287,GCF_025263585.1,1,6260102,6260102,1,6260102,1,1,6260102,1,1,6260102,4166476,66.5,259.7,Pseudomonas aeruginosa,287,species,v1.2.3,99.82,0.49,94.4109,SPECIES
Pseudomonas aeruginosa,287,GCF_046042665.1,1,6259812,6259812,1,6259812,1,1,6259812,1,1,6259812,4164126,66.5,1,Pseudomonas aeruginosa,287,species,v1.2.3,99.11,0.49,31.0514,SPECIES
Pseudomonas aeruginosa,287,GCF_022699485.1,1,6259099,6259099,1,6259099,1,1,6259099,1,1,6259099,4166947,66.5,100,Pseudomonas aeruginosa,287,species,v1.2.3,99.54,0.38,67.6031,SPECIES
Pseudomonas aeruginosa,287,GCF_049532585.1,1,6258988,6258988,1,6258988,1,1,6258988,1,1,6258988,4164212,66.5,1,Pseudomonas aeruginosa,287,species,v1.2.3,98.86,0.36,22.4988,SPECIES
Pseudomonas aeruginosa,287,GCF_003957825.1,1,6258491,6258491,1,6258491,1,1,6258491,1,1,6258491,4164023,66.5,28,Pseudomonas aeruginosa,287,species,v1.2.3,99.82,0.49,94.4109,SPECIES
Pseudomonas aeruginosa,287,GCF_024760445.1,1,6258289,6258289,1,6258289,1,1,6258289,1,1,6258289,4165421,66.5,12,Pseudomonas aeruginosa,287,species,v1.2.3,99.54,0.49,67.6031,SPECIES
Pseudomonas aeruginosa,287,GCF_049912905.1,1,6256625,6256625,1,6256625,1,1,6256625,1,1,6256625,4156847,66.5,1,Pseudomonas aeruginosa,287,species,v1.2.3,98.23,0.69,13.2172,SPECIES
Pseudomonas aeruginosa,287,GCF_043226835.1,1,6256232,6256232,1,6256232,1,1,6256232,1,1,6256232,4165630,66.5,1,Pseudomonas aeruginosa,287,species,v1.2.3,99.79,0.4,92.5557,SPECIES
Pseudomonas aeruginosa,287,GCF_021513395.1,1,6255746,6255746,1,6255746,1,1,6255746,1,1,6255746,4149775,66.5,130.418,Pseudomonas aeruginosa,287,species,v1.2.3,96.62,0.49,5.54173,SPECIES
Pseudomonas aeruginosa,287,GCF_044758395.1,1,6254301,6254301,1,6254301,1,1,6254301,1,1,6254301,4161560,66.5,1,Pseudomonas aeruginosa,287,species,v1.2.3,99.53,0.29,66.9156,SPECIES
Pseudomonas aeruginosa,287,GCF_025263705.1,1,6251522,6251522,1,6251522,1,1,6251522,1,1,6251522,4159552,66.5,514.7,Pseudomonas aeruginosa,287,species,v1.2.3,99.82,0.49,94.4109,SPECIES
Pseudomonas aeruginosa,287,GCF_036233155.1,1,6249695,6249695,1,6249695,1,1,6249695,1,1,6249695,4157725,66.5,88,Pseudomonas aeruginosa,287,species,v1.2.3,99.74,0.5,88.1994,SPECIES
Pseudomonas aeruginosa,287,GCF_043235915.1,1,6248181,6248181,1,6248181,1,1,6248181,1,1,6248181,4144271,66.5,1,Pseudomonas aeruginosa,287,species,v1.2.3,96.17,0.75,4.54007,SPECIES
Pseudomonas aeruginosa,287,GCF_025263605.1,1,6245940,6245940,1,6245940,1,1,6245940,1,1,6245940,4156847,66.5,359.3,Pseudomonas aeruginosa,287,species,v1.2.3,99.82,0.49,94.4109,SPECIES
Pseudomonas aeruginosa,287,GCF_004014755.1,1,6241875,6241875,1,6241875,1,1,6241875,1,1,6241875,4154120,66.5,206.25,Pseudomonas aeruginosa,287,species,v1.2.3,99.82,0.49,94.4109,SPECIES
Pseudomonas aeruginosa,287,GCF_044757525.1,1,6241720,6241720,1,6241720,1,1,6241720,1,1,6241720,4162279,66.5,1,Pseudomonas aeruginosa,287,species,v1.2.3,98.38,1.14,14.7345,SPECIES
Pseudomonas aeruginosa,287,GCF_052695875.1,2,6291091,6291091,2,6237613,1,2,6237613,1,2,6291091,4185549,66.5,1,Pseudomonas aeruginosa,287,species,v1.2.4,99.77,0.29,91.0028,SPECIES
Pseudomonas aeruginosa,287,GCF_052696115.1,1,6237611,6237611,1,6237611,1,1,6237611,1,1,6237611,4150633,66.5,1,Pseudomonas aeruginosa,287,species,v1.2.4,99.77,0.29,91.0028,SPECIES
Pseudomonas aeruginosa,287,GCF_027571215.1,1,6236756,6236756,1,6236756,1,1,6236756,1,1,6236756,4142804,66.5,120,Pseudomonas aeruginosa,287,species,v1.2.3,98.8,0.9,21.1119,SPECIES
Pseudomonas aeruginosa,287,GCF_038069315.1,1,6234112,6234112,1,6234112,1,1,6234112,1,1,6234112,4146756,66.5,1,Pseudomonas aeruginosa,287,species,v1.2.3,96.19,0.3,4.58156,SPECIES
Pseudomonas aeruginosa,287,GCF_040580825.1,1,6233945,6233945,1,6233945,1,1,6233945,1,1,6233945,4149497,66.5,1,Pseudomonas aeruginosa,287,species,v1.2.4,98.86,0.49,22.4988,SPECIES
Pseudomonas aeruginosa,287,GCF_040581215.1,1,6233938,6233938,1,6233938,1,1,6233938,1,1,6233938,4149493,66.5,1,Pseudomonas aeruginosa,287,species,v1.2.4,98.86,0.49,22.4988,SPECIES
Pseudomonas aeruginosa,287,GCF_013343555.1,1,6229931,6229931,1,6229931,1,1,6229931,1,1,6229931,4145862,66.5,100,Pseudomonas aeruginosa,287,species,v1.2.4,98.6,0.49,17.3601,SPECIES
Pseudomonas aeruginosa,287,GCF_014930935.1,1,6229397,6229397,1,6229397,1,1,6229397,1,1,6229397,4146476,66.5,180,Pseudomonas aeruginosa,287,species,v1.2.3,99.57,0.51,73.2871,SPECIES
Pseudomonas aeruginosa,287,GCF_050920845.1,1,6229036,6229036,1,6229036,1,1,6229036,1,1,6229036,4146544,66.5,1,Pseudomonas aeruginosa,287,species,v1.2.3,99.34,0.29,48.9509,SPECIES
Pseudomonas aeruginosa,287,GCF_049912865.1,1,6225249,6225249,1,6225249,1,1,6225249,1,1,6225249,4139117,66.5,1,Pseudomonas aeruginosa,287,species,v1.2.3,96.66,0.28,5.63063,SPECIES
Pseudomonas aeruginosa,287,GCF_024126355.1,1,6217942,6217942,1,6217942,1,1,6217942,1,1,6217942,4137175,66.5,56,Pseudomonas aeruginosa,287,species,v1.2.4,99.18,0.49,34.5009,SPECIES
Pseudomonas aeruginosa,287,GCF_046042635.1,1,6216926,6216926,1,6216926,1,1,6216926,1,1,6216926,4136495,66.5,1,Pseudomonas aeruginosa,287,species,v1.2.3,99.18,0.49,34.5009,SPECIES
Pseudomonas aeruginosa,287,GCF_022213165.2,1,6216913,6216913,1,6216913,1,1,6216913,1,1,6216913,4136485,66.5,182,Pseudomonas aeruginosa,287,species,v1.2.4,99.18,0.49,34.5009,SPECIES
Pseudomonas aeruginosa,287,GCF_049912815.1,1,6215726,6215726,1,6215726,1,1,6215726,1,1,6215726,4132509,66.5,1,Pseudomonas aeruginosa,287,species,v1.2.3,96.41,0.28,5.02608,SPECIES
Pseudomonas aeruginosa,287,GCF_001900265.1,1,6213276,6213276,1,6213276,1,1,6213276,1,1,6213276,4135996,66.5,100,Pseudomonas aeruginosa,287,species,v1.2.3,99.55,0.49,70.9815,SPECIES
Pseudomonas aeruginosa,287,GCF_001900225.1,1,6213029,6213029,1,6213029,1,1,6213029,1,1,6213029,4135859,66.5,208,Pseudomonas aeruginosa,287,species,v1.2.3,99.55,0.49,70.9815,SPECIES
Pseudomonas aeruginosa,287,GCF_001900195.1,1,6213026,6213026,1,6213026,1,1,6213026,1,1,6213026,4135857,66.5,41,Pseudomonas aeruginosa,287,species,v1.2.3,99.55,0.49,70.9815,SPECIES
Pseudomonas aeruginosa,287,GCF_030444495.1,1,6210214,6210214,1,6210214,1,1,6210214,1,1,6210214,4131724,66.5,399,Pseudomonas aeruginosa,287,species,v1.2.4,97.73,0.33,9.88028,SPECIES
Pseudomonas aeruginosa,287,GCF_027570415.1,1,6203666,6203666,1,6203666,1,1,6203666,1,1,6203666,4125405,66.5,120,Pseudomonas aeruginosa,287,species,v1.2.3,98.16,0.49,12.6778,SPECIES
Pseudomonas aeruginosa,287,GCF_038069335.1,1,6199891,6199891,1,6199891,1,1,6199891,1,1,6199891,4127017,66.5,1,Pseudomonas aeruginosa,287,species,v1.2.3,99.11,0.49,31.0514,SPECIES
Pseudomonas aeruginosa,287,GCF_052692495.1,1,6191689,6191689,1,6191689,1,1,6191689,1,1,6191689,4122888,66.5,1,Pseudomonas aeruginosa,287,species,v1.2.4,98.89,0.33,23.1508,SPECIES
Pseudomonas aeruginosa,287,GCF_041378935.1,2,6229333,6229333,2,6183266,1,2,6183266,1,2,6229333,4145183,66.5,1,Pseudomonas aeruginosa,287,species,v1.2.4,99.21,0.31,37.7608,SPECIES
Pseudomonas aeruginosa,287,GCF_008245185.1,2,6290442,6290442,2,6123373,1,2,6123373,1,2,6290442,4173866,66.5,100,Pseudomonas aeruginosa,287,species,v1.2.4,98.69,0.35,18.8656,SPECIES
Pseudomonas aeruginosa,287,GCF_050237625.1,1,6085881,6085881,1,6085881,1,1,6085881,1,1,6085881,4038678,66.5,1,Pseudomonas aeruginosa,287,species,v1.2.3,95.61,0.34,3.66287,SPECIES
Pseudomonas aeruginosa,287,GCF_025398835.1,1,6074358,6074358,1,6074358,1,1,6074358,1,1,6074358,4036479,66.5,100,Pseudomonas aeruginosa,287,species,v1.2.3,96.92,0.28,6.41892,SPECIES
Pseudomonas aeruginosa,287,GCF_013343415.1,1,6065263,6065263,1,6065263,1,1,6065263,1,1,6065263,4031460,66.5,100,Pseudomonas aeruginosa,287,species,v1.2.4,94.98,0.38,3.11166,SPECIES
Pseudomonas aeruginosa,287,GCF_013343435.1,1,6052044,6052044,1,6052044,1,1,6052044,1,1,6052044,4012756,66.5,100,Pseudomonas aeruginosa,287,species,v1.2.4,95.75,0.49,3.88217,SPECIES
Pseudomonas aeruginosa,287,GCF_038433795.1,3,7005064,7005064,3,5752611,1,3,5752611,1,3,7005064,4603193,65.5,1,Pseudomonas aeruginosa,287,species,v1.2.3,99.61,1.87,76.1439,SPECIES
Pseudomonas aeruginosa,287,GCF_050498615.1,1,6275468,6275468,1,6275468,1,1,6275468,1,1,6275468,4175415,66.5,1,Pseudomonas aeruginosa,287,species,v1.2.3,99.82,0.49,94.4109,SPECIES
Pseudomonas aeruginosa,287,GCF_049913065.1,1,6264404,6264404,1,6264404,1,1,6264404,1,1,6264404,4169320,66.5,1,Pseudomonas aeruginosa,287,species,v1.2.3,99.61,0.49,76.1439,SPECIES
Pseudomonas aeruginosa,287,GCF_030444595.1,1,6264393,6264393,1,6264393,1,1,6264393,1,1,6264393,4169325,66.5,52,Pseudomonas aeruginosa,287,species,v1.2.4,99.82,0.49,94.4109,SPECIES
Pseudomonas aeruginosa,287,GCF_030444655.1,1,6264189,6264189,1,6264189,1,1,6264189,1,1,6264189,4169169,66.5,52,Pseudomonas aeruginosa,287,species,v1.2.4,99.82,0.49,94.4109,SPECIES
Pseudomonas aeruginosa,287,GCF_045689255.1,1,6541446,6541446,1,6541446,1,1,6541446,1,1,6541446,4336190,66.5,1,Pseudomonas aeruginosa,287,species,v1.2.3,99.38,0.47,51.784,SPECIES
Pseudomonas aeruginosa,287,GCF_030264075.1,1,6541163,6541163,1,6541163,1,1,6541163,1,1,6541163,4336000,66.5,NA,Pseudomonas aeruginosa,287,species,v1.2.4,99.82,0.47,94.4109,SPECIES
Pseudomonas aeruginosa,287,GCF_902172305.2,1,6395872,6395872,1,6395872,1,1,6395872,1,1,6395872,4249650,66.5,100,Pseudomonas aeruginosa,287,species,v1.2.3,99.61,0.49,76.1439,SPECIES
Pseudomonas aeruginosa,287,GCF_033108345.1,1,6791581,6791581,1,6791581,1,1,6791581,1,1,6791581,4491147,66,100,Pseudomonas aeruginosa,287,species,v1.2.3,99.38,0.95,51.784,SPECIES
Pseudomonas aeruginosa,287,GCF_045348545.1,1,6791260,6791260,1,6791260,1,1,6791260,1,1,6791260,4490935,66,1,Pseudomonas aeruginosa,287,species,v1.2.3,99.34,0.95,48.9509,SPECIES
Pseudomonas aeruginosa,287,GCF_025079255.1,1,6885256,6885256,1,6885256,1,1,6885256,1,1,6885256,4544403,66,1150,Pseudomonas aeruginosa,287,species,v1.2.3,99.71,1.21,86.1072,SPECIES
Pseudomonas aeruginosa,287,GCF_020978345.1,1,6878321,6878321,1,6878321,1,1,6878321,1,1,6878321,4550523,66,75,Pseudomonas aeruginosa,287,species,v1.2.3,99.36,1.51,50.166,SPECIES
Pseudomonas aeruginosa,287,GCF_000496605.2,1,6498072,6498072,1,6498072,1,1,6498072,1,1,6498072,4311697,66.5,396.02,Pseudomonas aeruginosa,287,species,v1.2.3,99.15,0.81,32.9659,SPECIES
Pseudomonas aeruginosa,287,GCF_000496455.2,1,7055752,7055752,1,7055752,1,1,7055752,1,1,7055673,4640122,66,NA,Pseudomonas aeruginosa,287,species,v1.2.4,97.37,0.88,8.06662,SPECIES
Pseudomonas aeruginosa,287,GCF_900185255.1,1,6902967,6902967,1,6902967,1,1,6902967,1,1,6902967,4564033,66,100,Pseudomonas aeruginosa,287,species,v1.2.3,99.34,0.82,48.9509,SPECIES
Pseudomonas aeruginosa,287,GCF_022810825.1,1,6878170,6878170,1,6878170,1,1,6878170,1,1,6878170,4537481,66,100,Pseudomonas aeruginosa,287,species,v1.2.3,99.82,0.49,94.4109,SPECIES
Pseudomonas aeruginosa,287,GCF_000271985.2,1,6243825,6243825,1,6243825,1,1,6243825,1,1,6243825,4152358,66.5,200,Pseudomonas aeruginosa,287,species,v1.2.3,99.61,0.31,76.1439,SPECIES
Pseudomonas aeruginosa,287,GCF_900069025.1,1,6212531,6212531,1,6212531,1,1,6212531,1,1,6212531,4135544,66.5,67,Pseudomonas aeruginosa,287,species,v1.2.4,99.55,0.49,70.9815,SPECIES
Pseudomonas aeruginosa,287,GCA_029961365.1,3,7466275,7466275,3,7406986,1,3,7406986,1,3,7466275,4898371,65.5,40,Pseudomonas aeruginosa,287,species,v1.2.2,92.03,1.06,1.5588,SPECIES
Pseudomonas aeruginosa,287,GCA_021644285.3,2,7305315,7305315,2,7297720,1,2,7297720,1,2,7305315,4795928,65.5,20,NA,NA,NA,NA,NA,NA,NA,SPECIES
Pseudomonas aeruginosa,287,GCA_021661475.3,2,7838444,7838444,2,7291359,1,2,7291359,1,2,7838444,5118218,65.5,20,NA,NA,NA,NA,NA,NA,NA,SPECIES
Pseudomonas aeruginosa,287,GCA_021601745.3,1,7288285,7288285,1,7288285,1,1,7288285,1,1,7288285,4786307,65.5,30,NA,NA,NA,NA,NA,NA,NA,SPECIES
Pseudomonas aeruginosa,287,GCA_021660795.4,1,7265861,7265861,1,7265861,1,1,7265861,1,1,7265861,4776604,65.5,52,NA,NA,NA,NA,NA,NA,NA,SPECIES
Pseudomonas aeruginosa,287,GCA_022593675.3,2,7250742,7250742,2,7243778,1,2,7243778,1,2,7250742,4767965,66,70,NA,NA,NA,NA,NA,NA,NA,SPECIES
Pseudomonas aeruginosa,287,GCA_021669535.2,2,7233517,7233517,2,7232386,1,2,7232386,1,2,7233517,4750578,65.5,30,NA,NA,NA,NA,NA,NA,NA,SPECIES
Pseudomonas aeruginosa,287,GCA_022916475.3,1,7222126,7222126,1,7222126,1,1,7222126,1,1,7222126,4751102,66,115,NA,NA,NA,NA,NA,NA,NA,SPECIES
Pseudomonas aeruginosa,287,GCA_021669335.3,2,7223597,7223597,2,7216002,1,2,7216002,1,2,7223597,4745112,65.5,20,NA,NA,NA,NA,NA,NA,NA,SPECIES
Pseudomonas aeruginosa,287,GCA_021669275.3,1,7207768,7207768,1,7207768,1,1,7207768,1,1,7207768,4736113,65.5,27,NA,NA,NA,NA,NA,NA,NA,SPECIES
Pseudomonas aeruginosa,287,GCA_016924255.2,1,7175098,7175098,1,7175098,1,1,7175098,1,1,7175098,4723257,66,50,NA,NA,NA,NA,NA,NA,NA,SPECIES
Pseudomonas aeruginosa,287,GCA_025580225.2,1,7169933,7169933,1,7169933,1,1,7169933,1,1,7169933,4714370,66,20,NA,NA,NA,NA,NA,NA,NA,SPECIES
Pseudomonas aeruginosa,287,GCA_030179725.1,2,7688027,7688027,2,7158239,1,2,7158239,1,2,7688027,5025544,65.5,44.889,NA,NA,NA,NA,NA,NA,NA,SPECIES
Pseudomonas aeruginosa,287,GCA_021601685.2,1,7155930,7155930,1,7155930,1,1,7155930,1,1,7155930,4711201,66,30,NA,NA,NA,NA,NA,NA,NA,SPECIES
Pseudomonas aeruginosa,287,GCA_030179765.1,2,7319092,7319092,2,7141628,1,2,7141628,1,2,7319092,4794103,65.5,127.331,NA,NA,NA,NA,NA,NA,NA,SPECIES
Pseudomonas aeruginosa,287,GCA_016923395.2,1,7134524,7134524,1,7134524,1,1,7134524,1,1,7134524,4690514,65.5,50,NA,NA,NA,NA,NA,NA,NA,SPECIES
Pseudomonas aeruginosa,287,GCA_023615765.2,4,7683483,7683483,4,7128552,1,4,7128552,1,4,7683483,5029823,65.5,20,NA,NA,NA,NA,NA,NA,NA,SPECIES
Pseudomonas aeruginosa,287,GCA_044833425.2,1,7121820,7121820,1,7121820,1,1,7121820,1,1,7121820,4690494,66,100,NA,NA,NA,NA,NA,NA,NA,SPECIES
Pseudomonas aeruginosa,287,GCA_016924585.2,1,7117627,7117627,1,7117627,1,1,7117627,1,1,7117627,4675192,65.5,50,NA,NA,NA,NA,NA,NA,NA,SPECIES
Pseudomonas aeruginosa,287,GCA_032878795.1,1,7117619,7117619,1,7117619,1,1,7117619,1,1,7117619,4679528,65.5,100,Pseudomonas aeruginosa,287,species,v1.2.3,91.68,1.05,1.48767,SPECIES
Pseudomonas aeruginosa,287,GCA_022475555.3,2,7133275,7133275,2,7113664,1,2,7113664,1,2,7133275,4693180,66,41,NA,NA,NA,NA,NA,NA,NA,SPECIES
Pseudomonas aeruginosa,287,GCF_028610145.1,1,7109876,7109876,1,7109876,1,1,7109876,1,1,7109876,4683938,66,194,Pseudomonas aeruginosa,287,species,v1.2.2,99.23,1.08,38.6854,SPECIES
Pseudomonas aeruginosa,287,GCA_047714025.2,1,7103472,7103472,1,7103472,1,1,7103472,1,1,7103472,4685601,66,77,NA,NA,NA,NA,NA,NA,NA,SPECIES
Pseudomonas aeruginosa,287,GCA_021601605.3,1,7093313,7093313,1,7093313,1,1,7093313,1,1,7093313,4670879,66,14,NA,NA,NA,NA,NA,NA,NA,SPECIES
Pseudomonas aeruginosa,287,GCA_021664795.2,2,7130605,7130605,2,7089046,1,2,7089046,1,2,7130605,4692163,66,45,NA,NA,NA,NA,NA,NA,NA,SPECIES
Pseudomonas aeruginosa,287,GCF_028608505.1,1,7086823,7086823,1,7086823,1,1,7086823,1,1,7086823,4670760,66,197,Pseudomonas aeruginosa,287,species,v1.2.2,98.62,1.15,17.7157,SPECIES
Pseudomonas aeruginosa,287,GCA_032734545.3,1,7084007,7084007,1,7084007,1,1,7084007,1,1,7084007,4666241,66,50,NA,NA,NA,NA,NA,NA,NA,SPECIES
Pseudomonas aeruginosa,287,GCA_050230415.2,1,7083700,7083700,1,7083700,1,1,7083700,1,1,7083700,4665942,66,50,NA,NA,NA,NA,NA,NA,NA,SPECIES
Pseudomonas aeruginosa,287,GCA_040965195.2,1,7083451,7083451,1,7083451,1,1,7083451,1,1,7083451,4666176,66,50,NA,NA,NA,NA,NA,NA,NA,SPECIES
Pseudomonas aeruginosa,287,GCA_028366335.3,1,7082769,7082769,1,7082769,1,1,7082769,1,1,7082769,4665407,66,121,NA,NA,NA,NA,NA,NA,NA,SPECIES
Pseudomonas aeruginosa,287,GCA_043647515.2,1,7079787,7079787,1,7079787,1,1,7079787,1,1,7079787,4663845,66,239.07,NA,NA,NA,NA,NA,NA,NA,SPECIES
Pseudomonas aeruginosa,287,GCF_028607365.1,1,7077739,7077739,1,7077739,1,1,7077739,1,1,7077739,4652915,65.5,310,Pseudomonas aeruginosa,287,species,v1.2.2,98.65,0.94,18.2195,SPECIES
Pseudomonas aeruginosa,287,GCF_036418145.1,2,7080283,7080283,2,7073325,1,2,7073325,1,2,7080283,4665101,66,26,Pseudomonas aeruginosa,287,species,v1.2.4,94.72,0.89,2.97534,SPECIES
Pseudomonas aeruginosa,287,GCA_021661615.2,1,7073297,7073297,1,7073297,1,1,7073297,1,1,7073297,4659852,66,33,NA,NA,NA,NA,NA,NA,NA,SPECIES
Pseudomonas aeruginosa,287,GCA_031480695.3,1,7068701,7068701,1,7068701,1,1,7068701,1,1,7068701,4657012,66,50,NA,NA,NA,NA,NA,NA,NA,SPECIES
Pseudomonas aeruginosa,287,GCA_021660875.3,1,7064206,7064206,1,7064206,1,1,7064206,1,1,7064206,4654655,66,20,NA,NA,NA,NA,NA,NA,NA,SPECIES
Pseudomonas aeruginosa,287,GCA_021645445.2,1,7062313,7062313,1,7062313,1,1,7062313,1,1,7062313,4653628,66,30,NA,NA,NA,NA,NA,NA,NA,SPECIES
Pseudomonas aeruginosa,287,GCA_021644425.4,2,7061948,7061948,2,7059676,1,2,7059676,1,2,7061948,4653395,66,30,NA,NA,NA,NA,NA,NA,NA,SPECIES
Pseudomonas aeruginosa,287,GCA_021661655.3,1,7057747,7057747,1,7057747,1,1,7057747,1,1,7057747,4649393,66,41,NA,NA,NA,NA,NA,NA,NA,SPECIES
Pseudomonas aeruginosa,287,GCF_035198885.1,1,7053364,7053364,1,7053364,1,1,7053364,1,1,7053364,4653471,66,100,Pseudomonas aeruginosa,287,species,v1.2.3,94.34,0.86,2.69085,SPECIES
Pseudomonas aeruginosa,287,GCA_030316095.1,1,7050994,7050994,1,7050994,1,1,7050994,1,1,7050994,4649979,66,50,NA,NA,NA,NA,NA,NA,NA,SPECIES
Pseudomonas aeruginosa,287,GCF_900243355.1,3,7756224,7756224,3,7049347,1,3,7049347,1,3,7756224,5050370,65,300,Pseudomonas aeruginosa,287,species,v1.2.3,99.55,3.11,70.9815,SPECIES
Pseudomonas aeruginosa,287,GCA_021666815.3,2,7052245,7052245,2,7045216,1,2,7045216,1,2,7052245,4646946,66,82,NA,NA,NA,NA,NA,NA,NA,SPECIES
Pseudomonas aeruginosa,287,GCA_030366015.2,2,7083052,7083052,2,7041984,1,2,7041984,1,2,7083052,4655142,65.5,173,NA,NA,NA,NA,NA,NA,NA,SPECIES
Pseudomonas aeruginosa,287,GCA_021660815.2,1,7040329,7040329,1,7040329,1,1,7040329,1,1,7040329,4639035,66,30,NA,NA,NA,NA,NA,NA,NA,SPECIES
Pseudomonas aeruginosa,287,GCA_046229595.2,1,7033750,7033750,1,7033750,1,1,7033750,1,1,7033750,4635042,66,100,NA,NA,NA,NA,NA,NA,NA,SPECIES
Pseudomonas aeruginosa,287,GCA_021645325.2,2,7035091,7035091,2,7033592,1,2,7033592,1,2,7035091,4637397,66,30,NA,NA,NA,NA,NA,NA,NA,SPECIES
Pseudomonas aeruginosa,287,GCA_024922265.2,2,7082831,7082831,2,7031941,1,2,7031941,1,2,7082831,4665530,66,20,NA,NA,NA,NA,NA,NA,NA,SPECIES
Pseudomonas aeruginosa,287,GCA_028053955.3,2,7078864,7078864,2,7027991,1,2,7027991,1,2,7078864,4663336,66,74,NA,NA,NA,NA,NA,NA,NA,SPECIES
Pseudomonas aeruginosa,287,GCA_021645225.2,3,7071667,7071667,3,7020655,1,3,7020655,1,3,7071667,4658989,66,20,NA,NA,NA,NA,NA,NA,NA,SPECIES
Pseudomonas aeruginosa,287,GCA_021644505.2,1,7018312,7018312,1,7018312,1,1,7018312,1,1,7018312,4629580,66,30,NA,NA,NA,NA,NA,NA,NA,SPECIES
Pseudomonas aeruginosa,287,GCF_028610065.1,2,7016109,7016109,2,7009133,1,2,7009133,1,2,7016109,4628101,66,157,Pseudomonas aeruginosa,287,species,v1.2.2,99.05,1.04,28.6688,SPECIES
Pseudomonas aeruginosa,287,GCF_003991465.1,1,7005215,7005215,1,7005215,1,1,7005215,1,1,7005215,4608939,66,51.7,Pseudomonas aeruginosa,287,species,v1.2.2,94.83,1.69,3.02276,SPECIES
Pseudomonas aeruginosa,287,GCA_030368395.2,2,7048424,7048424,2,6985840,1,2,6985840,1,2,7048424,4636375,66,162,NA,NA,NA,NA,NA,NA,NA,SPECIES
Pseudomonas aeruginosa,287,GCA_021666875.3,1,6977334,6977334,1,6977334,1,1,6977334,1,1,6977334,4593902,66,35,NA,NA,NA,NA,NA,NA,NA,SPECIES
Pseudomonas aeruginosa,287,GCF_003952285.1,1,6976603,6976603,1,6976603,1,1,6976603,1,1,6976603,4586119,65.5,46.2,Pseudomonas aeruginosa,287,species,v1.2.2,92.81,2.03,1.8018,SPECIES
Pseudomonas aeruginosa,287,GCA_042443075.2,1,6975166,6975166,1,6975166,1,1,6975166,1,1,6975166,4596981,66,50,NA,NA,NA,NA,NA,NA,NA,SPECIES
Pseudomonas aeruginosa,287,GCA_032934835.1,1,6966844,6966844,1,6966844,1,1,6966844,1,1,6966844,4588070,66,20,NA,NA,NA,NA,NA,NA,NA,SPECIES
Pseudomonas aeruginosa,287,GCA_046054755.2,1,6966285,6966285,1,6966285,1,1,6966285,1,1,6966285,4595235,66,100,NA,NA,NA,NA,NA,NA,NA,SPECIES
Pseudomonas aeruginosa,287,GCA_052979685.1,1,6963335,6963335,1,6963335,1,1,6963335,1,1,6963335,4589605,66,86,NA,NA,NA,NA,NA,NA,NA,SPECIES
Pseudomonas aeruginosa,287,GCA_022915975.2,1,6959815,6959815,1,6959815,1,1,6959815,1,1,6959815,4583157,66,60,NA,NA,NA,NA,NA,NA,NA,SPECIES
Pseudomonas aeruginosa,287,GCA_049190335.2,1,6951310,6951310,1,6951310,1,1,6951310,1,1,6951310,4589063,66,175.579,NA,NA,NA,NA,NA,NA,NA,SPECIES
Pseudomonas aeruginosa,287,GCF_028608725.1,1,6950470,6950470,1,6950470,1,1,6950470,1,1,6950470,4582410,66,162,Pseudomonas aeruginosa,287,species,v1.2.2,98.04,1.57,11.8599,SPECIES
Pseudomonas aeruginosa,287,GCA_050908835.1,1,6949905,6949905,1,6949905,1,1,6949905,1,1,6949905,4589753,66,49,Pseudomonas aeruginosa,287,species,v1.2.3,94.73,1.5,2.9872,SPECIES
Pseudomonas aeruginosa,287,GCA_014672795.1,1,6939908,6939908,1,6939908,1,1,6939908,1,1,6939908,4570247,66,139.39,Pseudomonas aeruginosa,287,species,v1.2.3,93.84,2.14,2.29374,SPECIES
Pseudomonas aeruginosa,287,GCF_003950255.1,1,6937609,6937609,1,6937609,1,1,6937609,1,1,6937609,4565312,66,57.98,Pseudomonas aeruginosa,287,species,v1.2.2,94.36,1.39,2.7027,SPECIES
Pseudomonas aeruginosa,287,GCF_028608585.1,2,7138596,7138596,2,6934532,1,2,6934532,1,2,7138596,4686536,65.5,136,Pseudomonas aeruginosa,287,species,v1.2.2,98.25,1.8,13.3831,SPECIES
Pseudomonas aeruginosa,287,GCF_028609545.1,1,6929113,6929113,1,6929113,1,1,6929113,1,1,6929113,4565685,66,169,Pseudomonas aeruginosa,287,species,v1.2.2,98.2,1.47,12.9327,SPECIES
Pseudomonas aeruginosa,287,GCF_028607125.1,1,6927188,6927188,1,6927188,1,1,6927188,1,1,6927188,4580911,66,185,Pseudomonas aeruginosa,287,species,v1.2.2,98.83,0.78,21.669,SPECIES
Pseudomonas aeruginosa,287,GCF_028607165.1,1,6927159,6927159,1,6927159,1,1,6927159,1,1,6927159,4580880,66,164,Pseudomonas aeruginosa,287,species,v1.2.2,98.5,0.78,16.0266,SPECIES
Pseudomonas aeruginosa,287,GCA_046054735.3,1,6924229,6924229,1,6924229,1,1,6924229,1,1,6924229,4566841,66,100,NA,NA,NA,NA,NA,NA,NA,SPECIES
Pseudomonas aeruginosa,287,GCA_030368495.2,1,6907402,6907402,1,6907402,1,1,6907402,1,1,6907402,4559313,66,119,NA,NA,NA,NA,NA,NA,NA,SPECIES
Pseudomonas aeruginosa,287,GCA_042701695.2,1,6906495,6906495,1,6906495,1,1,6906495,1,1,6906495,4555309,66,100,NA,NA,NA,NA,NA,NA,NA,SPECIES
Pseudomonas aeruginosa,287,GCF_028609485.1,1,6894937,6894937,1,6894937,1,1,6894937,1,1,6894937,4552797,66,166,Pseudomonas aeruginosa,287,species,v1.2.2,99.16,0.63,33.4578,SPECIES
Pseudomonas aeruginosa,287,GCF_028607205.1,1,6891485,6891485,1,6891485,1,1,6891485,1,1,6891485,4555270,66,156,Pseudomonas aeruginosa,287,species,v1.2.2,98.64,0.93,18.0832,SPECIES
Pseudomonas aeruginosa,287,GCA_016924475.2,1,6889914,6889914,1,6889914,1,1,6889914,1,1,6889914,4551616,66,50,NA,NA,NA,NA,NA,NA,NA,SPECIES
Pseudomonas aeruginosa,287,GCF_028610105.1,2,6885916,6885916,2,6883203,1,2,6883203,1,2,6885916,4547716,66,140,Pseudomonas aeruginosa,287,species,v1.2.2,98.51,1.12,16.0917,SPECIES
Pseudomonas aeruginosa,287,GCF_028609045.1,1,6879087,6879087,1,6879087,1,1,6879087,1,1,6879087,4550939,66,129,Pseudomonas aeruginosa,287,species,v1.2.2,98.72,1.51,19.3694,SPECIES
Pseudomonas aeruginosa,287,GCF_028609245.1,1,6838904,6838904,1,6838904,1,1,6838904,1,1,6838904,4521968,66,79,Pseudomonas aeruginosa,287,species,v1.2.2,95.77,0.79,3.90588,SPECIES
Pseudomonas aeruginosa,287,GCA_046689005.2,3,7333895,7333895,3,6832328,1,3,6832328,1,3,7333895,4810217,65.5,100,NA,NA,NA,NA,NA,NA,NA,SPECIES
Pseudomonas aeruginosa,287,GCF_003950235.1,1,6814295,6814295,1,6814295,1,1,6814295,1,1,6814295,4488633,66,59.4,Pseudomonas aeruginosa,287,species,v1.2.2,92.33,1.53,1.62992,SPECIES
Pseudomonas aeruginosa,287,GCA_030179745.1,3,7729730,7729730,3,6808841,1,3,6808841,1,3,7729730,5051909,65.5,105.034,NA,NA,NA,NA,NA,NA,NA,SPECIES
Pseudomonas aeruginosa,287,GCF_028608565.1,2,6808779,6808779,2,6807074,1,2,6807074,1,2,6808779,4487835,66,148,Pseudomonas aeruginosa,287,species,v1.2.2,98.4,1.95,14.9656,SPECIES
Pseudomonas aeruginosa,287,GCF_028608805.1,2,6813644,6813644,2,6806496,1,2,6806496,1,2,6813644,4509930,66,153,Pseudomonas aeruginosa,287,species,v1.2.2,98.77,0.57,20.537,SPECIES
Pseudomonas aeruginosa,287,GCA_033541995.2,2,6851464,6851464,2,6803680,1,2,6803680,1,2,6851464,4512445,66,135,NA,NA,NA,NA,NA,NA,NA,SPECIES
Pseudomonas aeruginosa,287,GCA_036872625.1,1,6797398,6797398,1,6797398,1,1,6797398,1,1,6797398,4493428,66,300,NA,NA,NA,NA,NA,NA,NA,SPECIES
Pseudomonas aeruginosa,287,GCF_028609985.1,1,6796516,6796516,1,6796516,1,1,6796516,1,1,6796516,4500172,66,107,Pseudomonas aeruginosa,287,species,v1.2.2,97.14,0.56,7.12423,SPECIES
Pseudomonas aeruginosa,287,GCF_003713085.1,1,6793961,6793961,1,6793961,1,1,6793961,1,1,6793961,4473017,66,65.2,Pseudomonas aeruginosa,287,species,v1.2.2,92.43,1.31,1.67734,SPECIES
Pseudomonas aeruginosa,287,GCF_028610205.1,1,6793049,6793049,1,6793049,1,1,6793049,1,1,6793049,4498175,66,116,Pseudomonas aeruginosa,287,species,v1.2.2,97.42,0.56,8.27406,SPECIES
Pseudomonas aeruginosa,287,GCF_901472545.1,1,6791490,6791490,1,6791490,1,1,6791490,1,1,6791490,4494036,66,100,Pseudomonas aeruginosa,287,species,v1.2.2,93.62,0.28,2.16927,SPECIES
Pseudomonas aeruginosa,287,GCF_901472595.1,1,6788588,6788588,1,6788588,1,1,6788588,1,1,6788588,4496784,66,100,Pseudomonas aeruginosa,287,species,v1.2.2,94.16,0.78,2.50711,SPECIES
Pseudomonas aeruginosa,287,GCF_028609465.1,1,6786654,6786654,1,6786654,1,1,6786654,1,1,6786654,4493975,66,196,Pseudomonas aeruginosa,287,species,v1.2.2,98.44,0.56,15.4042,SPECIES
Pseudomonas aeruginosa,287,GCF_013341315.1,1,6780782,6780782,1,6780782,1,1,6780782,1,1,6780782,4475958,66,229.65,Pseudomonas aeruginosa,287,species,v1.2.3,94.1,1.88,2.48933,SPECIES
Pseudomonas aeruginosa,287,GCF_901472565.1,1,6779267,6779267,1,6779267,1,1,6779267,1,1,6779267,4488628,66,100,Pseudomonas aeruginosa,287,species,v1.2.2,93.33,0.49,2.01517,SPECIES
Pseudomonas aeruginosa,287,GCF_045348555.1,1,6769031,6769031,1,6769031,1,1,6769031,1,1,6769031,4478345,66,1,Pseudomonas aeruginosa,287,species,v1.2.3,99.38,0.95,51.784,SPECIES
Pseudomonas aeruginosa,287,GCF_028608605.1,3,6840567,6840567,3,6761200,1,3,6761200,1,3,6840567,4509456,66,131,Pseudomonas aeruginosa,287,species,v1.2.2,96.61,1.64,5.51802,SPECIES
Pseudomonas aeruginosa,287,GCF_003952305.1,1,6759594,6759594,1,6759594,1,1,6759594,1,1,6759594,4452819,66,45.9,Pseudomonas aeruginosa,287,species,v1.2.2,92.97,1.46,1.86107,SPECIES
Pseudomonas aeruginosa,287,GCA_037223945.1,1,6747646,6747646,1,6747646,1,1,6747646,1,1,6747646,4464005,66,300,NA,NA,NA,NA,NA,NA,NA,SPECIES
Pseudomonas aeruginosa,287,GCF_003952325.1,1,6744658,6744658,1,6744658,1,1,6744658,1,1,6744658,4447231,66,283,Pseudomonas aeruginosa,287,species,v1.2.2,94.62,1.69,2.89237,SPECIES
Pseudomonas aeruginosa,287,GCA_034127025.2,1,6738487,6738487,1,6738487,1,1,6738487,1,1,6738487,4456665,66,21,NA,NA,NA,NA,NA,NA,NA,SPECIES
Pseudomonas aeruginosa,287,GCF_028607285.1,3,6790001,6790001,3,6737651,1,3,6737651,1,3,6790001,4489623,66,136,Pseudomonas aeruginosa,287,species,v1.2.2,98.68,0.49,18.6404,SPECIES
Pseudomonas aeruginosa,287,GCF_028609425.1,1,6727859,6727859,1,6727859,1,1,6727859,1,1,6727859,4446475,66,138,Pseudomonas aeruginosa,287,species,v1.2.2,96.36,0.6,4.92532,SPECIES
Pseudomonas aeruginosa,287,GCF_028607265.1,2,6871369,6871369,2,6710278,1,2,6710278,1,2,6871369,4534727,66,199,Pseudomonas aeruginosa,287,species,v1.2.2,99.16,0.87,33.4578,SPECIES
Pseudomonas aeruginosa,287,GCA_033547135.1,2,7091553,7091553,2,6696531,1,2,6696531,1,2,7091553,4657419,65.5,119,NA,NA,NA,NA,NA,NA,NA,SPECIES
Pseudomonas aeruginosa,287,GCF_036417785.1,1,6695986,6695986,1,6695986,1,1,6695986,1,1,6695986,4427286,66,54,Pseudomonas aeruginosa,287,species,v1.2.2,94.59,0.72,2.8568,SPECIES
Pseudomonas aeruginosa,287,GCF_028607145.1,1,6669750,6669750,1,6669750,1,1,6669750,1,1,6669750,4409197,66,106,Pseudomonas aeruginosa,287,species,v1.2.2,98.92,0.7,24.3362,SPECIES
Pseudomonas aeruginosa,287,GCA_025736975.1,2,7054769,7054769,2,6663921,1,2,6663921,1,2,7054769,4633572,65.5,100,NA,NA,NA,NA,NA,NA,NA,SPECIES
Pseudomonas aeruginosa,287,GCF_028609525.1,1,6654496,6654496,1,6654496,1,1,6654496,1,1,6654496,4397682,66,100,Pseudomonas aeruginosa,287,species,v1.2.2,96.53,0.61,5.33428,SPECIES
Pseudomonas aeruginosa,287,GCF_028608765.1,1,6638347,6638347,1,6638347,1,1,6638347,1,1,6638347,4402101,66.5,160,Pseudomonas aeruginosa,287,species,v1.2.2,99.09,0.38,30.435,SPECIES
Pseudomonas aeruginosa,287,GCF_028608745.1,1,6638345,6638345,1,6638345,1,1,6638345,1,1,6638345,4402111,66.5,180,Pseudomonas aeruginosa,287,species,v1.2.2,99.13,0.38,32.1954,SPECIES
Pseudomonas aeruginosa,287,GCA_028366535.3,3,6803216,6803216,3,6635769,1,3,6635769,1,3,6803216,4483638,66,89,NA,NA,NA,NA,NA,NA,NA,SPECIES
Pseudomonas aeruginosa,287,GCA_025792615.1,1,6634608,6634608,1,6634608,1,1,6634608,1,1,6634608,4385511,66,18,Pseudomonas aeruginosa,287,species,v1.2.3,44.19,0.6,0.0770507,SPECIES
Pseudomonas aeruginosa,287,GCA_025736955.1,2,7012080,7012080,2,6630741,1,2,6630741,1,2,7012080,4609157,65.5,100,NA,NA,NA,NA,NA,NA,NA,SPECIES
Pseudomonas aeruginosa,287,GCF_018986715.1,1,6609407,6609407,1,6609407,1,1,6609407,1,1,6609407,4366190,66,80,Pseudomonas aeruginosa,287,species,v1.2.3,93.1,1.03,1.90849,SPECIES
Pseudomonas aeruginosa,287,GCF_028610185.1,2,6599357,6599357,2,6595493,1,2,6595493,1,2,6599357,4369435,66,65,Pseudomonas aeruginosa,287,species,v1.2.2,98.63,1.07,17.8876,SPECIES
Pseudomonas aeruginosa,287,GCA_052696685.1,2,6610260,6610260,2,6588888,1,2,6588888,1,2,6610260,4368570,66,100,Pseudomonas aeruginosa,287,species,v1.2.4,94.41,1.29,2.73826,SPECIES
Pseudomonas aeruginosa,287,GCF_028608845.1,4,6697564,6697564,4,6560100,1,4,6560100,1,4,6697564,4431203,66,107,Pseudomonas aeruginosa,287,species,v1.2.2,98.51,1.91,16.0917,SPECIES
Pseudomonas aeruginosa,287,GCF_028608485.1,1,6559171,6559171,1,6559171,1,1,6559171,1,1,6559171,4344232,66,298,Pseudomonas aeruginosa,287,species,v1.2.2,99.1,0.49,30.6899,SPECIES
Pseudomonas aeruginosa,287,GCF_028610005.1,2,6585066,6585066,2,6549144,1,2,6549144,1,2,6585066,4357215,66,172,Pseudomonas aeruginosa,287,species,v1.2.2,97.64,0.49,9.38241,SPECIES
Pseudomonas aeruginosa,287,GCA_038799315.1,1,6541669,6541669,1,6541669,1,1,6541669,1,1,6541669,4343201,66.5,111.212,Pseudomonas aeruginosa,287,species,v1.2.2,80.39,0.33,0.681603,SPECIES
Pseudomonas aeruginosa,287,GCF_003288355.1,1,6540996,6540996,1,6540996,1,1,6540996,1,1,6540996,4309483,66,9.85,Pseudomonas aeruginosa,287,species,v1.2.2,93.73,0.53,2.20484,SPECIES
Pseudomonas aeruginosa,287,GCF_002812825.1,1,6526814,6526814,1,6526814,1,1,6526814,1,1,6526814,4308725,66,100,Pseudomonas aeruginosa,287,species,v1.2.2,94.88,0.78,3.06425,SPECIES
Pseudomonas aeruginosa,287,GCA_019434195.1,1,6520583,6520583,1,6520583,1,1,6520583,1,1,6520583,4326013,66.5,31,Pseudomonas aeruginosa,287,species,v1.2.3,92.81,0.58,1.8018,SPECIES
Pseudomonas aeruginosa,287,GCF_028608865.1,1,6520087,6520087,1,6520087,1,1,6520087,1,1,6520087,4316064,66,298,Pseudomonas aeruginosa,287,species,v1.2.2,98.61,1.22,17.532,SPECIES
Pseudomonas aeruginosa,287,GCF_028609565.1,1,6512731,6512731,1,6512731,1,1,6512731,1,1,6512731,4318057,66.5,190,Pseudomonas aeruginosa,287,species,v1.2.2,97.78,1.32,10.1114,SPECIES
Pseudomonas aeruginosa,287,GCF_028608965.1,1,6512729,6512729,1,6512729,1,1,6512729,1,1,6512729,4327920,66.5,203,Pseudomonas aeruginosa,287,species,v1.2.2,98.95,0.52,25.0356,SPECIES
Pseudomonas aeruginosa,287,GCF_028607225.1,1,6511783,6511783,1,6511783,1,1,6511783,1,1,6511783,4322029,66.5,160,Pseudomonas aeruginosa,287,species,v1.2.2,98.75,0.49,19.9265,SPECIES
Pseudomonas aeruginosa,287,GCF_028609205.1,1,6508173,6508173,1,6508173,1,1,6508173,1,1,6508173,4319703,66.5,144,Pseudomonas aeruginosa,287,species,v1.2.2,99.01,1.27,27.3886,SPECIES
Pseudomonas aeruginosa,287,GCF_028609225.1,1,6506914,6506914,1,6506914,1,1,6506914,1,1,6506914,4316008,66.5,202,Pseudomonas aeruginosa,287,species,v1.2.2,98.44,1.4,15.4042,SPECIES
Pseudomonas aeruginosa,287,GCF_028607185.1,1,6501568,6501568,1,6501568,1,1,6501568,1,1,6501568,4315297,66.5,147,Pseudomonas aeruginosa,287,species,v1.2.2,98.68,0.34,18.6404,SPECIES
Pseudomonas aeruginosa,287,GCF_028610025.1,2,6659308,6659308,2,6498494,1,2,6498494,1,2,6659308,4404319,66,290,Pseudomonas aeruginosa,287,species,v1.2.2,97.88,0.49,10.7515,SPECIES
Pseudomonas aeruginosa,287,GCF_019466095.1,1,6490034,6490034,1,6490034,1,1,6490034,1,1,6490034,4305181,66.5,98.5,Pseudomonas aeruginosa,287,species,v1.2.3,99.77,0.49,91.0028,SPECIES
Pseudomonas aeruginosa,287,GCF_013467585.1,1,6490020,6490020,1,6490020,1,1,6490020,1,1,6490020,4305162,66.5,100,Pseudomonas aeruginosa,287,species,v1.2.3,99.77,0.49,91.0028,SPECIES
Pseudomonas aeruginosa,287,GCF_028609145.1,1,6478672,6478672,1,6478672,1,1,6478672,1,1,6478672,4301127,66.5,167,Pseudomonas aeruginosa,287,species,v1.2.2,98.4,0.43,14.9656,SPECIES
Pseudomonas aeruginosa,287,GCF_028610045.1,1,6463275,6463275,1,6463275,1,1,6463275,1,1,6463275,4284412,66.5,133,Pseudomonas aeruginosa,287,species,v1.2.2,99.15,0.4,32.9659,SPECIES
Pseudomonas aeruginosa,287,GCF_028609185.1,1,6462122,6462122,1,6462122,1,1,6462122,1,1,6462122,4287462,66.5,83,Pseudomonas aeruginosa,287,species,v1.2.2,98.52,0.72,16.2281,SPECIES
Pseudomonas aeruginosa,287,GCF_001516365.2,1,6460023,6460023,1,6460023,1,1,6460023,1,1,6460023,4260710,66,NA,Pseudomonas aeruginosa,287,species,v1.2.2,94.23,0.54,2.55453,SPECIES
Pseudomonas aeruginosa,287,GCF_028608705.1,1,6459518,6459518,1,6459518,1,1,6459518,1,1,6459518,4286923,66.5,247,Pseudomonas aeruginosa,287,species,v1.2.2,98.36,0.29,14.5389,SPECIES
Pseudomonas aeruginosa,287,GCA_016922515.2,1,6444122,6444122,1,6444122,1,1,6444122,1,1,6444122,4255920,66,50,NA,NA,NA,NA,NA,NA,NA,SPECIES
Pseudomonas aeruginosa,287,GCA_900478745.1,1,6440688,6440688,1,6440688,1,1,6440688,1,1,6440688,4273312,66.5,89,Pseudomonas aeruginosa,287,species,v1.2.2,88.23,0.6,1.09649,SPECIES
Pseudomonas aeruginosa,287,GCF_028607305.1,1,6440080,6440080,1,6440080,1,1,6440080,1,1,6440080,4272934,66.5,160,Pseudomonas aeruginosa,287,species,v1.2.2,98.47,0.49,15.7124,SPECIES
Pseudomonas aeruginosa,287,GCF_028609065.1,1,6439221,6439221,1,6439221,1,1,6439221,1,1,6439221,4280314,66.5,85,Pseudomonas aeruginosa,287,species,v1.2.2,98.85,0.51,22.2617,SPECIES
Pseudomonas aeruginosa,287,GCF_028608645.1,1,6423034,6423034,1,6423034,1,1,6423034,1,1,6423034,4264540,66.5,244,Pseudomonas aeruginosa,287,species,v1.2.2,98.89,0.71,23.1508,SPECIES
Pseudomonas aeruginosa,287,GCF_028609005.1,1,6421990,6421990,1,6421990,1,1,6421990,1,1,6421990,4265550,66.5,89,Pseudomonas aeruginosa,287,species,v1.2.2,98.89,0.29,23.1508,SPECIES
Pseudomonas aeruginosa,287,GCF_028608825.1,1,6410328,6410328,1,6410328,1,1,6410328,1,1,6410328,4259161,66.5,158,Pseudomonas aeruginosa,287,species,v1.2.2,98.98,0.35,26.4343,SPECIES
Pseudomonas aeruginosa,287,GCA_025792655.1,1,6407102,6407102,1,6407102,1,1,6407102,1,1,6407102,4253080,66.5,28,Pseudomonas aeruginosa,287,species,v1.2.3,30.27,0.26,0.0237079,SPECIES
Pseudomonas aeruginosa,287,GCA_025792675.1,1,6403424,6403424,1,6403424,1,1,6403424,1,1,6403424,4251653,66.5,49,Pseudomonas aeruginosa,287,species,v1.2.3,42.24,0.13,0.0592698,SPECIES
Pseudomonas aeruginosa,287,GCF_028609325.1,1,6400429,6400429,1,6400429,1,1,6400429,1,1,6400429,4242029,66.5,136,Pseudomonas aeruginosa,287,species,v1.2.2,97.4,0.29,8.17923,SPECIES
Pseudomonas aeruginosa,287,GCF_028608525.1,1,6392588,6392588,1,6392588,1,1,6392588,1,1,6392588,4247611,66.5,115,Pseudomonas aeruginosa,287,species,v1.2.2,98.95,0.28,25.0356,SPECIES
Pseudomonas aeruginosa,287,GCF_028609905.1,1,6389039,6389039,1,6389039,1,1,6389039,1,1,6389039,4242769,66.5,137,Pseudomonas aeruginosa,287,species,v1.2.2,97.36,0.34,8.02513,SPECIES
Pseudomonas aeruginosa,287,GCF_028609285.1,1,6376882,6376882,1,6376882,1,1,6376882,1,1,6376882,4235383,66.5,121,Pseudomonas aeruginosa,287,species,v1.2.2,98.63,0.94,17.8876,SPECIES
Pseudomonas aeruginosa,287,GCF_028607345.1,1,6375151,6375151,1,6375151,1,1,6375151,1,1,6375151,4236598,66.5,245,Pseudomonas aeruginosa,287,species,v1.2.2,99.05,0.28,28.6688,SPECIES
Pseudomonas aeruginosa,287,GCA_025792635.1,1,6374920,6374920,1,6374920,1,1,6374920,1,1,6374920,4238681,66.5,33,Pseudomonas aeruginosa,287,species,v1.2.3,34.43,0.15,0.0355619,SPECIES
Pseudomonas aeruginosa,287,GCF_028608685.1,1,6369460,6369460,1,6369460,1,1,6369460,1,1,6369460,4233165,66.5,119,Pseudomonas aeruginosa,287,species,v1.2.2,99.16,0.5,33.4578,SPECIES
Pseudomonas aeruginosa,287,GCA_025792515.1,1,6368373,6368373,1,6368373,1,1,6368373,1,1,6368373,4231700,66.5,40,Pseudomonas aeruginosa,287,species,v1.2.3,37.56,0.21,0.0533428,SPECIES
Pseudomonas aeruginosa,287,GCA_010694505.1,1,6367369,6367369,1,6367369,1,1,6367369,1,1,6367369,4230884,66.5,60,Pseudomonas aeruginosa,287,species,v1.2.2,63.4,0.23,0.207444,SPECIES
Pseudomonas aeruginosa,287,GCF_028608625.1,1,6365841,6365841,1,6365841,1,1,6365841,1,1,6365841,4231386,66.5,163,Pseudomonas aeruginosa,287,species,v1.2.2,98.86,0.46,22.4988,SPECIES
Pseudomonas aeruginosa,287,GCF_028608945.1,1,6351240,6351240,1,6351240,1,1,6351240,1,1,6351240,4214072,66.5,206,Pseudomonas aeruginosa,287,species,v1.2.2,98.52,1.18,16.2281,SPECIES
Pseudomonas aeruginosa,287,GCF_044999025.1,1,6350848,6350848,1,6350848,1,1,6350848,1,1,6350848,4220744,66.5,1,Pseudomonas aeruginosa,287,species,v1.2.3,99.75,0.3,88.6617,SPECIES
Pseudomonas aeruginosa,287,GCA_019434115.1,3,6471169,6471169,3,6349257,1,3,6349257,1,3,6471169,4293423,66.5,261,Pseudomonas aeruginosa,287,species,v1.2.3,87.77,0.46,1.07278,SPECIES
Pseudomonas aeruginosa,287,GCF_028609925.1,1,6348181,6348181,1,6348181,1,1,6348181,1,1,6348181,4223211,66.5,115,Pseudomonas aeruginosa,287,species,v1.2.2,99.25,0.49,39.6752,SPECIES
Pseudomonas aeruginosa,287,GCA_025792535.1,1,6345918,6345918,1,6345918,1,1,6345918,1,1,6345918,4215702,66.5,35,Pseudomonas aeruginosa,287,species,v1.2.3,36.93,0.07,0.0414889,SPECIES
Pseudomonas aeruginosa,287,GCF_028608925.1,1,6343286,6343286,1,6343286,1,1,6343286,1,1,6343286,4218093,66.5,151,Pseudomonas aeruginosa,287,species,v1.2.2,98.76,0.56,20.3414,SPECIES
Pseudomonas aeruginosa,287,GCA_025792575.1,1,6335889,6335889,1,6335889,1,1,6335889,1,1,6335889,4212806,66.5,38,Pseudomonas aeruginosa,287,species,v1.2.3,37.36,0.56,0.0474158,SPECIES
Pseudomonas aeruginosa,287,GCF_028608985.1,1,6329660,6329660,1,6329660,1,1,6329660,1,1,6329660,4205932,66.5,189,Pseudomonas aeruginosa,287,species,v1.2.2,98.53,0.28,16.3822,SPECIES
Pseudomonas aeruginosa,287,GCA_003691345.1,1,6327308,6327308,1,6327308,1,1,6327308,1,1,6327308,4208099,66.5,12,Pseudomonas aeruginosa,287,species,v1.2.2,71.81,0.33,0.349692,SPECIES
Pseudomonas aeruginosa,287,GCF_028607245.1,1,6315885,6315885,1,6315885,1,1,6315885,1,1,6315885,4197066,66.5,165,Pseudomonas aeruginosa,287,species,v1.2.2,98.87,0.35,22.7774,SPECIES
Pseudomonas aeruginosa,287,GCF_033395015.1,1,6310317,6310317,1,6310317,1,1,6310317,1,1,6310317,4196771,66.5,42.96,Pseudomonas aeruginosa,287,species,v1.2.3,99.58,0.49,73.8265,SPECIES
Pseudomonas aeruginosa,287,GCA_025792595.1,1,6309268,6309268,1,6309268,1,1,6309268,1,1,6309268,4197056,66.5,29,Pseudomonas aeruginosa,287,species,v1.2.3,29.9,0.07,0.0177809,SPECIES
Pseudomonas aeruginosa,287,GCF_028609305.1,1,6309215,6309215,1,6309215,1,1,6309215,1,1,6309215,4197404,66.5,107,Pseudomonas aeruginosa,287,species,v1.2.2,98.84,0.51,21.9832,SPECIES
Pseudomonas aeruginosa,287,GCF_028607385.1,1,6294426,6294426,1,6294426,1,1,6294426,1,1,6294426,4191441,66.5,106,Pseudomonas aeruginosa,287,species,v1.2.2,99.16,0.28,33.4578,SPECIES
Pseudomonas aeruginosa,287,GCF_028608665.1,1,6283865,6283865,1,6283865,1,1,6283865,1,1,6283865,4181785,66.5,149,Pseudomonas aeruginosa,287,species,v1.2.2,99.13,0.49,32.1954,SPECIES
Pseudomonas aeruginosa,287,GCF_039921825.1,1,6281640,6281640,1,6281640,1,1,6281640,1,1,6281640,4178873,66.5,1,Pseudomonas aeruginosa,287,species,v1.2.3,99.82,0.7,94.4109,SPECIES
Pseudomonas aeruginosa,287,GCF_028609125.1,1,6276108,6276108,1,6276108,1,1,6276108,1,1,6276108,4178125,66.5,100,Pseudomonas aeruginosa,287,species,v1.2.2,98.77,0.29,20.537,SPECIES
Pseudomonas aeruginosa,287,GCF_028609405.1,1,6275855,6275855,1,6275855,1,1,6275855,1,1,6275855,4161197,66.5,60,Pseudomonas aeruginosa,287,species,v1.2.2,96.55,0.51,5.37577,SPECIES
Pseudomonas aeruginosa,287,GCF_037914935.1,1,6275045,6275045,1,6275045,1,1,6275045,1,1,6275045,4175445,66.5,1,Pseudomonas aeruginosa,287,species,v1.2.3,99.79,0.49,92.5557,SPECIES
Pseudomonas aeruginosa,287,GCF_033393195.1,1,6274395,6274395,1,6274395,1,1,6274395,1,1,6274395,4174697,66.5,38.16,Pseudomonas aeruginosa,287,species,v1.2.3,99.82,0.49,94.4109,SPECIES
Pseudomonas aeruginosa,287,GCF_039924275.1,1,6274003,6274003,1,6274003,1,1,6274003,1,1,6274003,4174447,66.5,1,Pseudomonas aeruginosa,287,species,v1.2.3,99.79,0.49,92.5557,SPECIES
Pseudomonas aeruginosa,287,GCF_028609965.1,1,6273157,6273157,1,6273157,1,1,6273157,1,1,6273157,4164291,66.5,293,Pseudomonas aeruginosa,287,species,v1.2.2,98.32,1.09,14.1358,SPECIES
Pseudomonas aeruginosa,287,GCF_028609105.1,1,6270995,6270995,1,6270995,1,1,6270995,1,1,6270995,4174806,66.5,345,Pseudomonas aeruginosa,287,species,v1.2.2,98.38,0.29,14.7345,SPECIES
Pseudomonas aeruginosa,287,GCF_028609025.1,1,6270988,6270988,1,6270988,1,1,6270988,1,1,6270988,4174789,66.5,97,Pseudomonas aeruginosa,287,species,v1.2.2,98.67,0.29,18.4862,SPECIES
Pseudomonas aeruginosa,287,GCF_033394235.1,1,6270416,6270416,1,6270416,1,1,6270416,1,1,6270416,4172090,66.5,53.57,Pseudomonas aeruginosa,287,species,v1.2.3,99.75,0.49,88.6617,SPECIES
Pseudomonas aeruginosa,287,GCF_028609345.1,1,6269133,6269133,1,6269133,1,1,6269133,1,1,6269133,4164872,66.5,212,Pseudomonas aeruginosa,287,species,v1.2.2,96.72,0.94,5.77881,SPECIES
Pseudomonas aeruginosa,287,GCF_028609505.1,1,6268505,6268505,1,6268505,1,1,6268505,1,1,6268505,4166053,66.5,191,Pseudomonas aeruginosa,287,species,v1.2.2,96.5,0.28,5.26316,SPECIES
Pseudomonas aeruginosa,287,GCF_028609445.1,1,6268502,6268502,1,6268502,1,1,6268502,1,1,6268502,4166052,66.5,131,Pseudomonas aeruginosa,287,species,v1.2.2,96.41,0.28,5.02608,SPECIES
Pseudomonas aeruginosa,287,GCF_028609365.1,1,6268483,6268483,1,6268483,1,1,6268483,1,1,6268483,4166092,66.5,101,Pseudomonas aeruginosa,287,species,v1.2.2,96.26,0.28,4.68824,SPECIES
Pseudomonas aeruginosa,287,GCF_028609085.1,1,6267298,6267298,1,6267298,1,1,6267298,1,1,6267298,4173568,66.5,161,Pseudomonas aeruginosa,287,species,v1.2.2,98.77,0.29,20.537,SPECIES
Pseudomonas aeruginosa,287,GCF_028608905.1,2,6301813,6301813,2,6263423,1,2,6263423,1,2,6301813,4193927,66.5,313,Pseudomonas aeruginosa,287,species,v1.2.2,98.92,1.33,24.3362,SPECIES
Pseudomonas aeruginosa,287,GCA_025792555.1,1,6262914,6262914,1,6262914,1,1,6262914,1,1,6262914,4163454,66.5,25,Pseudomonas aeruginosa,287,species,v1.2.3,25.05,0.11,0.00592698,SPECIES
Pseudomonas aeruginosa,287,GCF_028609265.1,1,6261923,6261923,1,6261923,1,1,6261923,1,1,6261923,4162650,66.5,199,Pseudomonas aeruginosa,287,species,v1.2.2,96.68,0.28,5.67212,SPECIES
Pseudomonas aeruginosa,287,GCF_028609605.1,1,6260113,6260113,1,6260113,1,1,6260113,1,1,6260113,4160957,66.5,93,Pseudomonas aeruginosa,287,species,v1.2.2,96.89,0.82,6.28853,SPECIES
Pseudomonas aeruginosa,287,GCF_028608785.1,1,6258821,6258821,1,6258821,1,1,6258821,1,1,6258821,4164116,66.5,148,Pseudomonas aeruginosa,287,species,v1.2.2,98.2,0.36,12.9327,SPECIES
Pseudomonas aeruginosa,287,GCF_028609585.1,1,6256384,6256384,1,6256384,1,1,6256384,1,1,6256384,4156614,66.5,137,Pseudomonas aeruginosa,287,species,v1.2.2,98.26,0.69,13.4602,SPECIES
Pseudomonas aeruginosa,287,GCF_028609945.1,1,6225254,6225254,1,6225254,1,1,6225254,1,1,6225254,4139127,66.5,113,Pseudomonas aeruginosa,287,species,v1.2.2,95.96,0.28,4.13703,SPECIES
Pseudomonas aeruginosa,287,GCF_028610165.1,1,6215926,6215926,1,6215926,1,1,6215926,1,1,6215926,4132602,66.5,92,Pseudomonas aeruginosa,287,species,v1.2.2,95.91,0.28,4.10147,SPECIES
Pseudomonas aeruginosa,287,GCF_028608885.1,1,6165960,6165960,1,6165960,1,1,6165960,1,1,6165960,4104112,66.5,194,Pseudomonas aeruginosa,287,species,v1.2.2,97.85,1.33,10.5145,SPECIES
Pseudomonas aeruginosa,287,GCF_019434175.1,1,6140089,6140089,1,6140089,1,1,6140089,1,1,6140089,4087084,66.5,265,Pseudomonas aeruginosa,287,species,v1.2.3,93.07,0.27,1.89071,SPECIES
Pseudomonas aeruginosa,287,GCA_001465155.1,1,6123018,6123018,1,6123018,1,1,6123018,1,1,6123018,4081291,66.5,199,Pseudomonas aeruginosa,287,species,v1.2.2,94.22,0.35,2.53675,SPECIES
Pseudomonas aeruginosa,287,GCF_019434155.1,1,6110239,6110239,1,6110239,1,1,6110239,1,1,6110239,4068231,66.5,246,Pseudomonas aeruginosa,287,species,v1.2.3,94.31,0.23,2.66121,SPECIES
Pseudomonas aeruginosa,287,GCF_028609385.1,1,6077879,6077879,1,6077879,1,1,6077879,1,1,6077879,4037740,66.5,103,Pseudomonas aeruginosa,287,species,v1.2.2,93.95,0.28,2.37079,SPECIES
Pseudomonas aeruginosa,287,GCA_048593205.1,1,6037891,6037891,1,6037891,1,1,6037891,1,1,6037891,4032378,67,50,Pseudomonas aeruginosa,287,species,v1.2.3,97.06,0.49,6.83973,SPECIES
Pseudomonas aeruginosa,287,GCF_024089395.1,1,6014899,6014899,1,6014899,1,1,6014899,1,1,6014899,4000837,66.5,10,Pseudomonas aeruginosa,287,species,v1.2.4,94.92,0.49,3.08796,SPECIES
Pseudomonas aeruginosa,287,GCF_024089375.1,1,5915863,5915863,1,5915863,1,1,5915863,1,1,5915863,3934267,66.5,10,Pseudomonas aeruginosa,287,species,v1.2.3,94.28,0.49,2.62565,SPECIES
Pseudomonas aeruginosa,287,GCF_013001005.1,1,6217899,6217899,1,6217899,1,1,6217899,1,1,6217899,4137120,66.5,3807,Pseudomonas aeruginosa,287,species,v1.2.2,98.97,0.49,25.486,SPECIES
Pseudomonas aeruginosa,287,GCF_000568855.2,1,6283316,6283316,1,6283316,1,1,6283316,1,1,6278626,4163617,66.5,20,Pseudomonas aeruginosa,287,species,v1.2.3,91.53,0.28,1.44026,SPECIES
Pseudomonas aeruginosa,287,GCA_009498355.1,1,6946480,6946480,1,6946480,1,1,6946480,1,1,6946480,4580251,66,176,Pseudomonas aeruginosa,287,species,v1.2.3,78.58,0.87,0.586771,SPECIES
Pseudomonas putida,303,GCF_024508115.1,1,6179370,6179370,1,6179370,1,1,6179370,1,1,6179370,3851301,62.5,270.63,Pseudomonas putida,303,species,v1.2.4,99.77,1.33,89.1892,SPECIES
Pseudomonas putida,303,GCF_003228315.1,1,6845198,6845198,1,6845198,1,1,6845198,1,1,6845198,4126132,60.5,6.8452e+06,Pseudomonas putida,303,species,v1.2.3,98.61,4.65,26.0442,SPECIES
Pseudomonas putida,303,GCF_050989985.1,1,6768491,6768491,1,6768491,1,1,6768491,1,1,6768491,4092046,60.5,1,Pseudomonas putida,303,species,v1.2.3,99.02,3.58,33.9066,SPECIES
Pseudomonas putida,303,GCF_001630725.2,1,6656695,6656695,1,6656695,1,1,6656695,1,1,6656695,4119995,62,200,Pseudomonas putida,303,species,v1.2.3,99.22,0.92,41.5233,SPECIES
Pseudomonas putida,303,GCF_002356095.1,5,7467685,7467685,5,6583377,1,5,6583377,1,5,7467685,4582430,61.5,124,Pseudomonas putida,303,species,v1.2.3,99.53,2.54,61.1794,SPECIES
Pseudomonas putida,303,GCF_050990305.1,1,6577063,6577063,1,6577063,1,1,6577063,1,1,6577063,3895364,59,1,Pseudomonas putida,303,species,v1.2.3,99.05,2.65,34.8894,SPECIES
Pseudomonas putida,303,GCF_034424745.1,1,6559726,6559726,1,6559726,1,1,6559726,1,1,6559726,4047747,61.5,109,Pseudomonas putida,303,species,v1.2.3,99.74,0.37,87.9607,SPECIES
Pseudomonas putida,303,GCF_035758525.1,3,6595663,6595663,3,6513708,1,3,6513708,1,3,6595663,4020989,61,73,Pseudomonas putida,303,species,v1.2.3,98.56,1.7,25.5528,SPECIES
Pseudomonas putida,303,GCF_014764425.1,2,7114630,7114630,2,6511858,1,2,6511858,1,2,7114630,4357097,61,50,Pseudomonas putida,303,species,v1.2.3,99.77,2.23,89.1892,SPECIES
Pseudomonas putida,303,GCF_005080685.1,2,6610151,6610151,2,6495886,1,2,6495886,1,2,6610151,4163788,63,61,Pseudomonas putida,303,species,v1.2.3,98.19,1.82,21.8673,SPECIES
Pseudomonas putida,303,GCF_007833495.1,1,6368486,6368486,1,6368486,1,1,6368486,1,1,6368486,3946493,62,172.7,Pseudomonas putida,303,species,v1.2.3,99.53,0.93,61.1794,SPECIES
Pseudomonas putida,303,GCF_039634515.1,2,6767258,6767258,2,6362594,1,2,6362594,1,2,6767258,4125666,61,1,Pseudomonas putida,303,species,v1.2.3,99.65,2.15,70.2703,SPECIES
Pseudomonas putida,303,GCF_027595085.1,1,6362490,6362490,1,6362490,1,1,6362490,1,1,6362490,3896609,61,100,Pseudomonas putida,303,species,v1.2.3,99.65,1.18,70.2703,SPECIES
Pseudomonas putida,303,GCF_024749025.1,1,6346720,6346720,1,6346720,1,1,6346720,1,1,6346720,3967647,62.5,223,Pseudomonas putida,303,species,v1.2.4,99.2,0.6,40.5405,SPECIES
Pseudomonas putida,303,GCF_013425825.1,3,6499247,6499247,3,6337358,1,3,6337358,1,3,6499247,3996102,61.5,120,Pseudomonas putida,303,species,v1.2.4,99.65,1.03,70.2703,SPECIES
Pseudomonas putida,303,GCF_025905485.1,1,6321372,6321372,1,6321372,1,1,6321372,1,1,6321372,3913501,62,100,Pseudomonas putida,303,species,v1.2.3,99.65,0.8,70.2703,SPECIES
Pseudomonas putida,303,GCF_031844645.1,2,6733472,6733472,2,6302573,1,2,6302573,1,2,6733472,4122145,61,201,Pseudomonas putida,303,species,v1.2.3,99.65,1.96,70.2703,SPECIES
Pseudomonas putida,303,GCF_037100255.1,1,6286687,6286687,1,6286687,1,1,6286687,1,1,6286687,3929952,62.5,1,Pseudomonas putida,303,species,v1.2.3,99.73,1.55,87.715,SPECIES
Pseudomonas putida,303,GCF_029590515.1,1,6279264,6279264,1,6279264,1,1,6279264,1,1,6279264,3850935,61.5,100,Pseudomonas putida,303,species,v1.2.3,99.65,0.77,70.2703,SPECIES
Pseudomonas putida,303,GCF_030717425.1,3,6390575,6390575,3,6277483,1,3,6277483,1,3,6390575,3935792,61.5,40,Pseudomonas putida,303,species,v1.2.4,99.65,0.39,70.2703,SPECIES
Pseudomonas putida,303,GCF_022354785.1,2,6420499,6420499,2,6259530,1,2,6259530,1,2,6420499,3958805,61.5,15,Pseudomonas putida,303,species,v1.2.3,99.65,0.26,70.2703,SPECIES
Pseudomonas putida,303,GCF_041879285.1,2,6301276,6301276,2,6193118,1,2,6193118,1,2,6301276,3873386,61.5,1,Pseudomonas putida,303,species,v1.2.4,99.3,0.14,46.4373,SPECIES
Pseudomonas putida,303,GCF_045571375.1,1,6191241,6191241,1,6191241,1,1,6191241,1,1,6191241,3808448,61.5,1,Pseudomonas putida,303,species,v1.2.3,99.65,0.38,70.2703,SPECIES
Pseudomonas putida,303,GCF_045571385.1,1,6190837,6190837,1,6190837,1,1,6190837,1,1,6190837,3808196,61.5,1,Pseudomonas putida,303,species,v1.2.3,99.48,0.38,59.4595,SPECIES
Pseudomonas putida,303,GCF_009883635.2,1,6190190,6190190,1,6190190,1,1,6190190,1,1,6190190,3881030,62.5,911,Pseudomonas putida,303,species,v1.2.3,99.41,1.8,52.5799,SPECIES
Pseudomonas putida,303,GCF_045571355.1,1,6189315,6189315,1,6189315,1,1,6189315,1,1,6189315,3807290,61.5,1,Pseudomonas putida,303,species,v1.2.3,99.48,0.38,59.4595,SPECIES
Pseudomonas putida,303,GCF_025985505.1,1,6188267,6188267,1,6188267,1,1,6188267,1,1,6188267,3807084,61.5,251,Pseudomonas putida,303,species,v1.2.3,99.65,0.14,70.2703,SPECIES
Pseudomonas putida,303,GCF_041879055.1,2,6295494,6295494,2,6187336,1,2,6187336,1,2,6295494,3869919,61.5,1,Pseudomonas putida,303,species,v1.2.4,99.53,0.14,61.1794,SPECIES
Pseudomonas putida,303,GCF_040516005.1,1,6185619,6185619,1,6185619,1,1,6185619,1,1,6185619,3805584,61.5,1,Pseudomonas putida,303,species,v1.2.4,99.65,0.14,70.2703,SPECIES
Pseudomonas putida,303,GCF_032681205.1,1,6183439,6183439,1,6183439,1,1,6183439,1,1,6183439,3804261,61.5,55.49,Pseudomonas putida,303,species,v1.2.3,99.49,0.14,60.1966,SPECIES
Pseudomonas putida,303,GCF_019355435.1,1,6181929,6181929,1,6181929,1,1,6181929,1,1,6181929,3803386,61.5,65,Pseudomonas putida,303,species,v1.2.4,99.65,0.14,70.2703,SPECIES
Pseudomonas putida,303,GCF_024662335.1,1,6181900,6181900,1,6181900,1,1,6181900,1,1,6181853,3803338,61.5,160,Pseudomonas putida,303,species,v1.2.3,99.65,0.14,70.2703,SPECIES
Pseudomonas putida,303,GCF_024662315.1,1,6181897,6181897,1,6181897,1,1,6181897,1,1,6181840,3803335,61.5,160,Pseudomonas putida,303,species,v1.2.3,99.65,0.14,70.2703,SPECIES
Pseudomonas putida,303,GCF_030440385.1,1,6181897,6181897,1,6181897,1,1,6181897,1,1,6181852,3803318,61.5,160,Pseudomonas putida,303,species,v1.2.4,99.48,0.14,59.4595,SPECIES
Pseudomonas putida,303,GCF_024662355.1,1,6181702,6181702,1,6181702,1,1,6181702,1,1,6181665,3803255,61.5,160,Pseudomonas putida,303,species,v1.2.3,99.65,0.14,70.2703,SPECIES
Pseudomonas putida,303,GCF_045571365.1,1,6180425,6180425,1,6180425,1,1,6180425,1,1,6180425,3802327,61.5,1,Pseudomonas putida,303,species,v1.2.3,99.17,0.14,39.0663,SPECIES
Pseudomonas putida,303,GCF_013305625.2,2,6802437,6802437,2,6165619,1,2,6165619,1,2,6802437,4152699,61,100,Pseudomonas putida,303,species,v1.2.4,99.41,1.4,52.5799,SPECIES
Pseudomonas putida,303,GCF_025905425.1,1,6138339,6138339,1,6138339,1,1,6138339,1,1,6138339,3791889,62,100,Pseudomonas putida,303,species,v1.2.3,99.45,2.44,58.231,SPECIES
Pseudomonas putida,303,GCF_002025705.1,1,6137024,6137024,1,6137024,1,1,6137024,1,1,6137024,3837738,62.5,103.45,Pseudomonas putida,303,species,v1.2.3,99.41,2.34,52.5799,SPECIES
Pseudomonas putida,303,GCF_900636645.1,1,6134366,6134366,1,6134366,1,1,6134366,1,1,6134366,3775059,61.5,100,Pseudomonas putida,303,species,v1.2.3,99.65,0.14,70.2703,SPECIES
Pseudomonas putida,303,GCF_052695785.1,2,6146172,6146172,2,6101836,1,2,6101836,1,2,6146172,3785425,61.5,1,Pseudomonas putida,303,species,v1.2.4,99.41,0.69,52.5799,SPECIES
Pseudomonas putida,303,GCF_018141045.1,4,6992587,6992587,4,6053381,1,4,6053381,1,4,6992587,4239287,60.5,100,Pseudomonas putida,303,species,v1.2.3,99.56,3.18,64.1278,SPECIES
Pseudomonas putida,303,GCF_014076515.1,2,6065162,6065162,2,6045913,1,2,6045913,1,2,6065161,3737529,61.5,100,Pseudomonas putida,303,species,v1.2.3,99.9,0.28,99.2629,SPECIES
Pseudomonas putida,303,GCF_052075905.1,1,6032578,6032578,1,6032578,1,1,6032578,1,1,6032578,3735775,62,1,Pseudomonas putida,303,species,v1.2.4,99.65,0.63,70.2703,SPECIES
Pseudomonas putida,303,GCF_001886975.1,1,6031212,6031212,1,6031212,1,1,6031212,1,1,6031212,3740144,62,138,Pseudomonas putida,303,species,v1.2.3,99.89,0.68,96.5602,SPECIES
Pseudomonas putida,303,GCF_003671955.1,1,6011680,6011680,1,6011680,1,1,6011680,1,1,6011680,3718086,62,178.2,Pseudomonas putida,303,species,v1.2.3,99.9,0.16,99.2629,SPECIES
Pseudomonas putida,303,GCF_024125675.1,1,6002785,6002785,1,6002785,1,1,6002785,1,1,6002785,3712328,62,250,Pseudomonas putida,303,species,v1.2.4,99.65,1.64,70.2703,SPECIES
Pseudomonas putida,303,GCF_014217705.1,2,6055976,6055976,2,5952420,1,2,5952420,1,2,6055976,3737929,61.5,342,Pseudomonas putida,303,species,v1.2.3,95.52,1.07,7.37101,SPECIES
Pseudomonas putida,303,GCF_033879595.1,1,5946927,5946927,1,5946927,1,1,5946927,1,1,5946927,3681190,62,124.581,Pseudomonas putida,303,species,v1.2.3,96.93,2.36,12.285,SPECIES
Pseudomonas putida,303,GCF_040250365.1,1,5914547,5914547,1,5914547,1,1,5914547,1,1,5914547,3647023,61.5,1,Pseudomonas putida,303,species,v1.2.3,99.31,0.43,46.683,SPECIES
Pseudomonas putida,303,GCF_027886665.1,2,5921602,5921602,2,5913415,1,2,5913415,1,2,5921602,3647414,61.5,160,Pseudomonas putida,303,species,v1.2.3,96.97,0.14,12.5307,SPECIES
Pseudomonas putida,303,GCF_027886645.1,2,5920694,5920694,2,5912475,1,2,5912475,1,2,5920694,3646864,61.5,95,Pseudomonas putida,303,species,v1.2.3,96.97,0.14,12.5307,SPECIES
Pseudomonas putida,303,GCF_027886605.1,2,5920269,5920269,2,5912082,1,2,5912082,1,2,5920269,3646607,61.5,456,Pseudomonas putida,303,species,v1.2.3,96.73,0.28,10.8108,SPECIES
Pseudomonas putida,303,GCF_051934435.1,1,5909934,5909934,1,5909934,1,1,5909934,1,1,5909934,3640441,61.5,1,Pseudomonas putida,303,species,v1.2.4,96.42,0.14,8.59951,SPECIES
Pseudomonas putida,303,GCF_033546995.1,1,5907349,5907349,1,5907349,1,1,5907349,1,1,5907349,3639780,61.5,153,Pseudomonas putida,303,species,v1.2.3,96.71,0.14,10.5651,SPECIES
Pseudomonas putida,303,GCF_051934905.1,1,5907346,5907346,1,5907346,1,1,5907346,1,1,5907346,3639040,61.5,1,Pseudomonas putida,303,species,v1.2.4,96.32,0.14,8.10811,SPECIES
Pseudomonas putida,303,GCF_041530405.1,1,5876267,5876267,1,5876267,1,1,5876267,1,1,5875981,3619340,61.5,1,Pseudomonas putida,303,species,v1.2.4,96.6,0.14,9.33661,SPECIES
Pseudomonas putida,303,GCF_026625125.1,1,5861051,5861051,1,5861051,1,1,5861051,1,1,5861051,3613412,61.5,86,Pseudomonas putida,303,species,v1.2.3,99.34,1.99,48.1572,SPECIES
Pseudomonas putida,303,GCF_036347735.1,2,6434947,6434947,2,5857371,1,2,5857371,1,2,6434947,3913712,61,200,Pseudomonas putida,303,species,v1.2.3,99.2,2.02,40.5405,SPECIES
Pseudomonas putida,303,GCF_034661275.1,1,5850184,5850184,1,5850184,1,1,5850184,1,1,5850184,3617899,62,100,Pseudomonas putida,303,species,v1.2.3,99.65,0.18,70.2703,SPECIES
Pseudomonas putida,303,GCF_003290365.1,1,5848357,5848357,1,5848357,1,1,5848357,1,1,5848357,3680901,63,NA,Pseudomonas putida,303,species,v1.2.3,98.78,2.25,28.9926,SPECIES
Pseudomonas putida,303,GCF_051246325.1,1,5844059,5844059,1,5844059,1,1,5844059,1,1,5844059,3625804,62,1,Pseudomonas putida,303,species,v1.2.4,99.65,0.66,70.2703,SPECIES
Pseudomonas putida,303,GCF_049486675.1,1,5827540,5827540,1,5827540,1,1,5827540,1,1,5827540,3595857,61.5,1,Pseudomonas putida,303,species,v1.2.3,96.69,0.14,10.3194,SPECIES
Pseudomonas putida,303,GCF_001636055.1,1,5808624,5808624,1,5808624,1,1,5808624,1,1,5808624,3670443,63,206,Pseudomonas putida,303,species,v1.2.3,98.68,2.08,27.027,SPECIES
Pseudomonas putida,303,GCF_002741075.1,2,5847120,5847120,2,5794410,1,2,5794410,1,2,5847120,3639748,62,867,Pseudomonas putida,303,species,v1.2.4,97.25,2.56,14.0049,SPECIES
Pseudomonas putida,303,GCF_041879295.1,3,6050864,6050864,3,5789152,1,3,5789152,1,3,6050864,3693646,61,1,Pseudomonas putida,303,species,v1.2.4,99.56,0.33,64.1278,SPECIES
Pseudomonas putida,303,GCF_016406145.1,2,5854781,5854781,2,5774421,1,2,5774421,1,2,5854781,3595765,61.5,30,Pseudomonas putida,303,species,v1.2.3,98.68,0.26,27.027,SPECIES
Pseudomonas putida,303,GCF_051941265.1,1,5768295,5768295,1,5768295,1,1,5768295,1,1,5768295,3571593,62,1,Pseudomonas putida,303,species,v1.2.4,99.65,0.46,70.2703,SPECIES
Pseudomonas putida,303,GCF_026428315.1,1,5702045,5702045,1,5702045,1,1,5702045,1,1,5702045,3530269,62,100,Pseudomonas putida,303,species,v1.2.3,99.41,1.54,52.5799,SPECIES
Pseudomonas putida,303,GCF_009938035.1,1,5681150,5681150,1,5681150,1,1,5681150,1,1,5681150,3532456,62,150,Pseudomonas putida,303,species,v1.2.3,99.23,0.74,42.9975,SPECIES
Pseudomonas putida,303,GCF_014162535.1,1,5575079,5575079,1,5575079,1,1,5575079,1,1,5575079,3474405,62.5,256,Pseudomonas putida,303,species,v1.2.3,97.95,2.01,18.9189,SPECIES
Pseudomonas putida,303,GCF_024266625.1,1,5568427,5568427,1,5568427,1,1,5568427,1,1,5568427,3428986,61.5,276,Pseudomonas putida,303,species,v1.2.4,99.41,1.01,52.5799,SPECIES
Pseudomonas putida,303,GCF_014169055.1,2,5470082,5470082,2,5467790,1,2,5467790,1,2,5470082,3410548,62.5,316,Pseudomonas putida,303,species,v1.2.3,97.95,1.12,18.9189,SPECIES
Pseudomonas putida,303,GCF_042159195.1,1,6185132,6185132,1,6185132,1,1,6185132,1,1,6185132,3805219,61.5,1,Pseudomonas putida,303,species,v1.2.4,99.41,0.14,52.5799,SPECIES
Pseudomonas putida,303,GCF_000007565.2,1,6181873,6181873,1,6181873,1,1,6181873,1,1,6181873,3803337,61.5,1,Pseudomonas putida,303,species,v1.2.3,99.65,0.14,70.2703,SPECIES
Pseudomonas putida,303,GCF_026183455.1,2,6506706,6506706,2,6373258,1,2,6373258,1,2,6506706,3988088,61.5,150,Pseudomonas putida,303,species,v1.2.3,99.53,0.15,61.1794,SPECIES
Pseudomonas putida,303,GCF_040516015.1,1,6365278,6365278,1,6365278,1,1,6365278,1,1,6365278,3909107,61.5,1,Pseudomonas putida,303,species,v1.2.4,99.25,0.14,43.4889,SPECIES
Pseudomonas putida,303,GCF_000226035.2,1,6377271,6377271,1,6377271,1,1,6377271,1,1,6377271,3925625,61.5,300,Pseudomonas putida,303,species,v1.2.3,98.79,0.65,29.484,SPECIES
Pseudomonas putida,303,GCF_000498395.2,1,6621848,6621848,1,6621848,1,1,6621848,1,1,6621848,4128086,62.5,163.56,Pseudomonas putida,303,species,v1.2.3,99.26,1.4,43.9803,SPECIES
Pseudomonas putida,303,GCF_000271965.2,1,6077201,6077201,1,6077201,1,1,6077201,1,1,6077201,3753381,62,200,Pseudomonas putida,303,species,v1.2.3,99.65,0.38,70.2703,SPECIES
Pseudomonas putida,303,GCF_001767335.1,1,5846746,5846746,1,5846746,1,1,5846746,1,1,5846746,3613640,62,50,Pseudomonas putida,303,species,v1.2.3,99.53,0.14,61.1794,SPECIES
Pseudomonas putida,303,GCA_023221695.1,2,6457661,6457661,2,6375733,1,2,6375733,1,2,6457661,4006756,62,200,Pseudomonas putida,303,species,v1.2.2,92.4,0.27,3.6855,SPECIES
Pseudomonas putida,303,GCA_041071465.1,1,6319294,6319294,1,6319294,1,1,6319294,1,1,6319294,3912175,62,138.54,Pseudomonas putida,303,species,v1.2.3,88.6,0.5,1.7199,SPECIES
Pseudomonas putida,303,GCF_037756035.1,1,6211848,6211848,1,6211848,1,1,6211848,1,1,6211848,3821808,61.5,1,Pseudomonas putida,303,species,v1.2.3,99.65,0.28,70.2703,SPECIES
Pseudomonas putida,303,GCF_037758665.1,1,6198829,6198829,1,6198829,1,1,6198829,1,1,6198829,3810908,61.5,1,Pseudomonas putida,303,species,v1.2.3,99.15,0.14,37.3464,SPECIES
Pseudomonas putida,303,GCF_038095575.1,1,6197691,6197691,1,6197691,1,1,6197691,1,1,6197691,3813752,61.5,1,Pseudomonas putida,303,species,v1.2.3,99.41,0.28,52.5799,SPECIES
Pseudomonas putida,303,GCA_049486205.1,1,6191652,6191652,1,6191652,1,1,6191652,1,1,6191652,3807941,61.5,143.6,Pseudomonas putida,303,species,v1.2.3,77.97,NA,1.4742,SPECIES
Pseudomonas putida,303,GCA_049486195.1,1,6188155,6188155,1,6188155,1,1,6188155,1,1,6188155,3805618,61.5,95.9,Pseudomonas putida,303,species,v1.2.3,77.9,0.02,1.2285,SPECIES
Pseudomonas putida,303,GCF_033397795.1,1,6185285,6185285,1,6185285,1,1,6185285,1,1,6185285,3805398,61.5,36.22,Pseudomonas putida,303,species,v1.2.3,99.65,0.14,70.2703,SPECIES
Pseudomonas putida,303,GCF_033396375.1,1,6185269,6185269,1,6185269,1,1,6185269,1,1,6185269,3805393,61.5,27.44,Pseudomonas putida,303,species,v1.2.3,99.65,0.14,70.2703,SPECIES
Pseudomonas putida,303,GCF_033397055.1,1,6185268,6185268,1,6185268,1,1,6185268,1,1,6185268,3805392,61.5,39.75,Pseudomonas putida,303,species,v1.2.3,99.65,0.14,70.2703,SPECIES
Pseudomonas putida,303,GCA_016845885.1,1,4713455,4713455,1,4713455,1,1,4713455,1,1,4713455,2896995,61.5,542,Pseudomonas putida,303,species,v1.2.2,89.2,0.14,2.2113,SPECIES
Mycobacterium tuberculosis variant bovis,1765,GCF_005156105.1,1,4411814,4411814,1,4411814,1,1,4411814,1,1,4411814,2896512,65.5,290,Mycobacterium tuberculosis,1773,species,v1.2.3,95.5,2.84,5.62093,BIOTYPE
Mycobacterium tuberculosis variant bovis,1765,GCF_001483905.1,1,4370705,4370705,1,4370705,1,1,4370705,1,1,4370705,2869274,65.5,80,Mycobacterium tuberculosis,1773,species,v1.2.3,95.64,1.31,6.27191,BIOTYPE
Mycobacterium tuberculosis variant bovis,1765,GCF_902459825.2,1,4365068,4365068,1,4365068,1,1,4365068,1,1,4365068,2865383,65.5,200,Mycobacterium tuberculosis,1773,species,v1.2.3,95.7,0.37,6.84777,BIOTYPE
Mycobacterium tuberculosis variant bovis,1765,GCF_028583225.1,1,4362894,4362894,1,4362894,1,1,4362894,1,1,4362894,2863759,65.5,168,Mycobacterium tuberculosis,1773,species,v1.2.3,95.26,0.37,4.58187,BIOTYPE
Mycobacterium tuberculosis variant bovis,1765,GCF_002975475.1,1,4355637,4355637,1,4355637,1,1,4355637,1,1,4355637,2858107,65.5,180,Mycobacterium tuberculosis,1773,species,v1.2.3,95.83,0.45,7.44867,BIOTYPE
Mycobacterium tuberculosis variant bovis,1765,GCF_028583185.1,1,4353147,4353147,1,4353147,1,1,4353147,1,1,4353147,2857662,65.5,200,Mycobacterium tuberculosis,1773,species,v1.2.3,95.42,0.37,5.24537,BIOTYPE
Mycobacterium tuberculosis variant bovis,1765,GCF_001078615.1,1,4351712,4351712,1,4351712,1,1,4351712,1,1,4351712,2856407,65.5,NA,Mycobacterium tuberculosis,1773,species,v1.2.3,95.39,0.37,5.04507,BIOTYPE
Mycobacterium tuberculosis variant bovis,1765,GCF_028583145.1,1,4351057,4351057,1,4351057,1,1,4351057,1,1,4351057,2856080,65.5,114,Mycobacterium tuberculosis,1773,species,v1.2.3,96,0.37,8.08713,BIOTYPE
Mycobacterium tuberculosis variant bovis,1765,GCF_026727575.1,1,4350529,4350529,1,4350529,1,1,4350529,1,1,4350529,2855498,65.5,576,Mycobacterium tuberculosis,1773,species,v1.2.3,95.39,0.37,5.04507,BIOTYPE
Mycobacterium tuberculosis variant bovis,1765,GCF_042982005.1,1,4350333,4350333,1,4350333,1,1,4350333,1,1,4350333,2855353,65.5,1,Mycobacterium tuberculosis,1773,species,v1.2.3,95.74,0.37,7.01052,BIOTYPE
Mycobacterium tuberculosis variant bovis,1765,GCF_026727615.1,1,4347959,4347959,1,4347959,1,1,4347959,1,1,4347959,2853822,65.5,394,Mycobacterium tuberculosis,1773,species,v1.2.3,95.65,0.37,6.40961,BIOTYPE
Mycobacterium tuberculosis variant bovis,1765,GCF_000934325.3,1,4347648,4347648,1,4347648,1,1,4347648,1,1,4347648,2853235,65.5,653,Mycobacterium tuberculosis,1773,species,v1.2.3,96,0.37,8.08713,BIOTYPE
Mycobacterium tuberculosis variant bovis,1765,GCF_028583165.1,1,4344564,4344564,1,4344564,1,1,4344564,1,1,4344564,2851876,65.5,152,Mycobacterium tuberculosis,1773,species,v1.2.3,95.9,0.37,7.83676,BIOTYPE
Mycobacterium tuberculosis variant bovis,1765,GCF_028583125.1,1,4344516,4344516,1,4344516,1,1,4344516,1,1,4344516,2850815,65.5,88,Mycobacterium tuberculosis,1773,species,v1.2.3,96.09,0.37,8.50025,BIOTYPE
Mycobacterium tuberculosis variant bovis,1765,GCF_028583245.1,1,4343846,4343846,1,4343846,1,1,4343846,1,1,4343846,2851250,65.5,208,Mycobacterium tuberculosis,1773,species,v1.2.3,95.57,0.37,5.95894,BIOTYPE
Mycobacterium tuberculosis variant bovis,1765,GCF_028583205.1,1,4343218,4343218,1,4343218,1,1,4343218,1,1,4343218,2851319,65.5,175,Mycobacterium tuberculosis,1773,species,v1.2.3,95.67,0.37,6.68503,BIOTYPE
Mycobacterium tuberculosis variant bovis,1765,GCF_028583285.1,1,4342977,4342977,1,4342977,1,1,4342977,1,1,4342977,2850583,65.5,159,Mycobacterium tuberculosis,1773,species,v1.2.3,95.98,0.37,7.9995,BIOTYPE
Mycobacterium tuberculosis variant bovis,1765,GCF_028768425.1,1,4342292,4342292,1,4342292,1,1,4342292,1,1,4342292,2850631,65.5,138,Mycobacterium tuberculosis,1773,species,v1.2.3,96,0.37,8.08713,BIOTYPE
Mycobacterium tuberculosis variant bovis,1765,GCF_028583305.1,1,4340629,4340629,1,4340629,1,1,4340629,1,1,4340629,2849412,65.5,198,Mycobacterium tuberculosis,1773,species,v1.2.3,95.58,0.37,6.00901,BIOTYPE
Mycobacterium tuberculosis variant bovis,1765,GCF_028583265.1,1,4338946,4338946,1,4338946,1,1,4338946,1,1,4338946,2848669,65.5,176,Mycobacterium tuberculosis,1773,species,v1.2.3,95.79,0.37,7.23585,BIOTYPE
Mycobacterium tuberculosis variant bovis,1765,GCF_005155785.1,1,4332698,4332698,1,4332698,1,1,4332698,1,1,4332698,2844012,65.5,285,Mycobacterium tuberculosis,1773,species,v1.2.3,95.5,0.99,5.62093,BIOTYPE
Mycobacterium tuberculosis variant bovis,1765,GCF_015482805.1,1,4370706,4370706,1,4370706,1,1,4370706,1,1,4370706,2869277,65.5,40.86,Mycobacterium tuberculosis,1773,species,v1.2.4,95.64,1.31,6.27191,BIOTYPE
Mycobacterium tuberculosis variant bovis,1765,GCF_001274555.1,1,4370138,4370138,1,4370138,1,1,4370138,1,1,4370138,2868766,65.5,60,Mycobacterium tuberculosis,1773,species,v1.2.3,95.64,1.31,6.27191,BIOTYPE
Mycobacterium tuberculosis variant bovis,1765,GCF_028752235.1,1,4333979,4333979,1,4333979,1,1,4333979,1,1,4333979,2845157,65.5,280,Mycobacterium tuberculosis,1773,species,v1.2.3,95.25,0.84,4.51928,BIOTYPE
Mycobacterium tuberculosis variant bovis,1765,GCF_001580385.1,1,4371707,4371707,1,4371707,1,1,4371707,1,1,4371707,2869823,65.5,766,Mycobacterium tuberculosis,1773,species,v1.2.3,95.64,1.31,6.27191,BIOTYPE
Mycobacterium tuberculosis variant bovis,1765,GCF_000195835.3,1,4349904,4349904,1,4349904,1,1,4349904,1,1,4349904,2854955,65.5,86,Mycobacterium tuberculosis,1773,species,v1.2.4,95.48,0.37,5.50826,BIOTYPE
Mycobacterium tuberculosis variant bovis,1765,GCA_041272255.1,1,4337509,4337509,1,4337509,1,1,4337509,1,1,4337509,2847336,65.5,41,Mycobacterium tuberculosis,1773,species,v1.2.3,93.43,0.37,2.04056,BIOTYPE
Mycobacterium tuberculosis variant bovis,1765,GCA_001544775.1,1,4336227,4336227,1,4336227,1,1,4336227,1,1,4336227,2844632,65.5,94,Mycobacterium tuberculosis,1773,species,v1.2.2,92.32,0.1,1.61492,BIOTYPE
Mycobacterium tuberculosis variant bovis,1765,GCF_001043255.1,1,4410431,4410431,1,4410431,1,1,4410431,1,1,4410431,2895332,65.5,NA,Mycobacterium tuberculosis,1773,species,v1.2.4,95.12,3.06,4.1312,BIOTYPE
Mycobacterium tuberculosis variant bovis,1765,GCA_001544735.1,1,4351313,4351313,1,4351313,1,1,4351313,1,1,4351313,2855948,65.5,99,Mycobacterium tuberculosis,1773,species,v1.2.2,72.81,1.12,0.150225,BIOTYPE
Mycolicibacterium smegmatis,1772,GCF_022370415.1,1,6895172,6895172,1,6895172,1,1,6895172,1,1,6895172,4647052,67.5,109,Mycobacterium smegmatis,1772,species,v1.2.3,98.31,0.88,30.4348,SPECIES
Mycolicibacterium smegmatis,1772,GCF_001457595.1,1,6983267,6983267,1,6983267,1,1,6983267,1,1,6983267,4701755,67.5,100,Mycobacterium smegmatis,1772,species,v1.2.4,97.76,2.18,14.4928,SPECIES
Mycolicibacterium smegmatis,1772,GCF_022370375.1,1,7061747,7061747,1,7061747,1,1,7061747,1,1,7061747,4756146,67.5,101,Mycobacterium smegmatis,1772,species,v1.2.3,97.08,3.77,2.89855,SPECIES
Mycolicibacterium smegmatis,1772,GCF_022370395.1,1,7010278,7010278,1,7010278,1,1,7010278,1,1,7010278,4719936,67.5,104,Mycobacterium smegmatis,1772,species,v1.2.3,97.51,2.28,5.7971,SPECIES
Mycolicibacterium smegmatis,1772,GCF_024599995.1,1,7006087,7006087,1,7006087,1,1,7006087,1,1,7006087,4722108,67.5,58,Mycobacterium smegmatis,1772,species,v1.2.4,98.76,1.13,84.058,SPECIES
Mycolicibacterium smegmatis,1772,GCF_024600015.1,1,7006086,7006086,1,7006086,1,1,7006086,1,1,7006086,4722103,67.5,71,Mycobacterium smegmatis,1772,species,v1.2.4,98.76,1.13,84.058,SPECIES
Mycolicibacterium smegmatis,1772,GCF_024600315.1,1,7006086,7006086,1,7006086,1,1,7006086,1,1,7006086,4722105,67.5,45,Mycobacterium smegmatis,1772,species,v1.2.4,98.76,1.13,84.058,SPECIES
Mycolicibacterium smegmatis,1772,GCF_024600035.1,1,7005472,7005472,1,7005472,1,1,7005472,1,1,7005472,4721678,67.5,72,Mycobacterium smegmatis,1772,species,v1.2.4,98.76,1.13,84.058,SPECIES
Mycolicibacterium smegmatis,1772,GCF_024600175.1,1,7003821,7003821,1,7003821,1,1,7003821,1,1,7003821,4720587,67.5,49,Mycobacterium smegmatis,1772,species,v1.2.4,98.76,1.13,84.058,SPECIES
Mycolicibacterium smegmatis,1772,GCF_024600455.1,1,7003821,7003821,1,7003821,1,1,7003821,1,1,7003821,4720588,67.5,149,Mycobacterium smegmatis,1772,species,v1.2.4,98.76,1.13,84.058,SPECIES
Mycolicibacterium smegmatis,1772,GCF_019930745.1,1,6937705,6937705,1,6937705,1,1,6937705,1,1,6937705,4673050,67.5,1197.54,Mycobacterium smegmatis,1772,species,v1.2.3,98.22,2.18,21.7391,SPECIES
Mycolicibacterium smegmatis,1772,GCF_021183665.1,1,6891331,6891331,1,6891331,1,1,6891331,1,1,6891331,4642991,67.5,2502.33,Mycobacterium smegmatis,1772,species,v1.2.3,97.41,1.58,4.34783,SPECIES
Mycolicibacterium smegmatis,1772,GCF_000331165.2,1,7119169,7119169,1,7119169,1,1,7119169,1,1,7119169,4791970,67.5,30.5784,Mycobacterium smegmatis,1772,species,v1.2.3,98.3,4.46,28.9855,SPECIES
