name	number_unique_genes	number_multiple_genes	number_multiple_unique_genes	number_missing_genes	list_unique_genes	list_multiple_genes	list_multiple_unique_genes	list_missing_genes
GCA_002300535.1_genome	111	5	0	4	PF00380.20,PF00410.20,PF00466.21,PF02576.18,PF03726.15,TIGR00006,TIGR00019,TIGR00020,TIGR00029,TIGR00043,TIGR00059,TIGR00061,TIGR00064,TIGR00065,TIGR00082,TIGR00083,TIGR00084,TIGR00086,TIGR00088,TIGR00090,TIGR00092,TIGR00095,TIGR00115,TIGR00116,TIGR00138,TIGR00158,TIGR00166,TIGR00168,TIGR00186,TIGR00194,TIGR00250,TIGR00337,TIGR00344,TIGR00362,TIGR00396,TIGR00398,TIGR00416,TIGR00420,TIGR00431,TIGR00435,TIGR00436,TIGR00442,TIGR00445,TIGR00456,TIGR00459,TIGR00460,TIGR00468,TIGR00472,TIGR00487,TIGR00496,TIGR00539,TIGR00580,TIGR00593,TIGR00615,TIGR00634,TIGR00635,TIGR00643,TIGR00663,TIGR00717,TIGR00755,TIGR00922,TIGR00928,TIGR00963,TIGR00964,TIGR00967,TIGR01009,TIGR01011,TIGR01017,TIGR01021,TIGR01029,TIGR01032,TIGR01039,TIGR01044,TIGR01059,TIGR01063,TIGR01066,TIGR01071,TIGR01079,TIGR01082,TIGR01087,TIGR01128,TIGR01146,TIGR01164,TIGR01169,TIGR01171,TIGR01302,TIGR01391,TIGR01393,TIGR01394,TIGR01510,TIGR01632,TIGR01951,TIGR01953,TIGR02012,TIGR02013,TIGR02027,TIGR02075,TIGR02191,TIGR02273,TIGR02350,TIGR02386,TIGR02397,TIGR02432,TIGR02729,TIGR03263,TIGR03625,TIGR03632,TIGR03654,TIGR03723,TIGR03725,TIGR03953	PF01025.20,TIGR00054,TIGR00382,TIGR00414,TIGR00631		TIGR00392,TIGR00810,TIGR00959,TIGR03594
GCA_020741575.1_genome	100	2	0	18	PF00380.20,PF01025.20,PF02576.18,PF03726.15,TIGR00006,TIGR00019,TIGR00020,TIGR00029,TIGR00043,TIGR00054,TIGR00059,TIGR00061,TIGR00064,TIGR00065,TIGR00082,TIGR00083,TIGR00084,TIGR00086,TIGR00088,TIGR00090,TIGR00092,TIGR00095,TIGR00115,TIGR00116,TIGR00138,TIGR00158,TIGR00166,TIGR00168,TIGR00186,TIGR00194,TIGR00250,TIGR00337,TIGR00344,TIGR00362,TIGR00382,TIGR00392,TIGR00396,TIGR00398,TIGR00414,TIGR00416,TIGR00420,TIGR00431,TIGR00435,TIGR00436,TIGR00442,TIGR00445,TIGR00456,TIGR00459,TIGR00460,TIGR00468,TIGR00472,TIGR00487,TIGR00496,TIGR00539,TIGR00580,TIGR00593,TIGR00615,TIGR00631,TIGR00634,TIGR00635,TIGR00643,TIGR00663,TIGR00717,TIGR00755,TIGR00959,TIGR00963,TIGR00967,TIGR01017,TIGR01021,TIGR01032,TIGR01039,TIGR01059,TIGR01063,TIGR01066,TIGR01071,TIGR01082,TIGR01087,TIGR01128,TIGR01146,TIGR01302,TIGR01391,TIGR01393,TIGR01394,TIGR01510,TIGR01951,TIGR01953,TIGR02012,TIGR02027,TIGR02075,TIGR02191,TIGR02273,TIGR02397,TIGR02432,TIGR02729,TIGR03263,TIGR03594,TIGR03632,TIGR03654,TIGR03723,TIGR03725	TIGR00928,TIGR01011		PF00410.20,PF00466.21,TIGR00810,TIGR00922,TIGR00964,TIGR01009,TIGR01029,TIGR01044,TIGR01079,TIGR01164,TIGR01169,TIGR01171,TIGR01632,TIGR02013,TIGR02350,TIGR02386,TIGR03625,TIGR03953
GCA_021556535.1_genome	104	9	0	7	PF00380.20,PF00410.20,PF00466.21,PF01025.20,PF02576.18,PF03726.15,TIGR00006,TIGR00020,TIGR00029,TIGR00043,TIGR00059,TIGR00061,TIGR00064,TIGR00065,TIGR00082,TIGR00083,TIGR00084,TIGR00086,TIGR00088,TIGR00090,TIGR00092,TIGR00095,TIGR00115,TIGR00116,TIGR00138,TIGR00158,TIGR00166,TIGR00168,TIGR00186,TIGR00194,TIGR00344,TIGR00362,TIGR00382,TIGR00396,TIGR00414,TIGR00420,TIGR00431,TIGR00435,TIGR00436,TIGR00442,TIGR00445,TIGR00456,TIGR00459,TIGR00460,TIGR00468,TIGR00487,TIGR00496,TIGR00593,TIGR00615,TIGR00631,TIGR00634,TIGR00635,TIGR00643,TIGR00663,TIGR00717,TIGR00755,TIGR00922,TIGR00928,TIGR00959,TIGR00963,TIGR00964,TIGR00967,TIGR01009,TIGR01011,TIGR01017,TIGR01021,TIGR01029,TIGR01032,TIGR01039,TIGR01044,TIGR01063,TIGR01066,TIGR01071,TIGR01079,TIGR01082,TIGR01087,TIGR01128,TIGR01146,TIGR01164,TIGR01169,TIGR01171,TIGR01302,TIGR01391,TIGR01394,TIGR01510,TIGR01632,TIGR01951,TIGR01953,TIGR02012,TIGR02013,TIGR02027,TIGR02075,TIGR02191,TIGR02273,TIGR02350,TIGR02397,TIGR02432,TIGR03263,TIGR03594,TIGR03625,TIGR03632,TIGR03654,TIGR03723,TIGR03953	TIGR00054,TIGR00250,TIGR00337,TIGR00398,TIGR00472,TIGR00539,TIGR01393,TIGR02729,TIGR03725		TIGR00019,TIGR00392,TIGR00416,TIGR00580,TIGR00810,TIGR01059,TIGR02386
GCA_021602035.1_genome	117	2	0	1	PF00380.20,PF00410.20,PF00466.21,PF01025.20,PF02576.18,PF03726.15,TIGR00006,TIGR00019,TIGR00020,TIGR00029,TIGR00043,TIGR00054,TIGR00059,TIGR00061,TIGR00064,TIGR00065,TIGR00082,TIGR00083,TIGR00084,TIGR00086,TIGR00088,TIGR00090,TIGR00092,TIGR00095,TIGR00115,TIGR00116,TIGR00138,TIGR00158,TIGR00166,TIGR00168,TIGR00186,TIGR00194,TIGR00250,TIGR00337,TIGR00344,TIGR00362,TIGR00392,TIGR00396,TIGR00398,TIGR00414,TIGR00416,TIGR00420,TIGR00431,TIGR00435,TIGR00436,TIGR00442,TIGR00445,TIGR00456,TIGR00459,TIGR00460,TIGR00468,TIGR00472,TIGR00487,TIGR00496,TIGR00539,TIGR00580,TIGR00593,TIGR00615,TIGR00631,TIGR00634,TIGR00635,TIGR00643,TIGR00663,TIGR00717,TIGR00755,TIGR00922,TIGR00959,TIGR00963,TIGR00964,TIGR00967,TIGR01009,TIGR01011,TIGR01017,TIGR01021,TIGR01029,TIGR01032,TIGR01039,TIGR01044,TIGR01059,TIGR01063,TIGR01066,TIGR01071,TIGR01079,TIGR01082,TIGR01087,TIGR01128,TIGR01146,TIGR01164,TIGR01169,TIGR01171,TIGR01302,TIGR01391,TIGR01393,TIGR01394,TIGR01510,TIGR01632,TIGR01951,TIGR01953,TIGR02012,TIGR02013,TIGR02027,TIGR02075,TIGR02191,TIGR02273,TIGR02350,TIGR02386,TIGR02397,TIGR02432,TIGR02729,TIGR03263,TIGR03594,TIGR03625,TIGR03632,TIGR03654,TIGR03723,TIGR03725,TIGR03953	TIGR00382,TIGR00928		TIGR00810
GCA_021661955.1_genome	116	2	0	2	PF00380.20,PF00410.20,PF00466.21,PF01025.20,PF02576.18,PF03726.15,TIGR00006,TIGR00019,TIGR00020,TIGR00029,TIGR00043,TIGR00054,TIGR00059,TIGR00061,TIGR00064,TIGR00065,TIGR00082,TIGR00083,TIGR00084,TIGR00086,TIGR00088,TIGR00090,TIGR00092,TIGR00095,TIGR00115,TIGR00116,TIGR00138,TIGR00158,TIGR00166,TIGR00168,TIGR00186,TIGR00194,TIGR00250,TIGR00337,TIGR00344,TIGR00362,TIGR00392,TIGR00396,TIGR00398,TIGR00414,TIGR00416,TIGR00420,TIGR00431,TIGR00435,TIGR00436,TIGR00442,TIGR00445,TIGR00456,TIGR00459,TIGR00460,TIGR00468,TIGR00472,TIGR00487,TIGR00496,TIGR00539,TIGR00580,TIGR00593,TIGR00615,TIGR00631,TIGR00634,TIGR00635,TIGR00643,TIGR00663,TIGR00717,TIGR00755,TIGR00922,TIGR00959,TIGR00963,TIGR00967,TIGR01009,TIGR01011,TIGR01017,TIGR01021,TIGR01029,TIGR01032,TIGR01039,TIGR01044,TIGR01059,TIGR01063,TIGR01066,TIGR01071,TIGR01079,TIGR01082,TIGR01087,TIGR01128,TIGR01146,TIGR01164,TIGR01169,TIGR01171,TIGR01302,TIGR01391,TIGR01393,TIGR01394,TIGR01510,TIGR01632,TIGR01951,TIGR01953,TIGR02012,TIGR02013,TIGR02027,TIGR02075,TIGR02191,TIGR02273,TIGR02350,TIGR02386,TIGR02397,TIGR02432,TIGR02729,TIGR03263,TIGR03594,TIGR03625,TIGR03632,TIGR03654,TIGR03723,TIGR03725,TIGR03953	TIGR00382,TIGR00928		TIGR00810,TIGR00964
GCA_022712155.1_genome	81	4	0	35	PF00380.20,PF01025.20,PF02576.18,PF03726.15,TIGR00020,TIGR00043,TIGR00054,TIGR00061,TIGR00064,TIGR00065,TIGR00082,TIGR00083,TIGR00084,TIGR00086,TIGR00088,TIGR00090,TIGR00095,TIGR00115,TIGR00116,TIGR00138,TIGR00158,TIGR00166,TIGR00168,TIGR00186,TIGR00194,TIGR00250,TIGR00344,TIGR00362,TIGR00392,TIGR00398,TIGR00414,TIGR00416,TIGR00431,TIGR00435,TIGR00436,TIGR00442,TIGR00445,TIGR00456,TIGR00459,TIGR00460,TIGR00468,TIGR00472,TIGR00487,TIGR00496,TIGR00539,TIGR00593,TIGR00615,TIGR00631,TIGR00634,TIGR00635,TIGR00643,TIGR00755,TIGR00928,TIGR00959,TIGR00963,TIGR01011,TIGR01032,TIGR01039,TIGR01059,TIGR01063,TIGR01066,TIGR01082,TIGR01087,TIGR01128,TIGR01146,TIGR01302,TIGR01391,TIGR01393,TIGR01394,TIGR01951,TIGR01953,TIGR02012,TIGR02075,TIGR02191,TIGR02273,TIGR02350,TIGR02729,TIGR03263,TIGR03594,TIGR03723,TIGR03725	TIGR00092,TIGR00382,TIGR00396,TIGR00663		PF00410.20,PF00466.21,TIGR00006,TIGR00019,TIGR00029,TIGR00059,TIGR00337,TIGR00420,TIGR00580,TIGR00717,TIGR00810,TIGR00922,TIGR00964,TIGR00967,TIGR01009,TIGR01017,TIGR01021,TIGR01029,TIGR01044,TIGR01071,TIGR01079,TIGR01164,TIGR01169,TIGR01171,TIGR01510,TIGR01632,TIGR02013,TIGR02027,TIGR02386,TIGR02397,TIGR02432,TIGR03625,TIGR03632,TIGR03654,TIGR03953
GCA_031026205.1_genome	117	2	0	1	PF00380.20,PF00410.20,PF00466.21,PF01025.20,PF02576.18,PF03726.15,TIGR00006,TIGR00019,TIGR00020,TIGR00029,TIGR00043,TIGR00054,TIGR00059,TIGR00061,TIGR00064,TIGR00065,TIGR00082,TIGR00083,TIGR00084,TIGR00086,TIGR00088,TIGR00090,TIGR00092,TIGR00095,TIGR00115,TIGR00116,TIGR00138,TIGR00158,TIGR00166,TIGR00168,TIGR00186,TIGR00194,TIGR00250,TIGR00337,TIGR00344,TIGR00362,TIGR00392,TIGR00396,TIGR00398,TIGR00414,TIGR00416,TIGR00420,TIGR00431,TIGR00435,TIGR00436,TIGR00442,TIGR00445,TIGR00456,TIGR00459,TIGR00460,TIGR00468,TIGR00472,TIGR00487,TIGR00496,TIGR00539,TIGR00580,TIGR00593,TIGR00615,TIGR00631,TIGR00634,TIGR00635,TIGR00643,TIGR00663,TIGR00717,TIGR00755,TIGR00922,TIGR00959,TIGR00963,TIGR00964,TIGR00967,TIGR01009,TIGR01011,TIGR01017,TIGR01021,TIGR01029,TIGR01032,TIGR01039,TIGR01044,TIGR01059,TIGR01063,TIGR01066,TIGR01071,TIGR01079,TIGR01082,TIGR01087,TIGR01128,TIGR01146,TIGR01164,TIGR01169,TIGR01171,TIGR01302,TIGR01391,TIGR01393,TIGR01394,TIGR01510,TIGR01632,TIGR01951,TIGR01953,TIGR02012,TIGR02013,TIGR02027,TIGR02075,TIGR02191,TIGR02273,TIGR02350,TIGR02386,TIGR02397,TIGR02432,TIGR02729,TIGR03263,TIGR03594,TIGR03625,TIGR03632,TIGR03654,TIGR03723,TIGR03725,TIGR03953	TIGR00382,TIGR00928		TIGR00810
GCA_032219565.1_genome	116	2	0	2	PF00380.20,PF00410.20,PF00466.21,PF01025.20,PF02576.18,PF03726.15,TIGR00006,TIGR00019,TIGR00020,TIGR00029,TIGR00043,TIGR00054,TIGR00059,TIGR00061,TIGR00064,TIGR00065,TIGR00082,TIGR00083,TIGR00084,TIGR00086,TIGR00088,TIGR00090,TIGR00092,TIGR00095,TIGR00115,TIGR00116,TIGR00138,TIGR00158,TIGR00166,TIGR00168,TIGR00186,TIGR00194,TIGR00250,TIGR00337,TIGR00344,TIGR00362,TIGR00392,TIGR00396,TIGR00398,TIGR00414,TIGR00416,TIGR00420,TIGR00431,TIGR00435,TIGR00436,TIGR00442,TIGR00445,TIGR00456,TIGR00459,TIGR00460,TIGR00468,TIGR00472,TIGR00487,TIGR00496,TIGR00539,TIGR00580,TIGR00593,TIGR00615,TIGR00631,TIGR00634,TIGR00635,TIGR00643,TIGR00663,TIGR00717,TIGR00755,TIGR00922,TIGR00959,TIGR00963,TIGR00967,TIGR01009,TIGR01011,TIGR01017,TIGR01021,TIGR01029,TIGR01032,TIGR01039,TIGR01044,TIGR01059,TIGR01063,TIGR01066,TIGR01071,TIGR01079,TIGR01082,TIGR01087,TIGR01128,TIGR01146,TIGR01164,TIGR01169,TIGR01171,TIGR01302,TIGR01391,TIGR01393,TIGR01394,TIGR01510,TIGR01632,TIGR01951,TIGR01953,TIGR02012,TIGR02013,TIGR02027,TIGR02075,TIGR02191,TIGR02273,TIGR02350,TIGR02386,TIGR02397,TIGR02432,TIGR02729,TIGR03263,TIGR03594,TIGR03625,TIGR03632,TIGR03654,TIGR03723,TIGR03725,TIGR03953	TIGR00382,TIGR00928		TIGR00810,TIGR00964
GCA_033691255.1_genome	116	2	0	2	PF00380.20,PF00410.20,PF00466.21,PF01025.20,PF02576.18,PF03726.15,TIGR00006,TIGR00019,TIGR00020,TIGR00029,TIGR00043,TIGR00054,TIGR00059,TIGR00061,TIGR00064,TIGR00065,TIGR00082,TIGR00083,TIGR00084,TIGR00086,TIGR00088,TIGR00090,TIGR00092,TIGR00095,TIGR00115,TIGR00116,TIGR00138,TIGR00158,TIGR00166,TIGR00168,TIGR00186,TIGR00194,TIGR00250,TIGR00337,TIGR00344,TIGR00362,TIGR00392,TIGR00396,TIGR00398,TIGR00414,TIGR00416,TIGR00420,TIGR00431,TIGR00435,TIGR00436,TIGR00442,TIGR00445,TIGR00456,TIGR00459,TIGR00460,TIGR00468,TIGR00472,TIGR00487,TIGR00496,TIGR00539,TIGR00580,TIGR00593,TIGR00615,TIGR00631,TIGR00634,TIGR00635,TIGR00643,TIGR00663,TIGR00717,TIGR00755,TIGR00922,TIGR00959,TIGR00963,TIGR00967,TIGR01009,TIGR01011,TIGR01017,TIGR01021,TIGR01029,TIGR01032,TIGR01039,TIGR01044,TIGR01059,TIGR01063,TIGR01066,TIGR01071,TIGR01079,TIGR01082,TIGR01087,TIGR01128,TIGR01146,TIGR01164,TIGR01169,TIGR01171,TIGR01302,TIGR01391,TIGR01393,TIGR01394,TIGR01510,TIGR01632,TIGR01951,TIGR01953,TIGR02012,TIGR02013,TIGR02027,TIGR02075,TIGR02191,TIGR02273,TIGR02350,TIGR02386,TIGR02397,TIGR02432,TIGR02729,TIGR03263,TIGR03594,TIGR03625,TIGR03632,TIGR03654,TIGR03723,TIGR03725,TIGR03953	TIGR00382,TIGR00928		TIGR00810,TIGR00964
GCA_033691315.1_genome	116	2	0	2	PF00380.20,PF00410.20,PF00466.21,PF01025.20,PF02576.18,PF03726.15,TIGR00006,TIGR00019,TIGR00020,TIGR00029,TIGR00043,TIGR00054,TIGR00059,TIGR00061,TIGR00064,TIGR00065,TIGR00082,TIGR00083,TIGR00084,TIGR00086,TIGR00088,TIGR00090,TIGR00092,TIGR00095,TIGR00115,TIGR00116,TIGR00138,TIGR00158,TIGR00166,TIGR00168,TIGR00186,TIGR00194,TIGR00250,TIGR00337,TIGR00344,TIGR00362,TIGR00392,TIGR00396,TIGR00398,TIGR00414,TIGR00416,TIGR00420,TIGR00431,TIGR00435,TIGR00436,TIGR00442,TIGR00445,TIGR00456,TIGR00459,TIGR00460,TIGR00468,TIGR00472,TIGR00487,TIGR00496,TIGR00539,TIGR00580,TIGR00593,TIGR00615,TIGR00631,TIGR00634,TIGR00635,TIGR00643,TIGR00663,TIGR00717,TIGR00755,TIGR00922,TIGR00959,TIGR00963,TIGR00967,TIGR01009,TIGR01011,TIGR01017,TIGR01021,TIGR01029,TIGR01032,TIGR01039,TIGR01044,TIGR01059,TIGR01063,TIGR01066,TIGR01071,TIGR01079,TIGR01082,TIGR01087,TIGR01128,TIGR01146,TIGR01164,TIGR01169,TIGR01171,TIGR01302,TIGR01391,TIGR01393,TIGR01394,TIGR01510,TIGR01632,TIGR01951,TIGR01953,TIGR02012,TIGR02013,TIGR02027,TIGR02075,TIGR02191,TIGR02273,TIGR02350,TIGR02386,TIGR02397,TIGR02432,TIGR02729,TIGR03263,TIGR03594,TIGR03625,TIGR03632,TIGR03654,TIGR03723,TIGR03725,TIGR03953	TIGR00382,TIGR00928		TIGR00810,TIGR00964
GCA_033691355.1_genome	116	2	0	2	PF00380.20,PF00410.20,PF00466.21,PF01025.20,PF02576.18,PF03726.15,TIGR00006,TIGR00019,TIGR00020,TIGR00029,TIGR00043,TIGR00054,TIGR00059,TIGR00061,TIGR00064,TIGR00065,TIGR00082,TIGR00083,TIGR00084,TIGR00086,TIGR00088,TIGR00090,TIGR00092,TIGR00095,TIGR00115,TIGR00116,TIGR00138,TIGR00158,TIGR00166,TIGR00168,TIGR00186,TIGR00194,TIGR00250,TIGR00337,TIGR00344,TIGR00362,TIGR00392,TIGR00396,TIGR00398,TIGR00414,TIGR00416,TIGR00420,TIGR00431,TIGR00435,TIGR00436,TIGR00442,TIGR00445,TIGR00456,TIGR00459,TIGR00460,TIGR00468,TIGR00472,TIGR00487,TIGR00496,TIGR00539,TIGR00580,TIGR00593,TIGR00615,TIGR00631,TIGR00634,TIGR00635,TIGR00643,TIGR00663,TIGR00717,TIGR00755,TIGR00922,TIGR00959,TIGR00963,TIGR00967,TIGR01009,TIGR01011,TIGR01017,TIGR01021,TIGR01029,TIGR01032,TIGR01039,TIGR01044,TIGR01059,TIGR01063,TIGR01066,TIGR01071,TIGR01079,TIGR01082,TIGR01087,TIGR01128,TIGR01146,TIGR01164,TIGR01169,TIGR01171,TIGR01302,TIGR01391,TIGR01393,TIGR01394,TIGR01510,TIGR01632,TIGR01951,TIGR01953,TIGR02012,TIGR02013,TIGR02027,TIGR02075,TIGR02191,TIGR02273,TIGR02350,TIGR02386,TIGR02397,TIGR02432,TIGR02729,TIGR03263,TIGR03594,TIGR03625,TIGR03632,TIGR03654,TIGR03723,TIGR03725,TIGR03953	TIGR00382,TIGR00928		TIGR00810,TIGR00964
GCA_041983545.1_genome	105	7	0	8	PF00380.20,PF00410.20,PF00466.21,PF01025.20,PF02576.18,PF03726.15,TIGR00006,TIGR00019,TIGR00020,TIGR00029,TIGR00043,TIGR00059,TIGR00061,TIGR00065,TIGR00082,TIGR00083,TIGR00084,TIGR00086,TIGR00088,TIGR00090,TIGR00095,TIGR00115,TIGR00116,TIGR00138,TIGR00158,TIGR00166,TIGR00168,TIGR00186,TIGR00194,TIGR00250,TIGR00344,TIGR00362,TIGR00392,TIGR00396,TIGR00398,TIGR00414,TIGR00416,TIGR00420,TIGR00431,TIGR00435,TIGR00436,TIGR00442,TIGR00445,TIGR00456,TIGR00459,TIGR00468,TIGR00472,TIGR00487,TIGR00496,TIGR00580,TIGR00593,TIGR00615,TIGR00631,TIGR00634,TIGR00635,TIGR00643,TIGR00663,TIGR00717,TIGR00755,TIGR00922,TIGR00959,TIGR00963,TIGR00967,TIGR01009,TIGR01011,TIGR01017,TIGR01021,TIGR01029,TIGR01032,TIGR01039,TIGR01044,TIGR01059,TIGR01066,TIGR01071,TIGR01079,TIGR01082,TIGR01087,TIGR01128,TIGR01146,TIGR01164,TIGR01169,TIGR01171,TIGR01302,TIGR01391,TIGR01394,TIGR01510,TIGR01632,TIGR01951,TIGR01953,TIGR02012,TIGR02013,TIGR02027,TIGR02075,TIGR02191,TIGR02273,TIGR02350,TIGR02386,TIGR02397,TIGR02432,TIGR03263,TIGR03594,TIGR03625,TIGR03632,TIGR03654,TIGR03953	TIGR00054,TIGR00092,TIGR00337,TIGR00382,TIGR00928,TIGR01393,TIGR02729		TIGR00064,TIGR00460,TIGR00539,TIGR00810,TIGR00964,TIGR01063,TIGR03723,TIGR03725
GCA_041983565.1_genome	108	5	0	7	PF00380.20,PF00410.20,PF00466.21,PF01025.20,PF02576.18,PF03726.15,TIGR00006,TIGR00019,TIGR00020,TIGR00029,TIGR00043,TIGR00059,TIGR00061,TIGR00065,TIGR00082,TIGR00083,TIGR00084,TIGR00086,TIGR00088,TIGR00090,TIGR00092,TIGR00095,TIGR00115,TIGR00138,TIGR00158,TIGR00166,TIGR00168,TIGR00186,TIGR00194,TIGR00250,TIGR00337,TIGR00344,TIGR00362,TIGR00392,TIGR00396,TIGR00398,TIGR00416,TIGR00420,TIGR00431,TIGR00435,TIGR00436,TIGR00442,TIGR00445,TIGR00456,TIGR00459,TIGR00468,TIGR00472,TIGR00487,TIGR00496,TIGR00539,TIGR00580,TIGR00615,TIGR00631,TIGR00634,TIGR00635,TIGR00643,TIGR00663,TIGR00755,TIGR00922,TIGR00928,TIGR00959,TIGR00963,TIGR00967,TIGR01009,TIGR01011,TIGR01017,TIGR01021,TIGR01029,TIGR01032,TIGR01039,TIGR01044,TIGR01059,TIGR01063,TIGR01066,TIGR01071,TIGR01079,TIGR01082,TIGR01087,TIGR01128,TIGR01146,TIGR01164,TIGR01169,TIGR01171,TIGR01302,TIGR01391,TIGR01393,TIGR01394,TIGR01510,TIGR01632,TIGR01951,TIGR01953,TIGR02012,TIGR02013,TIGR02027,TIGR02075,TIGR02191,TIGR02273,TIGR02350,TIGR02386,TIGR02397,TIGR02432,TIGR03263,TIGR03594,TIGR03625,TIGR03632,TIGR03654,TIGR03725,TIGR03953	TIGR00054,TIGR00116,TIGR00382,TIGR00414,TIGR02729		TIGR00064,TIGR00460,TIGR00593,TIGR00717,TIGR00810,TIGR00964,TIGR03723
GCA_041983585.1_genome	107	5	0	8	PF00380.20,PF00410.20,PF00466.21,PF01025.20,PF02576.18,PF03726.15,TIGR00006,TIGR00019,TIGR00020,TIGR00029,TIGR00043,TIGR00059,TIGR00061,TIGR00065,TIGR00082,TIGR00083,TIGR00084,TIGR00086,TIGR00088,TIGR00090,TIGR00092,TIGR00095,TIGR00115,TIGR00138,TIGR00158,TIGR00166,TIGR00168,TIGR00186,TIGR00194,TIGR00250,TIGR00337,TIGR00344,TIGR00362,TIGR00392,TIGR00396,TIGR00398,TIGR00414,TIGR00416,TIGR00420,TIGR00431,TIGR00435,TIGR00436,TIGR00442,TIGR00445,TIGR00456,TIGR00459,TIGR00460,TIGR00472,TIGR00487,TIGR00496,TIGR00580,TIGR00593,TIGR00615,TIGR00631,TIGR00634,TIGR00635,TIGR00643,TIGR00663,TIGR00717,TIGR00755,TIGR00922,TIGR00963,TIGR00967,TIGR01009,TIGR01011,TIGR01017,TIGR01021,TIGR01029,TIGR01032,TIGR01039,TIGR01044,TIGR01059,TIGR01066,TIGR01071,TIGR01079,TIGR01082,TIGR01087,TIGR01128,TIGR01146,TIGR01164,TIGR01169,TIGR01171,TIGR01302,TIGR01391,TIGR01393,TIGR01394,TIGR01510,TIGR01632,TIGR01951,TIGR01953,TIGR02012,TIGR02013,TIGR02027,TIGR02075,TIGR02191,TIGR02273,TIGR02350,TIGR02386,TIGR02397,TIGR02432,TIGR03263,TIGR03594,TIGR03625,TIGR03632,TIGR03654,TIGR03725,TIGR03953	TIGR00054,TIGR00116,TIGR00382,TIGR00928,TIGR02729		TIGR00064,TIGR00468,TIGR00539,TIGR00810,TIGR00959,TIGR00964,TIGR01063,TIGR03723
GCA_041983745.1_genome	108	6	0	6	PF00380.20,PF00410.20,PF00466.21,PF01025.20,PF02576.18,PF03726.15,TIGR00006,TIGR00019,TIGR00029,TIGR00043,TIGR00054,TIGR00059,TIGR00061,TIGR00065,TIGR00082,TIGR00083,TIGR00084,TIGR00086,TIGR00088,TIGR00090,TIGR00092,TIGR00095,TIGR00115,TIGR00138,TIGR00158,TIGR00166,TIGR00168,TIGR00186,TIGR00194,TIGR00250,TIGR00337,TIGR00344,TIGR00362,TIGR00392,TIGR00396,TIGR00398,TIGR00414,TIGR00416,TIGR00420,TIGR00431,TIGR00435,TIGR00436,TIGR00442,TIGR00445,TIGR00456,TIGR00459,TIGR00460,TIGR00468,TIGR00472,TIGR00487,TIGR00496,TIGR00580,TIGR00593,TIGR00615,TIGR00631,TIGR00634,TIGR00635,TIGR00643,TIGR00663,TIGR00717,TIGR00755,TIGR00922,TIGR00959,TIGR00963,TIGR00967,TIGR01009,TIGR01017,TIGR01021,TIGR01029,TIGR01032,TIGR01039,TIGR01044,TIGR01059,TIGR01066,TIGR01071,TIGR01079,TIGR01082,TIGR01087,TIGR01128,TIGR01146,TIGR01164,TIGR01169,TIGR01171,TIGR01302,TIGR01391,TIGR01393,TIGR01394,TIGR01510,TIGR01632,TIGR01951,TIGR01953,TIGR02012,TIGR02027,TIGR02075,TIGR02191,TIGR02273,TIGR02350,TIGR02386,TIGR02397,TIGR02432,TIGR03263,TIGR03594,TIGR03625,TIGR03632,TIGR03654,TIGR03723,TIGR03725,TIGR03953	TIGR00116,TIGR00382,TIGR00928,TIGR01011,TIGR02013,TIGR02729		TIGR00020,TIGR00064,TIGR00539,TIGR00810,TIGR00964,TIGR01063
GCA_041983755.1_genome	110	7	0	3	PF00380.20,PF00410.20,PF00466.21,PF01025.20,PF02576.18,PF03726.15,TIGR00006,TIGR00019,TIGR00020,TIGR00029,TIGR00043,TIGR00054,TIGR00059,TIGR00061,TIGR00065,TIGR00082,TIGR00083,TIGR00084,TIGR00086,TIGR00088,TIGR00090,TIGR00092,TIGR00095,TIGR00115,TIGR00138,TIGR00158,TIGR00166,TIGR00168,TIGR00186,TIGR00194,TIGR00250,TIGR00337,TIGR00344,TIGR00362,TIGR00392,TIGR00396,TIGR00398,TIGR00414,TIGR00416,TIGR00420,TIGR00431,TIGR00435,TIGR00436,TIGR00442,TIGR00456,TIGR00459,TIGR00460,TIGR00468,TIGR00472,TIGR00487,TIGR00496,TIGR00539,TIGR00580,TIGR00593,TIGR00615,TIGR00634,TIGR00635,TIGR00643,TIGR00663,TIGR00717,TIGR00755,TIGR00922,TIGR00959,TIGR00963,TIGR00964,TIGR00967,TIGR01009,TIGR01017,TIGR01021,TIGR01029,TIGR01032,TIGR01039,TIGR01044,TIGR01059,TIGR01066,TIGR01071,TIGR01079,TIGR01082,TIGR01087,TIGR01128,TIGR01146,TIGR01164,TIGR01169,TIGR01171,TIGR01302,TIGR01391,TIGR01393,TIGR01394,TIGR01510,TIGR01632,TIGR01951,TIGR01953,TIGR02012,TIGR02013,TIGR02027,TIGR02075,TIGR02191,TIGR02273,TIGR02350,TIGR02386,TIGR02397,TIGR02432,TIGR03263,TIGR03594,TIGR03625,TIGR03632,TIGR03654,TIGR03723,TIGR03725,TIGR03953	TIGR00116,TIGR00382,TIGR00445,TIGR00631,TIGR00928,TIGR01011,TIGR02729		TIGR00064,TIGR00810,TIGR01063
GCA_041983765.1_genome	111	6	0	3	PF00380.20,PF00410.20,PF00466.21,PF01025.20,PF02576.18,PF03726.15,TIGR00006,TIGR00019,TIGR00020,TIGR00029,TIGR00043,TIGR00059,TIGR00061,TIGR00064,TIGR00065,TIGR00082,TIGR00083,TIGR00084,TIGR00086,TIGR00088,TIGR00090,TIGR00092,TIGR00095,TIGR00115,TIGR00116,TIGR00138,TIGR00158,TIGR00166,TIGR00168,TIGR00186,TIGR00194,TIGR00250,TIGR00344,TIGR00362,TIGR00392,TIGR00396,TIGR00398,TIGR00414,TIGR00416,TIGR00420,TIGR00431,TIGR00435,TIGR00436,TIGR00442,TIGR00445,TIGR00456,TIGR00459,TIGR00460,TIGR00468,TIGR00472,TIGR00487,TIGR00496,TIGR00539,TIGR00580,TIGR00593,TIGR00615,TIGR00631,TIGR00634,TIGR00635,TIGR00643,TIGR00663,TIGR00717,TIGR00755,TIGR00922,TIGR00959,TIGR00963,TIGR00967,TIGR01009,TIGR01011,TIGR01017,TIGR01021,TIGR01029,TIGR01032,TIGR01039,TIGR01044,TIGR01059,TIGR01063,TIGR01066,TIGR01071,TIGR01079,TIGR01082,TIGR01087,TIGR01128,TIGR01146,TIGR01164,TIGR01169,TIGR01171,TIGR01302,TIGR01391,TIGR01394,TIGR01510,TIGR01632,TIGR01951,TIGR01953,TIGR02012,TIGR02013,TIGR02027,TIGR02075,TIGR02191,TIGR02273,TIGR02350,TIGR02386,TIGR02397,TIGR02432,TIGR03263,TIGR03594,TIGR03625,TIGR03632,TIGR03654,TIGR03725,TIGR03953	TIGR00054,TIGR00337,TIGR00382,TIGR00928,TIGR01393,TIGR02729		TIGR00810,TIGR00964,TIGR03723
GCA_041983775.1_genome	103	8	1	8	PF00380.20,PF00410.20,PF00466.21,PF01025.20,PF02576.18,PF03726.15,TIGR00006,TIGR00019,TIGR00020,TIGR00043,TIGR00059,TIGR00065,TIGR00082,TIGR00084,TIGR00086,TIGR00088,TIGR00090,TIGR00092,TIGR00095,TIGR00138,TIGR00158,TIGR00166,TIGR00168,TIGR00186,TIGR00194,TIGR00250,TIGR00337,TIGR00344,TIGR00362,TIGR00392,TIGR00396,TIGR00398,TIGR00414,TIGR00420,TIGR00431,TIGR00435,TIGR00436,TIGR00442,TIGR00445,TIGR00456,TIGR00459,TIGR00468,TIGR00472,TIGR00487,TIGR00496,TIGR00539,TIGR00580,TIGR00615,TIGR00631,TIGR00634,TIGR00635,TIGR00643,TIGR00663,TIGR00755,TIGR00922,TIGR00959,TIGR00963,TIGR00967,TIGR01009,TIGR01011,TIGR01017,TIGR01021,TIGR01029,TIGR01032,TIGR01039,TIGR01044,TIGR01059,TIGR01063,TIGR01066,TIGR01071,TIGR01079,TIGR01082,TIGR01087,TIGR01128,TIGR01146,TIGR01164,TIGR01169,TIGR01171,TIGR01302,TIGR01391,TIGR01393,TIGR01394,TIGR01510,TIGR01632,TIGR01951,TIGR01953,TIGR02012,TIGR02013,TIGR02027,TIGR02075,TIGR02191,TIGR02273,TIGR02350,TIGR02386,TIGR02397,TIGR02432,TIGR03263,TIGR03594,TIGR03625,TIGR03632,TIGR03654,TIGR03725,TIGR03953	TIGR00029,TIGR00054,TIGR00083,TIGR00115,TIGR00116,TIGR00382,TIGR00928,TIGR02729	TIGR00061	TIGR00064,TIGR00416,TIGR00460,TIGR00593,TIGR00717,TIGR00810,TIGR00964,TIGR03723
GCA_041983795.1_genome	104	6	0	10	PF00380.20,PF00410.20,PF00466.21,PF01025.20,PF02576.18,PF03726.15,TIGR00006,TIGR00019,TIGR00020,TIGR00029,TIGR00043,TIGR00059,TIGR00061,TIGR00065,TIGR00082,TIGR00083,TIGR00084,TIGR00086,TIGR00088,TIGR00090,TIGR00095,TIGR00115,TIGR00138,TIGR00158,TIGR00166,TIGR00168,TIGR00194,TIGR00250,TIGR00344,TIGR00362,TIGR00396,TIGR00398,TIGR00414,TIGR00416,TIGR00420,TIGR00431,TIGR00435,TIGR00436,TIGR00442,TIGR00445,TIGR00456,TIGR00459,TIGR00468,TIGR00472,TIGR00487,TIGR00496,TIGR00580,TIGR00593,TIGR00615,TIGR00631,TIGR00634,TIGR00635,TIGR00643,TIGR00663,TIGR00755,TIGR00922,TIGR00928,TIGR00959,TIGR00963,TIGR00967,TIGR01009,TIGR01011,TIGR01017,TIGR01021,TIGR01029,TIGR01032,TIGR01039,TIGR01044,TIGR01059,TIGR01063,TIGR01066,TIGR01071,TIGR01079,TIGR01082,TIGR01087,TIGR01128,TIGR01146,TIGR01164,TIGR01169,TIGR01171,TIGR01302,TIGR01391,TIGR01393,TIGR01394,TIGR01510,TIGR01632,TIGR01951,TIGR01953,TIGR02012,TIGR02013,TIGR02027,TIGR02075,TIGR02191,TIGR02273,TIGR02350,TIGR02397,TIGR02432,TIGR03263,TIGR03594,TIGR03625,TIGR03632,TIGR03654,TIGR03725,TIGR03953	TIGR00054,TIGR00092,TIGR00116,TIGR00337,TIGR00382,TIGR02729		TIGR00064,TIGR00186,TIGR00392,TIGR00460,TIGR00539,TIGR00717,TIGR00810,TIGR00964,TIGR02386,TIGR03723
GCA_041983845.1_genome	110	5	0	5	PF00380.20,PF00410.20,PF00466.21,PF01025.20,PF02576.18,PF03726.15,TIGR00006,TIGR00019,TIGR00029,TIGR00043,TIGR00054,TIGR00059,TIGR00061,TIGR00065,TIGR00082,TIGR00083,TIGR00084,TIGR00086,TIGR00088,TIGR00090,TIGR00092,TIGR00095,TIGR00115,TIGR00116,TIGR00138,TIGR00158,TIGR00166,TIGR00168,TIGR00186,TIGR00194,TIGR00250,TIGR00337,TIGR00362,TIGR00392,TIGR00396,TIGR00398,TIGR00414,TIGR00416,TIGR00420,TIGR00431,TIGR00435,TIGR00436,TIGR00442,TIGR00445,TIGR00459,TIGR00460,TIGR00468,TIGR00472,TIGR00487,TIGR00496,TIGR00539,TIGR00580,TIGR00593,TIGR00615,TIGR00631,TIGR00634,TIGR00635,TIGR00643,TIGR00663,TIGR00717,TIGR00755,TIGR00922,TIGR00928,TIGR00959,TIGR00963,TIGR00967,TIGR01009,TIGR01017,TIGR01021,TIGR01029,TIGR01032,TIGR01039,TIGR01044,TIGR01059,TIGR01063,TIGR01066,TIGR01071,TIGR01079,TIGR01082,TIGR01087,TIGR01128,TIGR01146,TIGR01164,TIGR01169,TIGR01171,TIGR01302,TIGR01391,TIGR01394,TIGR01510,TIGR01632,TIGR01951,TIGR01953,TIGR02012,TIGR02013,TIGR02027,TIGR02075,TIGR02191,TIGR02273,TIGR02350,TIGR02386,TIGR02397,TIGR02432,TIGR03263,TIGR03594,TIGR03625,TIGR03632,TIGR03654,TIGR03723,TIGR03725,TIGR03953	TIGR00382,TIGR00456,TIGR01011,TIGR01393,TIGR02729		TIGR00020,TIGR00064,TIGR00344,TIGR00810,TIGR00964
GCA_041983865.1_genome	113	3	0	4	PF00380.20,PF00410.20,PF00466.21,PF01025.20,PF02576.18,PF03726.15,TIGR00006,TIGR00019,TIGR00020,TIGR00029,TIGR00043,TIGR00054,TIGR00059,TIGR00061,TIGR00065,TIGR00082,TIGR00083,TIGR00084,TIGR00086,TIGR00088,TIGR00090,TIGR00092,TIGR00095,TIGR00115,TIGR00138,TIGR00158,TIGR00166,TIGR00168,TIGR00186,TIGR00194,TIGR00250,TIGR00337,TIGR00344,TIGR00362,TIGR00382,TIGR00392,TIGR00396,TIGR00398,TIGR00414,TIGR00416,TIGR00420,TIGR00431,TIGR00435,TIGR00436,TIGR00442,TIGR00445,TIGR00456,TIGR00460,TIGR00468,TIGR00472,TIGR00487,TIGR00496,TIGR00539,TIGR00580,TIGR00593,TIGR00615,TIGR00631,TIGR00634,TIGR00635,TIGR00643,TIGR00663,TIGR00717,TIGR00755,TIGR00922,TIGR00928,TIGR00959,TIGR00963,TIGR00967,TIGR01009,TIGR01011,TIGR01017,TIGR01021,TIGR01029,TIGR01032,TIGR01039,TIGR01044,TIGR01059,TIGR01066,TIGR01071,TIGR01079,TIGR01082,TIGR01087,TIGR01128,TIGR01146,TIGR01164,TIGR01169,TIGR01171,TIGR01302,TIGR01391,TIGR01393,TIGR01394,TIGR01510,TIGR01632,TIGR01951,TIGR01953,TIGR02012,TIGR02013,TIGR02027,TIGR02075,TIGR02191,TIGR02273,TIGR02350,TIGR02386,TIGR02397,TIGR02432,TIGR03263,TIGR03594,TIGR03625,TIGR03632,TIGR03654,TIGR03723,TIGR03725,TIGR03953	TIGR00116,TIGR00459,TIGR02729		TIGR00064,TIGR00810,TIGR00964,TIGR01063
GCA_042017905.1_genome	111	4	0	5	PF00380.20,PF00410.20,PF00466.21,PF01025.20,PF02576.18,PF03726.15,TIGR00006,TIGR00019,TIGR00029,TIGR00043,TIGR00054,TIGR00059,TIGR00061,TIGR00065,TIGR00082,TIGR00083,TIGR00084,TIGR00086,TIGR00088,TIGR00090,TIGR00092,TIGR00095,TIGR00115,TIGR00116,TIGR00138,TIGR00158,TIGR00166,TIGR00168,TIGR00186,TIGR00194,TIGR00250,TIGR00337,TIGR00344,TIGR00362,TIGR00392,TIGR00396,TIGR00398,TIGR00414,TIGR00416,TIGR00420,TIGR00431,TIGR00435,TIGR00436,TIGR00442,TIGR00445,TIGR00456,TIGR00459,TIGR00460,TIGR00468,TIGR00472,TIGR00487,TIGR00496,TIGR00539,TIGR00580,TIGR00593,TIGR00615,TIGR00631,TIGR00634,TIGR00635,TIGR00643,TIGR00663,TIGR00717,TIGR00755,TIGR00922,TIGR00959,TIGR00963,TIGR00967,TIGR01009,TIGR01017,TIGR01021,TIGR01029,TIGR01032,TIGR01039,TIGR01044,TIGR01059,TIGR01066,TIGR01071,TIGR01079,TIGR01082,TIGR01087,TIGR01128,TIGR01146,TIGR01164,TIGR01169,TIGR01171,TIGR01302,TIGR01391,TIGR01393,TIGR01394,TIGR01510,TIGR01632,TIGR01951,TIGR01953,TIGR02012,TIGR02013,TIGR02027,TIGR02075,TIGR02191,TIGR02273,TIGR02350,TIGR02386,TIGR02397,TIGR02432,TIGR03263,TIGR03594,TIGR03625,TIGR03632,TIGR03654,TIGR03723,TIGR03725,TIGR03953	TIGR00382,TIGR00928,TIGR01011,TIGR02729		TIGR00020,TIGR00064,TIGR00810,TIGR00964,TIGR01063
GCA_042154235.1_genome	106	5	0	9	PF00380.20,PF00410.20,PF00466.21,PF01025.20,PF02576.18,PF03726.15,TIGR00006,TIGR00019,TIGR00020,TIGR00029,TIGR00043,TIGR00059,TIGR00061,TIGR00065,TIGR00082,TIGR00083,TIGR00084,TIGR00086,TIGR00088,TIGR00090,TIGR00092,TIGR00095,TIGR00115,TIGR00138,TIGR00158,TIGR00166,TIGR00168,TIGR00186,TIGR00194,TIGR00250,TIGR00337,TIGR00344,TIGR00362,TIGR00396,TIGR00398,TIGR00414,TIGR00416,TIGR00420,TIGR00431,TIGR00435,TIGR00436,TIGR00442,TIGR00445,TIGR00456,TIGR00459,TIGR00468,TIGR00472,TIGR00487,TIGR00496,TIGR00539,TIGR00580,TIGR00615,TIGR00631,TIGR00634,TIGR00635,TIGR00643,TIGR00663,TIGR00717,TIGR00755,TIGR00922,TIGR00928,TIGR00959,TIGR00963,TIGR01009,TIGR01011,TIGR01017,TIGR01021,TIGR01029,TIGR01032,TIGR01039,TIGR01044,TIGR01059,TIGR01066,TIGR01071,TIGR01079,TIGR01082,TIGR01087,TIGR01128,TIGR01146,TIGR01164,TIGR01169,TIGR01171,TIGR01302,TIGR01391,TIGR01394,TIGR01510,TIGR01632,TIGR01951,TIGR01953,TIGR02012,TIGR02013,TIGR02027,TIGR02075,TIGR02191,TIGR02273,TIGR02350,TIGR02386,TIGR02397,TIGR02432,TIGR03263,TIGR03594,TIGR03625,TIGR03632,TIGR03654,TIGR03725,TIGR03953	TIGR00054,TIGR00116,TIGR00382,TIGR01393,TIGR02729		TIGR00064,TIGR00392,TIGR00460,TIGR00593,TIGR00810,TIGR00964,TIGR00967,TIGR01063,TIGR03723
GCA_042154805.1_genome	103	8	0	9	PF00380.20,PF00410.20,PF00466.21,PF01025.20,PF02576.18,PF03726.15,TIGR00006,TIGR00019,TIGR00020,TIGR00029,TIGR00043,TIGR00059,TIGR00061,TIGR00065,TIGR00082,TIGR00083,TIGR00084,TIGR00086,TIGR00088,TIGR00090,TIGR00095,TIGR00115,TIGR00138,TIGR00158,TIGR00166,TIGR00168,TIGR00186,TIGR00194,TIGR00250,TIGR00337,TIGR00344,TIGR00362,TIGR00392,TIGR00396,TIGR00398,TIGR00414,TIGR00416,TIGR00420,TIGR00431,TIGR00435,TIGR00436,TIGR00442,TIGR00445,TIGR00456,TIGR00459,TIGR00468,TIGR00472,TIGR00487,TIGR00496,TIGR00580,TIGR00615,TIGR00631,TIGR00634,TIGR00635,TIGR00643,TIGR00663,TIGR00717,TIGR00755,TIGR00922,TIGR00959,TIGR00963,TIGR00967,TIGR01009,TIGR01017,TIGR01021,TIGR01029,TIGR01032,TIGR01039,TIGR01044,TIGR01059,TIGR01066,TIGR01071,TIGR01079,TIGR01082,TIGR01087,TIGR01128,TIGR01164,TIGR01169,TIGR01171,TIGR01302,TIGR01391,TIGR01393,TIGR01394,TIGR01510,TIGR01632,TIGR01951,TIGR01953,TIGR02012,TIGR02013,TIGR02027,TIGR02075,TIGR02191,TIGR02350,TIGR02386,TIGR02397,TIGR02432,TIGR03263,TIGR03594,TIGR03625,TIGR03632,TIGR03654,TIGR03725,TIGR03953	TIGR00054,TIGR00092,TIGR00116,TIGR00382,TIGR00928,TIGR01011,TIGR01146,TIGR02729		TIGR00064,TIGR00460,TIGR00539,TIGR00593,TIGR00810,TIGR00964,TIGR01063,TIGR02273,TIGR03723
GCA_042155435.1_genome	106	4	0	10	PF00380.20,PF00410.20,PF00466.21,PF01025.20,PF02576.18,PF03726.15,TIGR00006,TIGR00019,TIGR00043,TIGR00054,TIGR00059,TIGR00061,TIGR00065,TIGR00082,TIGR00083,TIGR00084,TIGR00086,TIGR00088,TIGR00090,TIGR00092,TIGR00095,TIGR00115,TIGR00138,TIGR00158,TIGR00166,TIGR00168,TIGR00186,TIGR00194,TIGR00250,TIGR00337,TIGR00344,TIGR00362,TIGR00392,TIGR00396,TIGR00398,TIGR00414,TIGR00416,TIGR00420,TIGR00431,TIGR00435,TIGR00436,TIGR00442,TIGR00445,TIGR00456,TIGR00459,TIGR00468,TIGR00472,TIGR00487,TIGR00496,TIGR00539,TIGR00580,TIGR00615,TIGR00631,TIGR00634,TIGR00635,TIGR00643,TIGR00663,TIGR00717,TIGR00755,TIGR00922,TIGR00959,TIGR00963,TIGR00967,TIGR01009,TIGR01017,TIGR01021,TIGR01029,TIGR01032,TIGR01039,TIGR01044,TIGR01059,TIGR01063,TIGR01066,TIGR01071,TIGR01079,TIGR01082,TIGR01087,TIGR01128,TIGR01146,TIGR01164,TIGR01169,TIGR01171,TIGR01302,TIGR01391,TIGR01393,TIGR01394,TIGR01510,TIGR01632,TIGR01951,TIGR01953,TIGR02012,TIGR02013,TIGR02027,TIGR02075,TIGR02191,TIGR02273,TIGR02350,TIGR02386,TIGR02397,TIGR02729,TIGR03263,TIGR03594,TIGR03625,TIGR03632,TIGR03725,TIGR03953	TIGR00029,TIGR00116,TIGR00382,TIGR01011		TIGR00020,TIGR00064,TIGR00460,TIGR00593,TIGR00810,TIGR00928,TIGR00964,TIGR02432,TIGR03654,TIGR03723
GCA_042156045.1_genome	108	5	0	7	PF00380.20,PF00410.20,PF00466.21,PF01025.20,PF02576.18,PF03726.15,TIGR00006,TIGR00019,TIGR00029,TIGR00043,TIGR00054,TIGR00059,TIGR00061,TIGR00065,TIGR00082,TIGR00083,TIGR00084,TIGR00086,TIGR00088,TIGR00090,TIGR00092,TIGR00095,TIGR00115,TIGR00138,TIGR00158,TIGR00166,TIGR00168,TIGR00186,TIGR00194,TIGR00250,TIGR00337,TIGR00344,TIGR00362,TIGR00392,TIGR00396,TIGR00398,TIGR00414,TIGR00416,TIGR00420,TIGR00431,TIGR00435,TIGR00436,TIGR00442,TIGR00445,TIGR00459,TIGR00468,TIGR00472,TIGR00487,TIGR00496,TIGR00539,TIGR00580,TIGR00593,TIGR00615,TIGR00631,TIGR00634,TIGR00635,TIGR00643,TIGR00663,TIGR00717,TIGR00755,TIGR00922,TIGR00928,TIGR00959,TIGR00963,TIGR00967,TIGR01009,TIGR01017,TIGR01021,TIGR01029,TIGR01032,TIGR01039,TIGR01044,TIGR01059,TIGR01066,TIGR01071,TIGR01079,TIGR01082,TIGR01087,TIGR01128,TIGR01146,TIGR01164,TIGR01169,TIGR01171,TIGR01302,TIGR01391,TIGR01394,TIGR01510,TIGR01632,TIGR01951,TIGR01953,TIGR02012,TIGR02013,TIGR02027,TIGR02075,TIGR02191,TIGR02273,TIGR02386,TIGR02397,TIGR02432,TIGR02729,TIGR03263,TIGR03594,TIGR03625,TIGR03632,TIGR03654,TIGR03723,TIGR03725,TIGR03953	TIGR00116,TIGR00382,TIGR00456,TIGR01011,TIGR01393		TIGR00020,TIGR00064,TIGR00460,TIGR00810,TIGR00964,TIGR01063,TIGR02350
GCA_042156695.1_genome	108	5	0	7	PF00380.20,PF00410.20,PF00466.21,PF01025.20,PF02576.18,PF03726.15,TIGR00006,TIGR00019,TIGR00029,TIGR00043,TIGR00054,TIGR00059,TIGR00061,TIGR00064,TIGR00065,TIGR00082,TIGR00083,TIGR00084,TIGR00086,TIGR00088,TIGR00090,TIGR00095,TIGR00115,TIGR00116,TIGR00138,TIGR00158,TIGR00166,TIGR00168,TIGR00186,TIGR00194,TIGR00250,TIGR00337,TIGR00396,TIGR00398,TIGR00414,TIGR00416,TIGR00420,TIGR00431,TIGR00435,TIGR00436,TIGR00442,TIGR00445,TIGR00456,TIGR00459,TIGR00460,TIGR00468,TIGR00472,TIGR00487,TIGR00496,TIGR00539,TIGR00580,TIGR00615,TIGR00631,TIGR00634,TIGR00635,TIGR00643,TIGR00663,TIGR00717,TIGR00755,TIGR00922,TIGR00928,TIGR00959,TIGR00963,TIGR00967,TIGR01009,TIGR01017,TIGR01021,TIGR01029,TIGR01032,TIGR01039,TIGR01044,TIGR01059,TIGR01066,TIGR01071,TIGR01079,TIGR01082,TIGR01087,TIGR01128,TIGR01146,TIGR01164,TIGR01169,TIGR01171,TIGR01302,TIGR01391,TIGR01393,TIGR01394,TIGR01510,TIGR01632,TIGR01951,TIGR01953,TIGR02012,TIGR02013,TIGR02027,TIGR02075,TIGR02191,TIGR02273,TIGR02350,TIGR02386,TIGR02397,TIGR02432,TIGR03263,TIGR03594,TIGR03625,TIGR03632,TIGR03654,TIGR03723,TIGR03725,TIGR03953	TIGR00092,TIGR00362,TIGR00382,TIGR01011,TIGR02729		TIGR00020,TIGR00344,TIGR00392,TIGR00593,TIGR00810,TIGR00964,TIGR01063
GCA_042157325.1_genome	110	4	0	6	PF00380.20,PF00410.20,PF00466.21,PF01025.20,PF02576.18,PF03726.15,TIGR00006,TIGR00019,TIGR00020,TIGR00029,TIGR00043,TIGR00054,TIGR00059,TIGR00061,TIGR00065,TIGR00082,TIGR00083,TIGR00084,TIGR00086,TIGR00088,TIGR00090,TIGR00092,TIGR00095,TIGR00115,TIGR00116,TIGR00138,TIGR00166,TIGR00168,TIGR00186,TIGR00194,TIGR00250,TIGR00337,TIGR00362,TIGR00392,TIGR00396,TIGR00398,TIGR00414,TIGR00416,TIGR00420,TIGR00431,TIGR00435,TIGR00436,TIGR00442,TIGR00445,TIGR00456,TIGR00459,TIGR00460,TIGR00468,TIGR00472,TIGR00487,TIGR00496,TIGR00580,TIGR00593,TIGR00615,TIGR00631,TIGR00634,TIGR00635,TIGR00643,TIGR00663,TIGR00717,TIGR00755,TIGR00922,TIGR00928,TIGR00959,TIGR00963,TIGR00967,TIGR01009,TIGR01017,TIGR01021,TIGR01029,TIGR01032,TIGR01039,TIGR01044,TIGR01059,TIGR01066,TIGR01071,TIGR01079,TIGR01082,TIGR01087,TIGR01128,TIGR01146,TIGR01164,TIGR01169,TIGR01171,TIGR01302,TIGR01391,TIGR01394,TIGR01510,TIGR01632,TIGR01951,TIGR01953,TIGR02012,TIGR02013,TIGR02027,TIGR02075,TIGR02191,TIGR02273,TIGR02350,TIGR02386,TIGR02397,TIGR02432,TIGR02729,TIGR03263,TIGR03594,TIGR03625,TIGR03632,TIGR03654,TIGR03723,TIGR03725,TIGR03953	TIGR00158,TIGR00382,TIGR01011,TIGR01393		TIGR00064,TIGR00344,TIGR00539,TIGR00810,TIGR00964,TIGR01063
GCA_042157955.1_genome	113	4	0	3	PF00380.20,PF00410.20,PF00466.21,PF01025.20,PF02576.18,PF03726.15,TIGR00006,TIGR00019,TIGR00020,TIGR00029,TIGR00043,TIGR00054,TIGR00059,TIGR00061,TIGR00064,TIGR00065,TIGR00082,TIGR00083,TIGR00084,TIGR00086,TIGR00088,TIGR00090,TIGR00092,TIGR00095,TIGR00115,TIGR00138,TIGR00158,TIGR00166,TIGR00168,TIGR00186,TIGR00194,TIGR00250,TIGR00337,TIGR00344,TIGR00362,TIGR00392,TIGR00396,TIGR00398,TIGR00414,TIGR00416,TIGR00420,TIGR00431,TIGR00435,TIGR00436,TIGR00442,TIGR00445,TIGR00456,TIGR00459,TIGR00460,TIGR00468,TIGR00472,TIGR00487,TIGR00496,TIGR00539,TIGR00580,TIGR00593,TIGR00615,TIGR00631,TIGR00634,TIGR00635,TIGR00643,TIGR00663,TIGR00755,TIGR00922,TIGR00959,TIGR00963,TIGR00967,TIGR01009,TIGR01011,TIGR01017,TIGR01021,TIGR01029,TIGR01032,TIGR01039,TIGR01044,TIGR01059,TIGR01063,TIGR01066,TIGR01071,TIGR01079,TIGR01082,TIGR01087,TIGR01128,TIGR01146,TIGR01164,TIGR01169,TIGR01171,TIGR01302,TIGR01391,TIGR01393,TIGR01394,TIGR01510,TIGR01632,TIGR01951,TIGR01953,TIGR02012,TIGR02013,TIGR02027,TIGR02075,TIGR02191,TIGR02273,TIGR02350,TIGR02386,TIGR02397,TIGR02432,TIGR03263,TIGR03594,TIGR03625,TIGR03632,TIGR03654,TIGR03723,TIGR03725,TIGR03953	TIGR00116,TIGR00382,TIGR00928,TIGR02729		TIGR00717,TIGR00810,TIGR00964
GCA_042158565.1_genome	111	3	0	6	PF00380.20,PF00410.20,PF00466.21,PF01025.20,PF02576.18,PF03726.15,TIGR00006,TIGR00019,TIGR00029,TIGR00043,TIGR00054,TIGR00059,TIGR00061,TIGR00065,TIGR00082,TIGR00083,TIGR00084,TIGR00086,TIGR00088,TIGR00090,TIGR00092,TIGR00095,TIGR00115,TIGR00138,TIGR00158,TIGR00166,TIGR00168,TIGR00186,TIGR00194,TIGR00250,TIGR00337,TIGR00344,TIGR00362,TIGR00396,TIGR00398,TIGR00416,TIGR00420,TIGR00431,TIGR00435,TIGR00436,TIGR00442,TIGR00445,TIGR00456,TIGR00459,TIGR00460,TIGR00468,TIGR00472,TIGR00487,TIGR00496,TIGR00539,TIGR00580,TIGR00593,TIGR00615,TIGR00631,TIGR00634,TIGR00635,TIGR00643,TIGR00663,TIGR00717,TIGR00755,TIGR00922,TIGR00928,TIGR00959,TIGR00963,TIGR00967,TIGR01009,TIGR01017,TIGR01021,TIGR01029,TIGR01032,TIGR01039,TIGR01044,TIGR01059,TIGR01063,TIGR01066,TIGR01071,TIGR01079,TIGR01082,TIGR01087,TIGR01128,TIGR01146,TIGR01164,TIGR01169,TIGR01171,TIGR01302,TIGR01391,TIGR01393,TIGR01394,TIGR01510,TIGR01632,TIGR01951,TIGR01953,TIGR02012,TIGR02013,TIGR02027,TIGR02075,TIGR02191,TIGR02273,TIGR02350,TIGR02386,TIGR02397,TIGR02432,TIGR02729,TIGR03263,TIGR03594,TIGR03625,TIGR03632,TIGR03654,TIGR03723,TIGR03725,TIGR03953	TIGR00116,TIGR00382,TIGR01011		TIGR00020,TIGR00064,TIGR00392,TIGR00414,TIGR00810,TIGR00964
GCA_043081245.1_genome	116	2	0	2	PF00380.20,PF00410.20,PF00466.21,PF01025.20,PF02576.18,PF03726.15,TIGR00006,TIGR00019,TIGR00020,TIGR00029,TIGR00043,TIGR00054,TIGR00059,TIGR00061,TIGR00064,TIGR00065,TIGR00082,TIGR00083,TIGR00084,TIGR00086,TIGR00088,TIGR00090,TIGR00092,TIGR00095,TIGR00115,TIGR00116,TIGR00138,TIGR00158,TIGR00166,TIGR00168,TIGR00186,TIGR00194,TIGR00250,TIGR00337,TIGR00344,TIGR00362,TIGR00392,TIGR00396,TIGR00398,TIGR00414,TIGR00416,TIGR00420,TIGR00431,TIGR00435,TIGR00436,TIGR00442,TIGR00445,TIGR00456,TIGR00459,TIGR00460,TIGR00468,TIGR00472,TIGR00487,TIGR00496,TIGR00539,TIGR00580,TIGR00593,TIGR00615,TIGR00631,TIGR00634,TIGR00635,TIGR00643,TIGR00663,TIGR00717,TIGR00755,TIGR00922,TIGR00959,TIGR00963,TIGR00967,TIGR01009,TIGR01011,TIGR01017,TIGR01021,TIGR01029,TIGR01032,TIGR01039,TIGR01044,TIGR01059,TIGR01063,TIGR01066,TIGR01071,TIGR01079,TIGR01082,TIGR01087,TIGR01128,TIGR01146,TIGR01164,TIGR01169,TIGR01171,TIGR01302,TIGR01391,TIGR01393,TIGR01394,TIGR01510,TIGR01632,TIGR01951,TIGR01953,TIGR02012,TIGR02013,TIGR02027,TIGR02075,TIGR02191,TIGR02273,TIGR02350,TIGR02386,TIGR02397,TIGR02432,TIGR02729,TIGR03263,TIGR03594,TIGR03625,TIGR03632,TIGR03654,TIGR03723,TIGR03725,TIGR03953	TIGR00382,TIGR00928		TIGR00810,TIGR00964
GCA_043081345.1_genome	116	2	0	2	PF00380.20,PF00410.20,PF00466.21,PF01025.20,PF02576.18,PF03726.15,TIGR00006,TIGR00019,TIGR00020,TIGR00029,TIGR00043,TIGR00054,TIGR00059,TIGR00061,TIGR00064,TIGR00065,TIGR00082,TIGR00083,TIGR00084,TIGR00086,TIGR00088,TIGR00090,TIGR00092,TIGR00095,TIGR00115,TIGR00116,TIGR00138,TIGR00158,TIGR00166,TIGR00168,TIGR00186,TIGR00194,TIGR00250,TIGR00337,TIGR00344,TIGR00362,TIGR00392,TIGR00396,TIGR00398,TIGR00414,TIGR00416,TIGR00420,TIGR00431,TIGR00435,TIGR00436,TIGR00442,TIGR00445,TIGR00456,TIGR00459,TIGR00460,TIGR00468,TIGR00472,TIGR00487,TIGR00496,TIGR00539,TIGR00580,TIGR00593,TIGR00615,TIGR00631,TIGR00634,TIGR00635,TIGR00643,TIGR00663,TIGR00717,TIGR00755,TIGR00922,TIGR00959,TIGR00963,TIGR00967,TIGR01009,TIGR01011,TIGR01017,TIGR01021,TIGR01029,TIGR01032,TIGR01039,TIGR01044,TIGR01059,TIGR01063,TIGR01066,TIGR01071,TIGR01079,TIGR01082,TIGR01087,TIGR01128,TIGR01146,TIGR01164,TIGR01169,TIGR01171,TIGR01302,TIGR01391,TIGR01393,TIGR01394,TIGR01510,TIGR01632,TIGR01951,TIGR01953,TIGR02012,TIGR02013,TIGR02027,TIGR02075,TIGR02191,TIGR02273,TIGR02350,TIGR02386,TIGR02397,TIGR02432,TIGR02729,TIGR03263,TIGR03594,TIGR03625,TIGR03632,TIGR03654,TIGR03723,TIGR03725,TIGR03953	TIGR00382,TIGR00928		TIGR00810,TIGR00964
GCA_043081385.1_genome	116	2	0	2	PF00380.20,PF00410.20,PF00466.21,PF01025.20,PF02576.18,PF03726.15,TIGR00006,TIGR00019,TIGR00020,TIGR00029,TIGR00043,TIGR00054,TIGR00059,TIGR00061,TIGR00064,TIGR00065,TIGR00082,TIGR00083,TIGR00084,TIGR00086,TIGR00088,TIGR00090,TIGR00092,TIGR00095,TIGR00115,TIGR00116,TIGR00138,TIGR00158,TIGR00166,TIGR00168,TIGR00186,TIGR00194,TIGR00250,TIGR00337,TIGR00344,TIGR00362,TIGR00392,TIGR00396,TIGR00398,TIGR00414,TIGR00416,TIGR00420,TIGR00431,TIGR00435,TIGR00436,TIGR00442,TIGR00445,TIGR00456,TIGR00459,TIGR00460,TIGR00468,TIGR00472,TIGR00487,TIGR00496,TIGR00539,TIGR00580,TIGR00593,TIGR00615,TIGR00631,TIGR00634,TIGR00635,TIGR00643,TIGR00663,TIGR00717,TIGR00755,TIGR00922,TIGR00959,TIGR00963,TIGR00967,TIGR01009,TIGR01011,TIGR01017,TIGR01021,TIGR01029,TIGR01032,TIGR01039,TIGR01044,TIGR01059,TIGR01063,TIGR01066,TIGR01071,TIGR01079,TIGR01082,TIGR01087,TIGR01128,TIGR01146,TIGR01164,TIGR01169,TIGR01171,TIGR01302,TIGR01391,TIGR01393,TIGR01394,TIGR01510,TIGR01632,TIGR01951,TIGR01953,TIGR02012,TIGR02013,TIGR02027,TIGR02075,TIGR02191,TIGR02273,TIGR02350,TIGR02386,TIGR02397,TIGR02432,TIGR02729,TIGR03263,TIGR03594,TIGR03625,TIGR03632,TIGR03654,TIGR03723,TIGR03725,TIGR03953	TIGR00382,TIGR00928		TIGR00810,TIGR00964
GCA_043081445.1_genome	116	2	0	2	PF00380.20,PF00410.20,PF00466.21,PF01025.20,PF02576.18,PF03726.15,TIGR00006,TIGR00019,TIGR00020,TIGR00029,TIGR00043,TIGR00054,TIGR00059,TIGR00061,TIGR00064,TIGR00065,TIGR00082,TIGR00083,TIGR00084,TIGR00086,TIGR00088,TIGR00090,TIGR00092,TIGR00095,TIGR00115,TIGR00116,TIGR00138,TIGR00158,TIGR00166,TIGR00168,TIGR00186,TIGR00194,TIGR00250,TIGR00337,TIGR00344,TIGR00362,TIGR00392,TIGR00396,TIGR00398,TIGR00414,TIGR00416,TIGR00420,TIGR00431,TIGR00435,TIGR00436,TIGR00442,TIGR00445,TIGR00456,TIGR00459,TIGR00460,TIGR00468,TIGR00472,TIGR00487,TIGR00496,TIGR00539,TIGR00580,TIGR00593,TIGR00615,TIGR00631,TIGR00634,TIGR00635,TIGR00643,TIGR00663,TIGR00717,TIGR00755,TIGR00922,TIGR00959,TIGR00963,TIGR00967,TIGR01009,TIGR01011,TIGR01017,TIGR01021,TIGR01029,TIGR01032,TIGR01039,TIGR01044,TIGR01059,TIGR01063,TIGR01066,TIGR01071,TIGR01079,TIGR01082,TIGR01087,TIGR01128,TIGR01146,TIGR01164,TIGR01169,TIGR01171,TIGR01302,TIGR01391,TIGR01393,TIGR01394,TIGR01510,TIGR01632,TIGR01951,TIGR01953,TIGR02012,TIGR02013,TIGR02027,TIGR02075,TIGR02191,TIGR02273,TIGR02350,TIGR02386,TIGR02397,TIGR02432,TIGR02729,TIGR03263,TIGR03594,TIGR03625,TIGR03632,TIGR03654,TIGR03723,TIGR03725,TIGR03953	TIGR00382,TIGR00928		TIGR00810,TIGR00964
GCA_043081455.1_genome	116	2	0	2	PF00380.20,PF00410.20,PF00466.21,PF01025.20,PF02576.18,PF03726.15,TIGR00006,TIGR00019,TIGR00020,TIGR00029,TIGR00043,TIGR00054,TIGR00059,TIGR00061,TIGR00064,TIGR00065,TIGR00082,TIGR00083,TIGR00084,TIGR00086,TIGR00088,TIGR00090,TIGR00092,TIGR00095,TIGR00115,TIGR00116,TIGR00138,TIGR00158,TIGR00166,TIGR00168,TIGR00186,TIGR00194,TIGR00250,TIGR00337,TIGR00344,TIGR00362,TIGR00392,TIGR00396,TIGR00398,TIGR00414,TIGR00416,TIGR00420,TIGR00431,TIGR00435,TIGR00436,TIGR00442,TIGR00445,TIGR00456,TIGR00459,TIGR00460,TIGR00468,TIGR00472,TIGR00487,TIGR00496,TIGR00539,TIGR00580,TIGR00593,TIGR00615,TIGR00631,TIGR00634,TIGR00635,TIGR00643,TIGR00663,TIGR00717,TIGR00755,TIGR00922,TIGR00959,TIGR00963,TIGR00967,TIGR01009,TIGR01011,TIGR01017,TIGR01021,TIGR01029,TIGR01032,TIGR01039,TIGR01044,TIGR01059,TIGR01063,TIGR01066,TIGR01071,TIGR01079,TIGR01082,TIGR01087,TIGR01128,TIGR01146,TIGR01164,TIGR01169,TIGR01171,TIGR01302,TIGR01391,TIGR01393,TIGR01394,TIGR01510,TIGR01632,TIGR01951,TIGR01953,TIGR02012,TIGR02013,TIGR02027,TIGR02075,TIGR02191,TIGR02273,TIGR02350,TIGR02386,TIGR02397,TIGR02432,TIGR02729,TIGR03263,TIGR03594,TIGR03625,TIGR03632,TIGR03654,TIGR03723,TIGR03725,TIGR03953	TIGR00382,TIGR00928		TIGR00810,TIGR00964
GCA_043081485.1_genome	116	2	0	2	PF00380.20,PF00410.20,PF00466.21,PF01025.20,PF02576.18,PF03726.15,TIGR00006,TIGR00019,TIGR00020,TIGR00029,TIGR00043,TIGR00054,TIGR00059,TIGR00061,TIGR00064,TIGR00065,TIGR00082,TIGR00083,TIGR00084,TIGR00086,TIGR00088,TIGR00090,TIGR00092,TIGR00095,TIGR00115,TIGR00116,TIGR00138,TIGR00158,TIGR00166,TIGR00168,TIGR00186,TIGR00194,TIGR00250,TIGR00337,TIGR00344,TIGR00362,TIGR00392,TIGR00396,TIGR00398,TIGR00414,TIGR00416,TIGR00420,TIGR00431,TIGR00435,TIGR00436,TIGR00442,TIGR00445,TIGR00456,TIGR00459,TIGR00460,TIGR00468,TIGR00472,TIGR00487,TIGR00496,TIGR00539,TIGR00580,TIGR00593,TIGR00615,TIGR00631,TIGR00634,TIGR00635,TIGR00643,TIGR00663,TIGR00717,TIGR00755,TIGR00922,TIGR00959,TIGR00963,TIGR00967,TIGR01009,TIGR01011,TIGR01017,TIGR01021,TIGR01029,TIGR01032,TIGR01039,TIGR01044,TIGR01059,TIGR01063,TIGR01066,TIGR01071,TIGR01079,TIGR01082,TIGR01087,TIGR01128,TIGR01146,TIGR01164,TIGR01169,TIGR01171,TIGR01302,TIGR01391,TIGR01393,TIGR01394,TIGR01510,TIGR01632,TIGR01951,TIGR01953,TIGR02012,TIGR02013,TIGR02027,TIGR02075,TIGR02191,TIGR02273,TIGR02350,TIGR02386,TIGR02397,TIGR02432,TIGR02729,TIGR03263,TIGR03594,TIGR03625,TIGR03632,TIGR03654,TIGR03723,TIGR03725,TIGR03953	TIGR00382,TIGR00928		TIGR00810,TIGR00964
GCA_043081605.1_genome	116	2	0	2	PF00380.20,PF00410.20,PF00466.21,PF01025.20,PF02576.18,PF03726.15,TIGR00006,TIGR00019,TIGR00020,TIGR00029,TIGR00043,TIGR00054,TIGR00059,TIGR00061,TIGR00064,TIGR00065,TIGR00082,TIGR00083,TIGR00084,TIGR00086,TIGR00088,TIGR00090,TIGR00092,TIGR00095,TIGR00115,TIGR00116,TIGR00138,TIGR00158,TIGR00166,TIGR00168,TIGR00186,TIGR00194,TIGR00250,TIGR00337,TIGR00344,TIGR00362,TIGR00392,TIGR00396,TIGR00398,TIGR00414,TIGR00416,TIGR00420,TIGR00431,TIGR00435,TIGR00436,TIGR00442,TIGR00445,TIGR00456,TIGR00459,TIGR00460,TIGR00468,TIGR00472,TIGR00487,TIGR00496,TIGR00539,TIGR00580,TIGR00593,TIGR00615,TIGR00631,TIGR00634,TIGR00635,TIGR00643,TIGR00663,TIGR00717,TIGR00755,TIGR00922,TIGR00959,TIGR00963,TIGR00967,TIGR01009,TIGR01011,TIGR01017,TIGR01021,TIGR01029,TIGR01032,TIGR01039,TIGR01044,TIGR01059,TIGR01063,TIGR01066,TIGR01071,TIGR01079,TIGR01082,TIGR01087,TIGR01128,TIGR01146,TIGR01164,TIGR01169,TIGR01171,TIGR01302,TIGR01391,TIGR01393,TIGR01394,TIGR01510,TIGR01632,TIGR01951,TIGR01953,TIGR02012,TIGR02013,TIGR02027,TIGR02075,TIGR02191,TIGR02273,TIGR02350,TIGR02386,TIGR02397,TIGR02432,TIGR02729,TIGR03263,TIGR03594,TIGR03625,TIGR03632,TIGR03654,TIGR03723,TIGR03725,TIGR03953	TIGR00382,TIGR00928		TIGR00810,TIGR00964
GCA_043083945.1_genome	116	2	0	2	PF00380.20,PF00410.20,PF00466.21,PF01025.20,PF02576.18,PF03726.15,TIGR00006,TIGR00019,TIGR00020,TIGR00029,TIGR00043,TIGR00054,TIGR00059,TIGR00061,TIGR00064,TIGR00065,TIGR00082,TIGR00083,TIGR00084,TIGR00086,TIGR00088,TIGR00090,TIGR00092,TIGR00095,TIGR00115,TIGR00116,TIGR00138,TIGR00158,TIGR00166,TIGR00168,TIGR00186,TIGR00194,TIGR00250,TIGR00337,TIGR00344,TIGR00362,TIGR00392,TIGR00396,TIGR00398,TIGR00414,TIGR00416,TIGR00420,TIGR00431,TIGR00435,TIGR00436,TIGR00442,TIGR00445,TIGR00456,TIGR00459,TIGR00460,TIGR00468,TIGR00472,TIGR00487,TIGR00496,TIGR00539,TIGR00580,TIGR00593,TIGR00615,TIGR00631,TIGR00634,TIGR00635,TIGR00643,TIGR00663,TIGR00717,TIGR00755,TIGR00922,TIGR00959,TIGR00963,TIGR00967,TIGR01009,TIGR01011,TIGR01017,TIGR01021,TIGR01029,TIGR01032,TIGR01039,TIGR01044,TIGR01059,TIGR01063,TIGR01066,TIGR01071,TIGR01079,TIGR01082,TIGR01087,TIGR01128,TIGR01146,TIGR01164,TIGR01169,TIGR01171,TIGR01302,TIGR01391,TIGR01393,TIGR01394,TIGR01510,TIGR01632,TIGR01951,TIGR01953,TIGR02012,TIGR02013,TIGR02027,TIGR02075,TIGR02191,TIGR02273,TIGR02350,TIGR02386,TIGR02397,TIGR02432,TIGR02729,TIGR03263,TIGR03594,TIGR03625,TIGR03632,TIGR03654,TIGR03723,TIGR03725,TIGR03953	TIGR00382,TIGR00928		TIGR00810,TIGR00964
GCA_043084025.1_genome	116	2	0	2	PF00380.20,PF00410.20,PF00466.21,PF01025.20,PF02576.18,PF03726.15,TIGR00006,TIGR00019,TIGR00020,TIGR00029,TIGR00043,TIGR00054,TIGR00059,TIGR00061,TIGR00064,TIGR00065,TIGR00082,TIGR00083,TIGR00084,TIGR00086,TIGR00088,TIGR00090,TIGR00092,TIGR00095,TIGR00115,TIGR00116,TIGR00138,TIGR00158,TIGR00166,TIGR00168,TIGR00186,TIGR00194,TIGR00250,TIGR00337,TIGR00344,TIGR00362,TIGR00392,TIGR00396,TIGR00398,TIGR00414,TIGR00416,TIGR00420,TIGR00431,TIGR00435,TIGR00436,TIGR00442,TIGR00445,TIGR00456,TIGR00459,TIGR00460,TIGR00468,TIGR00472,TIGR00487,TIGR00496,TIGR00539,TIGR00580,TIGR00593,TIGR00615,TIGR00631,TIGR00634,TIGR00635,TIGR00643,TIGR00663,TIGR00717,TIGR00755,TIGR00922,TIGR00959,TIGR00963,TIGR00967,TIGR01009,TIGR01011,TIGR01017,TIGR01021,TIGR01029,TIGR01032,TIGR01039,TIGR01044,TIGR01059,TIGR01063,TIGR01066,TIGR01071,TIGR01079,TIGR01082,TIGR01087,TIGR01128,TIGR01146,TIGR01164,TIGR01169,TIGR01171,TIGR01302,TIGR01391,TIGR01393,TIGR01394,TIGR01510,TIGR01632,TIGR01951,TIGR01953,TIGR02012,TIGR02013,TIGR02027,TIGR02075,TIGR02191,TIGR02273,TIGR02350,TIGR02386,TIGR02397,TIGR02432,TIGR02729,TIGR03263,TIGR03594,TIGR03625,TIGR03632,TIGR03654,TIGR03723,TIGR03725,TIGR03953	TIGR00382,TIGR00928		TIGR00810,TIGR00964
GCA_043084045.1_genome	116	2	0	2	PF00380.20,PF00410.20,PF00466.21,PF01025.20,PF02576.18,PF03726.15,TIGR00006,TIGR00019,TIGR00020,TIGR00029,TIGR00043,TIGR00054,TIGR00059,TIGR00061,TIGR00064,TIGR00065,TIGR00082,TIGR00083,TIGR00084,TIGR00086,TIGR00088,TIGR00090,TIGR00092,TIGR00095,TIGR00115,TIGR00116,TIGR00138,TIGR00158,TIGR00166,TIGR00168,TIGR00186,TIGR00194,TIGR00250,TIGR00337,TIGR00344,TIGR00362,TIGR00392,TIGR00396,TIGR00398,TIGR00414,TIGR00416,TIGR00420,TIGR00431,TIGR00435,TIGR00436,TIGR00442,TIGR00445,TIGR00456,TIGR00459,TIGR00460,TIGR00468,TIGR00472,TIGR00487,TIGR00496,TIGR00539,TIGR00580,TIGR00593,TIGR00615,TIGR00631,TIGR00634,TIGR00635,TIGR00643,TIGR00663,TIGR00717,TIGR00755,TIGR00922,TIGR00959,TIGR00963,TIGR00967,TIGR01009,TIGR01011,TIGR01017,TIGR01021,TIGR01029,TIGR01032,TIGR01039,TIGR01044,TIGR01059,TIGR01063,TIGR01066,TIGR01071,TIGR01079,TIGR01082,TIGR01087,TIGR01128,TIGR01146,TIGR01164,TIGR01169,TIGR01171,TIGR01302,TIGR01391,TIGR01393,TIGR01394,TIGR01510,TIGR01632,TIGR01951,TIGR01953,TIGR02012,TIGR02013,TIGR02027,TIGR02075,TIGR02191,TIGR02273,TIGR02350,TIGR02386,TIGR02397,TIGR02432,TIGR02729,TIGR03263,TIGR03594,TIGR03625,TIGR03632,TIGR03654,TIGR03723,TIGR03725,TIGR03953	TIGR00382,TIGR00928		TIGR00810,TIGR00964
GCA_043084065.1_genome	116	2	0	2	PF00380.20,PF00410.20,PF00466.21,PF01025.20,PF02576.18,PF03726.15,TIGR00006,TIGR00019,TIGR00020,TIGR00029,TIGR00043,TIGR00054,TIGR00059,TIGR00061,TIGR00064,TIGR00065,TIGR00082,TIGR00083,TIGR00084,TIGR00086,TIGR00088,TIGR00090,TIGR00092,TIGR00095,TIGR00115,TIGR00116,TIGR00138,TIGR00158,TIGR00166,TIGR00168,TIGR00186,TIGR00194,TIGR00250,TIGR00337,TIGR00344,TIGR00362,TIGR00392,TIGR00396,TIGR00398,TIGR00414,TIGR00416,TIGR00420,TIGR00431,TIGR00435,TIGR00436,TIGR00442,TIGR00445,TIGR00456,TIGR00459,TIGR00460,TIGR00468,TIGR00472,TIGR00487,TIGR00496,TIGR00539,TIGR00580,TIGR00593,TIGR00615,TIGR00631,TIGR00634,TIGR00635,TIGR00643,TIGR00663,TIGR00717,TIGR00755,TIGR00922,TIGR00959,TIGR00963,TIGR00967,TIGR01009,TIGR01011,TIGR01017,TIGR01021,TIGR01029,TIGR01032,TIGR01039,TIGR01044,TIGR01059,TIGR01063,TIGR01066,TIGR01071,TIGR01079,TIGR01082,TIGR01087,TIGR01128,TIGR01146,TIGR01164,TIGR01169,TIGR01171,TIGR01302,TIGR01391,TIGR01393,TIGR01394,TIGR01510,TIGR01632,TIGR01951,TIGR01953,TIGR02012,TIGR02013,TIGR02027,TIGR02075,TIGR02191,TIGR02273,TIGR02350,TIGR02386,TIGR02397,TIGR02432,TIGR02729,TIGR03263,TIGR03594,TIGR03625,TIGR03632,TIGR03654,TIGR03723,TIGR03725,TIGR03953	TIGR00382,TIGR00928		TIGR00810,TIGR00964
GCA_043084085.1_genome	116	2	0	2	PF00380.20,PF00410.20,PF00466.21,PF01025.20,PF02576.18,PF03726.15,TIGR00006,TIGR00019,TIGR00020,TIGR00029,TIGR00043,TIGR00054,TIGR00059,TIGR00061,TIGR00064,TIGR00065,TIGR00082,TIGR00083,TIGR00084,TIGR00086,TIGR00088,TIGR00090,TIGR00092,TIGR00095,TIGR00115,TIGR00116,TIGR00138,TIGR00158,TIGR00166,TIGR00168,TIGR00186,TIGR00194,TIGR00250,TIGR00337,TIGR00344,TIGR00362,TIGR00392,TIGR00396,TIGR00398,TIGR00414,TIGR00416,TIGR00420,TIGR00431,TIGR00435,TIGR00436,TIGR00442,TIGR00445,TIGR00456,TIGR00459,TIGR00460,TIGR00468,TIGR00472,TIGR00487,TIGR00496,TIGR00539,TIGR00580,TIGR00593,TIGR00615,TIGR00631,TIGR00634,TIGR00635,TIGR00643,TIGR00663,TIGR00717,TIGR00755,TIGR00922,TIGR00959,TIGR00963,TIGR00967,TIGR01009,TIGR01011,TIGR01017,TIGR01021,TIGR01029,TIGR01032,TIGR01039,TIGR01044,TIGR01059,TIGR01063,TIGR01066,TIGR01071,TIGR01079,TIGR01082,TIGR01087,TIGR01128,TIGR01146,TIGR01164,TIGR01169,TIGR01171,TIGR01302,TIGR01391,TIGR01393,TIGR01394,TIGR01510,TIGR01632,TIGR01951,TIGR01953,TIGR02012,TIGR02013,TIGR02027,TIGR02075,TIGR02191,TIGR02273,TIGR02350,TIGR02386,TIGR02397,TIGR02432,TIGR02729,TIGR03263,TIGR03594,TIGR03625,TIGR03632,TIGR03654,TIGR03723,TIGR03725,TIGR03953	TIGR00382,TIGR00928		TIGR00810,TIGR00964
GCA_043084205.1_genome	116	2	0	2	PF00380.20,PF00410.20,PF00466.21,PF01025.20,PF02576.18,PF03726.15,TIGR00006,TIGR00019,TIGR00020,TIGR00029,TIGR00043,TIGR00054,TIGR00059,TIGR00061,TIGR00064,TIGR00065,TIGR00082,TIGR00083,TIGR00084,TIGR00086,TIGR00088,TIGR00090,TIGR00092,TIGR00095,TIGR00115,TIGR00116,TIGR00138,TIGR00158,TIGR00166,TIGR00168,TIGR00186,TIGR00194,TIGR00250,TIGR00337,TIGR00344,TIGR00362,TIGR00392,TIGR00396,TIGR00398,TIGR00414,TIGR00416,TIGR00420,TIGR00431,TIGR00435,TIGR00436,TIGR00442,TIGR00445,TIGR00456,TIGR00459,TIGR00460,TIGR00468,TIGR00472,TIGR00487,TIGR00496,TIGR00539,TIGR00580,TIGR00593,TIGR00615,TIGR00631,TIGR00634,TIGR00635,TIGR00643,TIGR00663,TIGR00717,TIGR00755,TIGR00922,TIGR00959,TIGR00963,TIGR00967,TIGR01009,TIGR01011,TIGR01017,TIGR01021,TIGR01029,TIGR01032,TIGR01039,TIGR01044,TIGR01059,TIGR01063,TIGR01066,TIGR01071,TIGR01079,TIGR01082,TIGR01087,TIGR01128,TIGR01146,TIGR01164,TIGR01169,TIGR01171,TIGR01302,TIGR01391,TIGR01393,TIGR01394,TIGR01510,TIGR01632,TIGR01951,TIGR01953,TIGR02012,TIGR02013,TIGR02027,TIGR02075,TIGR02191,TIGR02273,TIGR02350,TIGR02386,TIGR02397,TIGR02432,TIGR02729,TIGR03263,TIGR03594,TIGR03625,TIGR03632,TIGR03654,TIGR03723,TIGR03725,TIGR03953	TIGR00382,TIGR00928		TIGR00810,TIGR00964
GCA_043084225.1_genome	116	2	0	2	PF00380.20,PF00410.20,PF00466.21,PF01025.20,PF02576.18,PF03726.15,TIGR00006,TIGR00019,TIGR00020,TIGR00029,TIGR00043,TIGR00054,TIGR00059,TIGR00061,TIGR00064,TIGR00065,TIGR00082,TIGR00083,TIGR00084,TIGR00086,TIGR00088,TIGR00090,TIGR00092,TIGR00095,TIGR00115,TIGR00116,TIGR00138,TIGR00158,TIGR00166,TIGR00168,TIGR00186,TIGR00194,TIGR00250,TIGR00337,TIGR00344,TIGR00362,TIGR00392,TIGR00396,TIGR00398,TIGR00414,TIGR00416,TIGR00420,TIGR00431,TIGR00435,TIGR00436,TIGR00442,TIGR00445,TIGR00456,TIGR00459,TIGR00460,TIGR00468,TIGR00472,TIGR00487,TIGR00496,TIGR00539,TIGR00580,TIGR00593,TIGR00615,TIGR00631,TIGR00634,TIGR00635,TIGR00643,TIGR00663,TIGR00717,TIGR00755,TIGR00922,TIGR00959,TIGR00963,TIGR00967,TIGR01009,TIGR01011,TIGR01017,TIGR01021,TIGR01029,TIGR01032,TIGR01039,TIGR01044,TIGR01059,TIGR01063,TIGR01066,TIGR01071,TIGR01079,TIGR01082,TIGR01087,TIGR01128,TIGR01146,TIGR01164,TIGR01169,TIGR01171,TIGR01302,TIGR01391,TIGR01393,TIGR01394,TIGR01510,TIGR01632,TIGR01951,TIGR01953,TIGR02012,TIGR02013,TIGR02027,TIGR02075,TIGR02191,TIGR02273,TIGR02350,TIGR02386,TIGR02397,TIGR02432,TIGR02729,TIGR03263,TIGR03594,TIGR03625,TIGR03632,TIGR03654,TIGR03723,TIGR03725,TIGR03953	TIGR00382,TIGR00928		TIGR00810,TIGR00964
GCA_043084245.1_genome	116	2	0	2	PF00380.20,PF00410.20,PF00466.21,PF01025.20,PF02576.18,PF03726.15,TIGR00006,TIGR00019,TIGR00020,TIGR00029,TIGR00043,TIGR00054,TIGR00059,TIGR00061,TIGR00064,TIGR00065,TIGR00082,TIGR00083,TIGR00084,TIGR00086,TIGR00088,TIGR00090,TIGR00092,TIGR00095,TIGR00115,TIGR00116,TIGR00138,TIGR00158,TIGR00166,TIGR00168,TIGR00186,TIGR00194,TIGR00250,TIGR00337,TIGR00344,TIGR00362,TIGR00392,TIGR00396,TIGR00398,TIGR00414,TIGR00416,TIGR00420,TIGR00431,TIGR00435,TIGR00436,TIGR00442,TIGR00445,TIGR00456,TIGR00459,TIGR00460,TIGR00468,TIGR00472,TIGR00487,TIGR00496,TIGR00539,TIGR00580,TIGR00593,TIGR00615,TIGR00631,TIGR00634,TIGR00635,TIGR00643,TIGR00663,TIGR00717,TIGR00755,TIGR00922,TIGR00959,TIGR00963,TIGR00967,TIGR01009,TIGR01011,TIGR01017,TIGR01021,TIGR01029,TIGR01032,TIGR01039,TIGR01044,TIGR01059,TIGR01063,TIGR01066,TIGR01071,TIGR01079,TIGR01082,TIGR01087,TIGR01128,TIGR01146,TIGR01164,TIGR01169,TIGR01171,TIGR01302,TIGR01391,TIGR01393,TIGR01394,TIGR01510,TIGR01632,TIGR01951,TIGR01953,TIGR02012,TIGR02013,TIGR02027,TIGR02075,TIGR02191,TIGR02273,TIGR02350,TIGR02386,TIGR02397,TIGR02432,TIGR02729,TIGR03263,TIGR03594,TIGR03625,TIGR03632,TIGR03654,TIGR03723,TIGR03725,TIGR03953	TIGR00382,TIGR00928		TIGR00810,TIGR00964
GCA_043084265.1_genome	116	2	0	2	PF00380.20,PF00410.20,PF00466.21,PF01025.20,PF02576.18,PF03726.15,TIGR00006,TIGR00019,TIGR00020,TIGR00029,TIGR00043,TIGR00054,TIGR00059,TIGR00061,TIGR00064,TIGR00065,TIGR00082,TIGR00083,TIGR00084,TIGR00086,TIGR00088,TIGR00090,TIGR00092,TIGR00095,TIGR00115,TIGR00116,TIGR00138,TIGR00158,TIGR00166,TIGR00168,TIGR00186,TIGR00194,TIGR00250,TIGR00337,TIGR00344,TIGR00362,TIGR00392,TIGR00396,TIGR00398,TIGR00414,TIGR00416,TIGR00420,TIGR00431,TIGR00435,TIGR00436,TIGR00442,TIGR00445,TIGR00456,TIGR00459,TIGR00460,TIGR00468,TIGR00472,TIGR00487,TIGR00496,TIGR00539,TIGR00580,TIGR00593,TIGR00615,TIGR00631,TIGR00634,TIGR00635,TIGR00643,TIGR00663,TIGR00717,TIGR00755,TIGR00922,TIGR00959,TIGR00963,TIGR00967,TIGR01009,TIGR01011,TIGR01017,TIGR01021,TIGR01029,TIGR01032,TIGR01039,TIGR01044,TIGR01059,TIGR01063,TIGR01066,TIGR01071,TIGR01079,TIGR01082,TIGR01087,TIGR01128,TIGR01146,TIGR01164,TIGR01169,TIGR01171,TIGR01302,TIGR01391,TIGR01393,TIGR01394,TIGR01510,TIGR01632,TIGR01951,TIGR01953,TIGR02012,TIGR02013,TIGR02027,TIGR02075,TIGR02191,TIGR02273,TIGR02350,TIGR02386,TIGR02397,TIGR02432,TIGR02729,TIGR03263,TIGR03594,TIGR03625,TIGR03632,TIGR03654,TIGR03723,TIGR03725,TIGR03953	TIGR00382,TIGR00928		TIGR00810,TIGR00964
GCA_043084285.1_genome	116	2	0	2	PF00380.20,PF00410.20,PF00466.21,PF01025.20,PF02576.18,PF03726.15,TIGR00006,TIGR00019,TIGR00020,TIGR00029,TIGR00043,TIGR00054,TIGR00059,TIGR00061,TIGR00064,TIGR00065,TIGR00082,TIGR00083,TIGR00084,TIGR00086,TIGR00088,TIGR00090,TIGR00092,TIGR00095,TIGR00115,TIGR00116,TIGR00138,TIGR00158,TIGR00166,TIGR00168,TIGR00186,TIGR00194,TIGR00250,TIGR00337,TIGR00344,TIGR00362,TIGR00392,TIGR00396,TIGR00398,TIGR00414,TIGR00416,TIGR00420,TIGR00431,TIGR00435,TIGR00436,TIGR00442,TIGR00445,TIGR00456,TIGR00459,TIGR00460,TIGR00468,TIGR00472,TIGR00487,TIGR00496,TIGR00539,TIGR00580,TIGR00593,TIGR00615,TIGR00631,TIGR00634,TIGR00635,TIGR00643,TIGR00663,TIGR00717,TIGR00755,TIGR00922,TIGR00959,TIGR00963,TIGR00967,TIGR01009,TIGR01011,TIGR01017,TIGR01021,TIGR01029,TIGR01032,TIGR01039,TIGR01044,TIGR01059,TIGR01063,TIGR01066,TIGR01071,TIGR01079,TIGR01082,TIGR01087,TIGR01128,TIGR01146,TIGR01164,TIGR01169,TIGR01171,TIGR01302,TIGR01391,TIGR01393,TIGR01394,TIGR01510,TIGR01632,TIGR01951,TIGR01953,TIGR02012,TIGR02013,TIGR02027,TIGR02075,TIGR02191,TIGR02273,TIGR02350,TIGR02386,TIGR02397,TIGR02432,TIGR02729,TIGR03263,TIGR03594,TIGR03625,TIGR03632,TIGR03654,TIGR03723,TIGR03725,TIGR03953	TIGR00382,TIGR00928		TIGR00810,TIGR00964
GCA_043086205.1_genome	116	2	0	2	PF00380.20,PF00410.20,PF00466.21,PF01025.20,PF02576.18,PF03726.15,TIGR00006,TIGR00019,TIGR00020,TIGR00029,TIGR00043,TIGR00054,TIGR00059,TIGR00061,TIGR00064,TIGR00065,TIGR00082,TIGR00083,TIGR00084,TIGR00086,TIGR00088,TIGR00090,TIGR00092,TIGR00095,TIGR00115,TIGR00116,TIGR00138,TIGR00158,TIGR00166,TIGR00168,TIGR00186,TIGR00194,TIGR00250,TIGR00337,TIGR00344,TIGR00362,TIGR00392,TIGR00396,TIGR00398,TIGR00414,TIGR00416,TIGR00420,TIGR00431,TIGR00435,TIGR00436,TIGR00442,TIGR00445,TIGR00456,TIGR00459,TIGR00460,TIGR00468,TIGR00472,TIGR00487,TIGR00496,TIGR00539,TIGR00580,TIGR00593,TIGR00615,TIGR00631,TIGR00634,TIGR00635,TIGR00643,TIGR00663,TIGR00717,TIGR00755,TIGR00922,TIGR00959,TIGR00963,TIGR00967,TIGR01009,TIGR01011,TIGR01017,TIGR01021,TIGR01029,TIGR01032,TIGR01039,TIGR01044,TIGR01059,TIGR01063,TIGR01066,TIGR01071,TIGR01079,TIGR01082,TIGR01087,TIGR01128,TIGR01146,TIGR01164,TIGR01169,TIGR01171,TIGR01302,TIGR01391,TIGR01393,TIGR01394,TIGR01510,TIGR01632,TIGR01951,TIGR01953,TIGR02012,TIGR02013,TIGR02027,TIGR02075,TIGR02191,TIGR02273,TIGR02350,TIGR02386,TIGR02397,TIGR02432,TIGR02729,TIGR03263,TIGR03594,TIGR03625,TIGR03632,TIGR03654,TIGR03723,TIGR03725,TIGR03953	TIGR00382,TIGR00928		TIGR00810,TIGR00964
GCA_043086305.1_genome	116	2	0	2	PF00380.20,PF00410.20,PF00466.21,PF01025.20,PF02576.18,PF03726.15,TIGR00006,TIGR00019,TIGR00020,TIGR00029,TIGR00043,TIGR00054,TIGR00059,TIGR00061,TIGR00064,TIGR00065,TIGR00082,TIGR00083,TIGR00084,TIGR00086,TIGR00088,TIGR00090,TIGR00092,TIGR00095,TIGR00115,TIGR00116,TIGR00138,TIGR00158,TIGR00166,TIGR00168,TIGR00186,TIGR00194,TIGR00250,TIGR00337,TIGR00344,TIGR00362,TIGR00392,TIGR00396,TIGR00398,TIGR00414,TIGR00416,TIGR00420,TIGR00431,TIGR00435,TIGR00436,TIGR00442,TIGR00445,TIGR00456,TIGR00459,TIGR00460,TIGR00468,TIGR00472,TIGR00487,TIGR00496,TIGR00539,TIGR00580,TIGR00593,TIGR00615,TIGR00631,TIGR00634,TIGR00635,TIGR00643,TIGR00663,TIGR00717,TIGR00755,TIGR00922,TIGR00959,TIGR00963,TIGR00967,TIGR01009,TIGR01011,TIGR01017,TIGR01021,TIGR01029,TIGR01032,TIGR01039,TIGR01044,TIGR01059,TIGR01063,TIGR01066,TIGR01071,TIGR01079,TIGR01082,TIGR01087,TIGR01128,TIGR01146,TIGR01164,TIGR01169,TIGR01171,TIGR01302,TIGR01391,TIGR01393,TIGR01394,TIGR01510,TIGR01632,TIGR01951,TIGR01953,TIGR02012,TIGR02013,TIGR02027,TIGR02075,TIGR02191,TIGR02273,TIGR02350,TIGR02386,TIGR02397,TIGR02432,TIGR02729,TIGR03263,TIGR03594,TIGR03625,TIGR03632,TIGR03654,TIGR03723,TIGR03725,TIGR03953	TIGR00382,TIGR00928		TIGR00810,TIGR00964
GCA_043086325.1_genome	116	2	0	2	PF00380.20,PF00410.20,PF00466.21,PF01025.20,PF02576.18,PF03726.15,TIGR00006,TIGR00019,TIGR00020,TIGR00029,TIGR00043,TIGR00054,TIGR00059,TIGR00061,TIGR00064,TIGR00065,TIGR00082,TIGR00083,TIGR00084,TIGR00086,TIGR00088,TIGR00090,TIGR00092,TIGR00095,TIGR00115,TIGR00116,TIGR00138,TIGR00158,TIGR00166,TIGR00168,TIGR00186,TIGR00194,TIGR00250,TIGR00337,TIGR00344,TIGR00362,TIGR00392,TIGR00396,TIGR00398,TIGR00414,TIGR00416,TIGR00420,TIGR00431,TIGR00435,TIGR00436,TIGR00442,TIGR00445,TIGR00456,TIGR00459,TIGR00460,TIGR00468,TIGR00472,TIGR00487,TIGR00496,TIGR00539,TIGR00580,TIGR00593,TIGR00615,TIGR00631,TIGR00634,TIGR00635,TIGR00643,TIGR00663,TIGR00717,TIGR00755,TIGR00922,TIGR00959,TIGR00963,TIGR00967,TIGR01009,TIGR01011,TIGR01017,TIGR01021,TIGR01029,TIGR01032,TIGR01039,TIGR01044,TIGR01059,TIGR01063,TIGR01066,TIGR01071,TIGR01079,TIGR01082,TIGR01087,TIGR01128,TIGR01146,TIGR01164,TIGR01169,TIGR01171,TIGR01302,TIGR01391,TIGR01393,TIGR01394,TIGR01510,TIGR01632,TIGR01951,TIGR01953,TIGR02012,TIGR02013,TIGR02027,TIGR02075,TIGR02191,TIGR02273,TIGR02350,TIGR02386,TIGR02397,TIGR02432,TIGR02729,TIGR03263,TIGR03594,TIGR03625,TIGR03632,TIGR03654,TIGR03723,TIGR03725,TIGR03953	TIGR00382,TIGR00928		TIGR00810,TIGR00964
GCA_043086385.1_genome	116	2	0	2	PF00380.20,PF00410.20,PF00466.21,PF01025.20,PF02576.18,PF03726.15,TIGR00006,TIGR00019,TIGR00020,TIGR00029,TIGR00043,TIGR00054,TIGR00059,TIGR00061,TIGR00064,TIGR00065,TIGR00082,TIGR00083,TIGR00084,TIGR00086,TIGR00088,TIGR00090,TIGR00092,TIGR00095,TIGR00115,TIGR00116,TIGR00138,TIGR00158,TIGR00166,TIGR00168,TIGR00186,TIGR00194,TIGR00250,TIGR00337,TIGR00344,TIGR00362,TIGR00392,TIGR00396,TIGR00398,TIGR00414,TIGR00416,TIGR00420,TIGR00431,TIGR00435,TIGR00436,TIGR00442,TIGR00445,TIGR00456,TIGR00459,TIGR00460,TIGR00468,TIGR00472,TIGR00487,TIGR00496,TIGR00539,TIGR00580,TIGR00593,TIGR00615,TIGR00631,TIGR00634,TIGR00635,TIGR00643,TIGR00663,TIGR00717,TIGR00755,TIGR00922,TIGR00959,TIGR00963,TIGR00967,TIGR01009,TIGR01011,TIGR01017,TIGR01021,TIGR01029,TIGR01032,TIGR01039,TIGR01044,TIGR01059,TIGR01063,TIGR01066,TIGR01071,TIGR01079,TIGR01082,TIGR01087,TIGR01128,TIGR01146,TIGR01164,TIGR01169,TIGR01171,TIGR01302,TIGR01391,TIGR01393,TIGR01394,TIGR01510,TIGR01632,TIGR01951,TIGR01953,TIGR02012,TIGR02013,TIGR02027,TIGR02075,TIGR02191,TIGR02273,TIGR02350,TIGR02386,TIGR02397,TIGR02432,TIGR02729,TIGR03263,TIGR03594,TIGR03625,TIGR03632,TIGR03654,TIGR03723,TIGR03725,TIGR03953	TIGR00382,TIGR00928		TIGR00810,TIGR00964
GCA_043086405.1_genome	116	2	0	2	PF00380.20,PF00410.20,PF00466.21,PF01025.20,PF02576.18,PF03726.15,TIGR00006,TIGR00019,TIGR00020,TIGR00029,TIGR00043,TIGR00054,TIGR00059,TIGR00061,TIGR00064,TIGR00065,TIGR00082,TIGR00083,TIGR00084,TIGR00086,TIGR00088,TIGR00090,TIGR00092,TIGR00095,TIGR00115,TIGR00116,TIGR00138,TIGR00158,TIGR00166,TIGR00168,TIGR00186,TIGR00194,TIGR00250,TIGR00337,TIGR00344,TIGR00362,TIGR00392,TIGR00396,TIGR00398,TIGR00414,TIGR00416,TIGR00420,TIGR00431,TIGR00435,TIGR00436,TIGR00442,TIGR00445,TIGR00456,TIGR00459,TIGR00460,TIGR00468,TIGR00472,TIGR00487,TIGR00496,TIGR00539,TIGR00580,TIGR00593,TIGR00615,TIGR00631,TIGR00634,TIGR00635,TIGR00643,TIGR00663,TIGR00717,TIGR00755,TIGR00922,TIGR00959,TIGR00963,TIGR00967,TIGR01009,TIGR01011,TIGR01017,TIGR01021,TIGR01029,TIGR01032,TIGR01039,TIGR01044,TIGR01059,TIGR01063,TIGR01066,TIGR01071,TIGR01079,TIGR01082,TIGR01087,TIGR01128,TIGR01146,TIGR01164,TIGR01169,TIGR01171,TIGR01302,TIGR01391,TIGR01393,TIGR01394,TIGR01510,TIGR01632,TIGR01951,TIGR01953,TIGR02012,TIGR02013,TIGR02027,TIGR02075,TIGR02191,TIGR02273,TIGR02350,TIGR02386,TIGR02397,TIGR02432,TIGR02729,TIGR03263,TIGR03594,TIGR03625,TIGR03632,TIGR03654,TIGR03723,TIGR03725,TIGR03953	TIGR00382,TIGR00928		TIGR00810,TIGR00964
GCA_043086425.1_genome	116	2	0	2	PF00380.20,PF00410.20,PF00466.21,PF01025.20,PF02576.18,PF03726.15,TIGR00006,TIGR00019,TIGR00020,TIGR00029,TIGR00043,TIGR00054,TIGR00059,TIGR00061,TIGR00064,TIGR00065,TIGR00082,TIGR00083,TIGR00084,TIGR00086,TIGR00088,TIGR00090,TIGR00092,TIGR00095,TIGR00115,TIGR00116,TIGR00138,TIGR00158,TIGR00166,TIGR00168,TIGR00186,TIGR00194,TIGR00250,TIGR00337,TIGR00344,TIGR00362,TIGR00392,TIGR00396,TIGR00398,TIGR00414,TIGR00416,TIGR00420,TIGR00431,TIGR00435,TIGR00436,TIGR00442,TIGR00445,TIGR00456,TIGR00459,TIGR00460,TIGR00468,TIGR00472,TIGR00487,TIGR00496,TIGR00539,TIGR00580,TIGR00593,TIGR00615,TIGR00631,TIGR00634,TIGR00635,TIGR00643,TIGR00663,TIGR00717,TIGR00755,TIGR00922,TIGR00959,TIGR00963,TIGR00967,TIGR01009,TIGR01011,TIGR01017,TIGR01021,TIGR01029,TIGR01032,TIGR01039,TIGR01044,TIGR01059,TIGR01063,TIGR01066,TIGR01071,TIGR01079,TIGR01082,TIGR01087,TIGR01128,TIGR01146,TIGR01164,TIGR01169,TIGR01171,TIGR01302,TIGR01391,TIGR01393,TIGR01394,TIGR01510,TIGR01632,TIGR01951,TIGR01953,TIGR02012,TIGR02013,TIGR02027,TIGR02075,TIGR02191,TIGR02273,TIGR02350,TIGR02386,TIGR02397,TIGR02432,TIGR02729,TIGR03263,TIGR03594,TIGR03625,TIGR03632,TIGR03654,TIGR03723,TIGR03725,TIGR03953	TIGR00382,TIGR00928		TIGR00810,TIGR00964
GCA_043086545.1_genome	116	2	0	2	PF00380.20,PF00410.20,PF00466.21,PF01025.20,PF02576.18,PF03726.15,TIGR00006,TIGR00019,TIGR00020,TIGR00029,TIGR00043,TIGR00054,TIGR00059,TIGR00061,TIGR00064,TIGR00065,TIGR00082,TIGR00083,TIGR00084,TIGR00086,TIGR00088,TIGR00090,TIGR00092,TIGR00095,TIGR00115,TIGR00116,TIGR00138,TIGR00158,TIGR00166,TIGR00168,TIGR00186,TIGR00194,TIGR00250,TIGR00337,TIGR00344,TIGR00362,TIGR00392,TIGR00396,TIGR00398,TIGR00414,TIGR00416,TIGR00420,TIGR00431,TIGR00435,TIGR00436,TIGR00442,TIGR00445,TIGR00456,TIGR00459,TIGR00460,TIGR00468,TIGR00472,TIGR00487,TIGR00496,TIGR00539,TIGR00580,TIGR00593,TIGR00615,TIGR00631,TIGR00634,TIGR00635,TIGR00643,TIGR00663,TIGR00717,TIGR00755,TIGR00922,TIGR00959,TIGR00963,TIGR00967,TIGR01009,TIGR01011,TIGR01017,TIGR01021,TIGR01029,TIGR01032,TIGR01039,TIGR01044,TIGR01059,TIGR01063,TIGR01066,TIGR01071,TIGR01079,TIGR01082,TIGR01087,TIGR01128,TIGR01146,TIGR01164,TIGR01169,TIGR01171,TIGR01302,TIGR01391,TIGR01393,TIGR01394,TIGR01510,TIGR01632,TIGR01951,TIGR01953,TIGR02012,TIGR02013,TIGR02027,TIGR02075,TIGR02191,TIGR02273,TIGR02350,TIGR02386,TIGR02397,TIGR02432,TIGR02729,TIGR03263,TIGR03594,TIGR03625,TIGR03632,TIGR03654,TIGR03723,TIGR03725,TIGR03953	TIGR00382,TIGR00928		TIGR00810,TIGR00964
GCA_043086565.1_genome	116	2	0	2	PF00380.20,PF00410.20,PF00466.21,PF01025.20,PF02576.18,PF03726.15,TIGR00006,TIGR00019,TIGR00020,TIGR00029,TIGR00043,TIGR00054,TIGR00059,TIGR00061,TIGR00064,TIGR00065,TIGR00082,TIGR00083,TIGR00084,TIGR00086,TIGR00088,TIGR00090,TIGR00092,TIGR00095,TIGR00115,TIGR00116,TIGR00138,TIGR00158,TIGR00166,TIGR00168,TIGR00186,TIGR00194,TIGR00250,TIGR00337,TIGR00344,TIGR00362,TIGR00392,TIGR00396,TIGR00398,TIGR00414,TIGR00416,TIGR00420,TIGR00431,TIGR00435,TIGR00436,TIGR00442,TIGR00445,TIGR00456,TIGR00459,TIGR00460,TIGR00468,TIGR00472,TIGR00487,TIGR00496,TIGR00539,TIGR00580,TIGR00593,TIGR00615,TIGR00631,TIGR00634,TIGR00635,TIGR00643,TIGR00663,TIGR00717,TIGR00755,TIGR00922,TIGR00959,TIGR00963,TIGR00967,TIGR01009,TIGR01011,TIGR01017,TIGR01021,TIGR01029,TIGR01032,TIGR01039,TIGR01044,TIGR01059,TIGR01063,TIGR01066,TIGR01071,TIGR01079,TIGR01082,TIGR01087,TIGR01128,TIGR01146,TIGR01164,TIGR01169,TIGR01171,TIGR01302,TIGR01391,TIGR01393,TIGR01394,TIGR01510,TIGR01632,TIGR01951,TIGR01953,TIGR02012,TIGR02013,TIGR02027,TIGR02075,TIGR02191,TIGR02273,TIGR02350,TIGR02386,TIGR02397,TIGR02432,TIGR02729,TIGR03263,TIGR03594,TIGR03625,TIGR03632,TIGR03654,TIGR03723,TIGR03725,TIGR03953	TIGR00382,TIGR00928		TIGR00810,TIGR00964
GCA_043086575.1_genome	116	2	0	2	PF00380.20,PF00410.20,PF00466.21,PF01025.20,PF02576.18,PF03726.15,TIGR00006,TIGR00019,TIGR00020,TIGR00029,TIGR00043,TIGR00054,TIGR00059,TIGR00061,TIGR00064,TIGR00065,TIGR00082,TIGR00083,TIGR00084,TIGR00086,TIGR00088,TIGR00090,TIGR00092,TIGR00095,TIGR00115,TIGR00116,TIGR00138,TIGR00158,TIGR00166,TIGR00168,TIGR00186,TIGR00194,TIGR00250,TIGR00337,TIGR00344,TIGR00362,TIGR00392,TIGR00396,TIGR00398,TIGR00414,TIGR00416,TIGR00420,TIGR00431,TIGR00435,TIGR00436,TIGR00442,TIGR00445,TIGR00456,TIGR00459,TIGR00460,TIGR00468,TIGR00472,TIGR00487,TIGR00496,TIGR00539,TIGR00580,TIGR00593,TIGR00615,TIGR00631,TIGR00634,TIGR00635,TIGR00643,TIGR00663,TIGR00717,TIGR00755,TIGR00922,TIGR00959,TIGR00963,TIGR00967,TIGR01009,TIGR01011,TIGR01017,TIGR01021,TIGR01029,TIGR01032,TIGR01039,TIGR01044,TIGR01059,TIGR01063,TIGR01066,TIGR01071,TIGR01079,TIGR01082,TIGR01087,TIGR01128,TIGR01146,TIGR01164,TIGR01169,TIGR01171,TIGR01302,TIGR01391,TIGR01393,TIGR01394,TIGR01510,TIGR01632,TIGR01951,TIGR01953,TIGR02012,TIGR02013,TIGR02027,TIGR02075,TIGR02191,TIGR02273,TIGR02350,TIGR02386,TIGR02397,TIGR02432,TIGR02729,TIGR03263,TIGR03594,TIGR03625,TIGR03632,TIGR03654,TIGR03723,TIGR03725,TIGR03953	TIGR00382,TIGR00928		TIGR00810,TIGR00964
GCA_043086605.1_genome	116	2	0	2	PF00380.20,PF00410.20,PF00466.21,PF01025.20,PF02576.18,PF03726.15,TIGR00006,TIGR00019,TIGR00020,TIGR00029,TIGR00043,TIGR00054,TIGR00059,TIGR00061,TIGR00064,TIGR00065,TIGR00082,TIGR00083,TIGR00084,TIGR00086,TIGR00088,TIGR00090,TIGR00092,TIGR00095,TIGR00115,TIGR00116,TIGR00138,TIGR00158,TIGR00166,TIGR00168,TIGR00186,TIGR00194,TIGR00250,TIGR00337,TIGR00344,TIGR00362,TIGR00392,TIGR00396,TIGR00398,TIGR00414,TIGR00416,TIGR00420,TIGR00431,TIGR00435,TIGR00436,TIGR00442,TIGR00445,TIGR00456,TIGR00459,TIGR00460,TIGR00468,TIGR00472,TIGR00487,TIGR00496,TIGR00539,TIGR00580,TIGR00593,TIGR00615,TIGR00631,TIGR00634,TIGR00635,TIGR00643,TIGR00663,TIGR00717,TIGR00755,TIGR00922,TIGR00959,TIGR00963,TIGR00967,TIGR01009,TIGR01011,TIGR01017,TIGR01021,TIGR01029,TIGR01032,TIGR01039,TIGR01044,TIGR01059,TIGR01063,TIGR01066,TIGR01071,TIGR01079,TIGR01082,TIGR01087,TIGR01128,TIGR01146,TIGR01164,TIGR01169,TIGR01171,TIGR01302,TIGR01391,TIGR01393,TIGR01394,TIGR01510,TIGR01632,TIGR01951,TIGR01953,TIGR02012,TIGR02013,TIGR02027,TIGR02075,TIGR02191,TIGR02273,TIGR02350,TIGR02386,TIGR02397,TIGR02432,TIGR02729,TIGR03263,TIGR03594,TIGR03625,TIGR03632,TIGR03654,TIGR03723,TIGR03725,TIGR03953	TIGR00382,TIGR00928		TIGR00810,TIGR00964
GCA_043086625.1_genome	116	2	0	2	PF00380.20,PF00410.20,PF00466.21,PF01025.20,PF02576.18,PF03726.15,TIGR00006,TIGR00019,TIGR00020,TIGR00029,TIGR00043,TIGR00054,TIGR00059,TIGR00061,TIGR00064,TIGR00065,TIGR00082,TIGR00083,TIGR00084,TIGR00086,TIGR00088,TIGR00090,TIGR00092,TIGR00095,TIGR00115,TIGR00116,TIGR00138,TIGR00158,TIGR00166,TIGR00168,TIGR00186,TIGR00194,TIGR00250,TIGR00337,TIGR00344,TIGR00362,TIGR00392,TIGR00396,TIGR00398,TIGR00414,TIGR00416,TIGR00420,TIGR00431,TIGR00435,TIGR00436,TIGR00442,TIGR00445,TIGR00456,TIGR00459,TIGR00460,TIGR00468,TIGR00472,TIGR00487,TIGR00496,TIGR00539,TIGR00580,TIGR00593,TIGR00615,TIGR00631,TIGR00634,TIGR00635,TIGR00643,TIGR00663,TIGR00717,TIGR00755,TIGR00922,TIGR00959,TIGR00963,TIGR00967,TIGR01009,TIGR01011,TIGR01017,TIGR01021,TIGR01029,TIGR01032,TIGR01039,TIGR01044,TIGR01059,TIGR01063,TIGR01066,TIGR01071,TIGR01079,TIGR01082,TIGR01087,TIGR01128,TIGR01146,TIGR01164,TIGR01169,TIGR01171,TIGR01302,TIGR01391,TIGR01393,TIGR01394,TIGR01510,TIGR01632,TIGR01951,TIGR01953,TIGR02012,TIGR02013,TIGR02027,TIGR02075,TIGR02191,TIGR02273,TIGR02350,TIGR02386,TIGR02397,TIGR02432,TIGR02729,TIGR03263,TIGR03594,TIGR03625,TIGR03632,TIGR03654,TIGR03723,TIGR03725,TIGR03953	TIGR00382,TIGR00928		TIGR00810,TIGR00964
GCA_043086785.1_genome	116	2	0	2	PF00380.20,PF00410.20,PF00466.21,PF01025.20,PF02576.18,PF03726.15,TIGR00006,TIGR00019,TIGR00020,TIGR00029,TIGR00043,TIGR00054,TIGR00059,TIGR00061,TIGR00064,TIGR00065,TIGR00082,TIGR00083,TIGR00084,TIGR00086,TIGR00088,TIGR00090,TIGR00092,TIGR00095,TIGR00115,TIGR00116,TIGR00138,TIGR00158,TIGR00166,TIGR00168,TIGR00186,TIGR00194,TIGR00250,TIGR00337,TIGR00344,TIGR00362,TIGR00392,TIGR00396,TIGR00398,TIGR00414,TIGR00416,TIGR00420,TIGR00431,TIGR00435,TIGR00436,TIGR00442,TIGR00445,TIGR00456,TIGR00459,TIGR00460,TIGR00468,TIGR00472,TIGR00487,TIGR00496,TIGR00539,TIGR00580,TIGR00593,TIGR00615,TIGR00631,TIGR00634,TIGR00635,TIGR00643,TIGR00663,TIGR00717,TIGR00755,TIGR00922,TIGR00959,TIGR00963,TIGR00967,TIGR01009,TIGR01011,TIGR01017,TIGR01021,TIGR01029,TIGR01032,TIGR01039,TIGR01044,TIGR01059,TIGR01063,TIGR01066,TIGR01071,TIGR01079,TIGR01082,TIGR01087,TIGR01128,TIGR01146,TIGR01164,TIGR01169,TIGR01171,TIGR01302,TIGR01391,TIGR01393,TIGR01394,TIGR01510,TIGR01632,TIGR01951,TIGR01953,TIGR02012,TIGR02013,TIGR02027,TIGR02075,TIGR02191,TIGR02273,TIGR02350,TIGR02386,TIGR02397,TIGR02432,TIGR02729,TIGR03263,TIGR03594,TIGR03625,TIGR03632,TIGR03654,TIGR03723,TIGR03725,TIGR03953	TIGR00382,TIGR00928		TIGR00810,TIGR00964
GCA_044930265.1_genome	116	2	0	2	PF00380.20,PF00410.20,PF00466.21,PF01025.20,PF02576.18,PF03726.15,TIGR00006,TIGR00019,TIGR00020,TIGR00029,TIGR00043,TIGR00054,TIGR00059,TIGR00061,TIGR00064,TIGR00065,TIGR00082,TIGR00083,TIGR00084,TIGR00086,TIGR00088,TIGR00090,TIGR00092,TIGR00095,TIGR00115,TIGR00116,TIGR00138,TIGR00158,TIGR00166,TIGR00168,TIGR00186,TIGR00194,TIGR00250,TIGR00337,TIGR00344,TIGR00362,TIGR00392,TIGR00396,TIGR00398,TIGR00414,TIGR00416,TIGR00420,TIGR00431,TIGR00435,TIGR00436,TIGR00442,TIGR00445,TIGR00456,TIGR00459,TIGR00460,TIGR00468,TIGR00472,TIGR00487,TIGR00496,TIGR00539,TIGR00580,TIGR00593,TIGR00615,TIGR00631,TIGR00634,TIGR00635,TIGR00643,TIGR00663,TIGR00717,TIGR00755,TIGR00922,TIGR00959,TIGR00963,TIGR00967,TIGR01009,TIGR01011,TIGR01017,TIGR01021,TIGR01029,TIGR01032,TIGR01039,TIGR01044,TIGR01059,TIGR01063,TIGR01066,TIGR01071,TIGR01079,TIGR01082,TIGR01087,TIGR01128,TIGR01146,TIGR01164,TIGR01169,TIGR01171,TIGR01302,TIGR01391,TIGR01393,TIGR01394,TIGR01510,TIGR01632,TIGR01951,TIGR01953,TIGR02012,TIGR02013,TIGR02027,TIGR02075,TIGR02191,TIGR02273,TIGR02350,TIGR02386,TIGR02397,TIGR02432,TIGR02729,TIGR03263,TIGR03594,TIGR03625,TIGR03632,TIGR03654,TIGR03723,TIGR03725,TIGR03953	TIGR00382,TIGR00928		TIGR00810,TIGR00964
GCA_044930285.1_genome	116	2	0	2	PF00380.20,PF00410.20,PF00466.21,PF01025.20,PF02576.18,PF03726.15,TIGR00006,TIGR00019,TIGR00020,TIGR00029,TIGR00043,TIGR00054,TIGR00059,TIGR00061,TIGR00064,TIGR00065,TIGR00082,TIGR00083,TIGR00084,TIGR00086,TIGR00088,TIGR00090,TIGR00092,TIGR00095,TIGR00115,TIGR00116,TIGR00138,TIGR00158,TIGR00166,TIGR00168,TIGR00186,TIGR00194,TIGR00250,TIGR00337,TIGR00344,TIGR00362,TIGR00392,TIGR00396,TIGR00398,TIGR00414,TIGR00416,TIGR00420,TIGR00431,TIGR00435,TIGR00436,TIGR00442,TIGR00445,TIGR00456,TIGR00459,TIGR00460,TIGR00468,TIGR00472,TIGR00487,TIGR00496,TIGR00539,TIGR00580,TIGR00593,TIGR00615,TIGR00631,TIGR00634,TIGR00635,TIGR00643,TIGR00663,TIGR00717,TIGR00755,TIGR00922,TIGR00959,TIGR00963,TIGR00967,TIGR01009,TIGR01011,TIGR01017,TIGR01021,TIGR01029,TIGR01032,TIGR01039,TIGR01044,TIGR01059,TIGR01063,TIGR01066,TIGR01071,TIGR01079,TIGR01082,TIGR01087,TIGR01128,TIGR01146,TIGR01164,TIGR01169,TIGR01171,TIGR01302,TIGR01391,TIGR01393,TIGR01394,TIGR01510,TIGR01632,TIGR01951,TIGR01953,TIGR02012,TIGR02013,TIGR02027,TIGR02075,TIGR02191,TIGR02273,TIGR02350,TIGR02386,TIGR02397,TIGR02432,TIGR02729,TIGR03263,TIGR03594,TIGR03625,TIGR03632,TIGR03654,TIGR03723,TIGR03725,TIGR03953	TIGR00382,TIGR00928		TIGR00810,TIGR00964
GCA_044930305.1_genome	115	3	0	2	PF00380.20,PF00410.20,PF00466.21,PF01025.20,PF02576.18,PF03726.15,TIGR00006,TIGR00019,TIGR00020,TIGR00029,TIGR00043,TIGR00054,TIGR00059,TIGR00061,TIGR00064,TIGR00065,TIGR00082,TIGR00083,TIGR00084,TIGR00086,TIGR00088,TIGR00090,TIGR00092,TIGR00095,TIGR00115,TIGR00116,TIGR00138,TIGR00158,TIGR00166,TIGR00168,TIGR00186,TIGR00194,TIGR00250,TIGR00337,TIGR00344,TIGR00362,TIGR00392,TIGR00396,TIGR00398,TIGR00414,TIGR00416,TIGR00420,TIGR00431,TIGR00435,TIGR00436,TIGR00442,TIGR00445,TIGR00456,TIGR00459,TIGR00460,TIGR00468,TIGR00472,TIGR00487,TIGR00496,TIGR00539,TIGR00580,TIGR00593,TIGR00615,TIGR00634,TIGR00635,TIGR00643,TIGR00663,TIGR00717,TIGR00755,TIGR00922,TIGR00959,TIGR00963,TIGR00967,TIGR01009,TIGR01011,TIGR01017,TIGR01021,TIGR01029,TIGR01032,TIGR01039,TIGR01044,TIGR01059,TIGR01063,TIGR01066,TIGR01071,TIGR01079,TIGR01082,TIGR01087,TIGR01128,TIGR01146,TIGR01164,TIGR01169,TIGR01171,TIGR01302,TIGR01391,TIGR01393,TIGR01394,TIGR01510,TIGR01632,TIGR01951,TIGR01953,TIGR02012,TIGR02013,TIGR02027,TIGR02075,TIGR02191,TIGR02273,TIGR02350,TIGR02386,TIGR02397,TIGR02432,TIGR02729,TIGR03263,TIGR03594,TIGR03625,TIGR03632,TIGR03654,TIGR03723,TIGR03725,TIGR03953	TIGR00382,TIGR00631,TIGR00928		TIGR00810,TIGR00964
GCA_044930325.1_genome	116	2	0	2	PF00380.20,PF00410.20,PF00466.21,PF01025.20,PF02576.18,PF03726.15,TIGR00006,TIGR00019,TIGR00020,TIGR00029,TIGR00043,TIGR00054,TIGR00059,TIGR00061,TIGR00064,TIGR00065,TIGR00082,TIGR00083,TIGR00084,TIGR00086,TIGR00088,TIGR00090,TIGR00092,TIGR00095,TIGR00115,TIGR00116,TIGR00138,TIGR00158,TIGR00166,TIGR00168,TIGR00186,TIGR00194,TIGR00250,TIGR00337,TIGR00344,TIGR00362,TIGR00392,TIGR00396,TIGR00398,TIGR00414,TIGR00416,TIGR00420,TIGR00431,TIGR00435,TIGR00436,TIGR00442,TIGR00445,TIGR00456,TIGR00459,TIGR00460,TIGR00468,TIGR00472,TIGR00487,TIGR00496,TIGR00539,TIGR00580,TIGR00593,TIGR00615,TIGR00631,TIGR00634,TIGR00635,TIGR00643,TIGR00663,TIGR00717,TIGR00755,TIGR00922,TIGR00959,TIGR00963,TIGR00967,TIGR01009,TIGR01011,TIGR01017,TIGR01021,TIGR01029,TIGR01032,TIGR01039,TIGR01044,TIGR01059,TIGR01063,TIGR01066,TIGR01071,TIGR01079,TIGR01082,TIGR01087,TIGR01128,TIGR01146,TIGR01164,TIGR01169,TIGR01171,TIGR01302,TIGR01391,TIGR01393,TIGR01394,TIGR01510,TIGR01632,TIGR01951,TIGR01953,TIGR02012,TIGR02013,TIGR02027,TIGR02075,TIGR02191,TIGR02273,TIGR02350,TIGR02386,TIGR02397,TIGR02432,TIGR02729,TIGR03263,TIGR03594,TIGR03625,TIGR03632,TIGR03654,TIGR03723,TIGR03725,TIGR03953	TIGR00382,TIGR00928		TIGR00810,TIGR00964
GCA_044930345.1_genome	116	2	0	2	PF00380.20,PF00410.20,PF00466.21,PF01025.20,PF02576.18,PF03726.15,TIGR00006,TIGR00019,TIGR00020,TIGR00029,TIGR00043,TIGR00054,TIGR00059,TIGR00061,TIGR00064,TIGR00065,TIGR00082,TIGR00083,TIGR00084,TIGR00086,TIGR00088,TIGR00090,TIGR00092,TIGR00095,TIGR00115,TIGR00116,TIGR00138,TIGR00158,TIGR00166,TIGR00168,TIGR00186,TIGR00194,TIGR00250,TIGR00337,TIGR00344,TIGR00362,TIGR00392,TIGR00396,TIGR00398,TIGR00414,TIGR00416,TIGR00420,TIGR00431,TIGR00435,TIGR00436,TIGR00442,TIGR00445,TIGR00456,TIGR00459,TIGR00460,TIGR00468,TIGR00472,TIGR00487,TIGR00496,TIGR00539,TIGR00580,TIGR00593,TIGR00615,TIGR00631,TIGR00634,TIGR00635,TIGR00643,TIGR00663,TIGR00717,TIGR00755,TIGR00922,TIGR00959,TIGR00963,TIGR00967,TIGR01009,TIGR01011,TIGR01017,TIGR01021,TIGR01029,TIGR01032,TIGR01039,TIGR01044,TIGR01059,TIGR01063,TIGR01066,TIGR01071,TIGR01079,TIGR01082,TIGR01087,TIGR01128,TIGR01146,TIGR01164,TIGR01169,TIGR01171,TIGR01302,TIGR01391,TIGR01393,TIGR01394,TIGR01510,TIGR01632,TIGR01951,TIGR01953,TIGR02012,TIGR02013,TIGR02027,TIGR02075,TIGR02191,TIGR02273,TIGR02350,TIGR02386,TIGR02397,TIGR02432,TIGR02729,TIGR03263,TIGR03594,TIGR03625,TIGR03632,TIGR03654,TIGR03723,TIGR03725,TIGR03953	TIGR00382,TIGR00928		TIGR00810,TIGR00964
GCA_044930365.1_genome	116	2	0	2	PF00380.20,PF00410.20,PF00466.21,PF01025.20,PF02576.18,PF03726.15,TIGR00006,TIGR00019,TIGR00020,TIGR00029,TIGR00043,TIGR00054,TIGR00059,TIGR00061,TIGR00064,TIGR00065,TIGR00082,TIGR00083,TIGR00084,TIGR00086,TIGR00088,TIGR00090,TIGR00092,TIGR00095,TIGR00115,TIGR00116,TIGR00138,TIGR00158,TIGR00166,TIGR00168,TIGR00186,TIGR00194,TIGR00250,TIGR00337,TIGR00344,TIGR00362,TIGR00392,TIGR00396,TIGR00398,TIGR00414,TIGR00416,TIGR00420,TIGR00431,TIGR00435,TIGR00436,TIGR00442,TIGR00445,TIGR00456,TIGR00459,TIGR00460,TIGR00468,TIGR00472,TIGR00487,TIGR00496,TIGR00539,TIGR00580,TIGR00593,TIGR00615,TIGR00631,TIGR00634,TIGR00635,TIGR00643,TIGR00663,TIGR00717,TIGR00755,TIGR00922,TIGR00959,TIGR00963,TIGR00967,TIGR01009,TIGR01011,TIGR01017,TIGR01021,TIGR01029,TIGR01032,TIGR01039,TIGR01044,TIGR01059,TIGR01063,TIGR01066,TIGR01071,TIGR01079,TIGR01082,TIGR01087,TIGR01128,TIGR01146,TIGR01164,TIGR01169,TIGR01171,TIGR01302,TIGR01391,TIGR01393,TIGR01394,TIGR01510,TIGR01632,TIGR01951,TIGR01953,TIGR02012,TIGR02013,TIGR02027,TIGR02075,TIGR02191,TIGR02273,TIGR02350,TIGR02386,TIGR02397,TIGR02432,TIGR02729,TIGR03263,TIGR03594,TIGR03625,TIGR03632,TIGR03654,TIGR03723,TIGR03725,TIGR03953	TIGR00382,TIGR00928		TIGR00810,TIGR00964
GCA_044930385.1_genome	116	2	0	2	PF00380.20,PF00410.20,PF00466.21,PF01025.20,PF02576.18,PF03726.15,TIGR00006,TIGR00019,TIGR00020,TIGR00029,TIGR00043,TIGR00054,TIGR00059,TIGR00061,TIGR00064,TIGR00065,TIGR00082,TIGR00083,TIGR00084,TIGR00086,TIGR00088,TIGR00090,TIGR00092,TIGR00095,TIGR00115,TIGR00116,TIGR00138,TIGR00158,TIGR00166,TIGR00168,TIGR00186,TIGR00194,TIGR00250,TIGR00337,TIGR00344,TIGR00362,TIGR00392,TIGR00396,TIGR00398,TIGR00414,TIGR00416,TIGR00420,TIGR00431,TIGR00435,TIGR00436,TIGR00442,TIGR00445,TIGR00456,TIGR00459,TIGR00460,TIGR00468,TIGR00472,TIGR00487,TIGR00496,TIGR00539,TIGR00580,TIGR00593,TIGR00615,TIGR00631,TIGR00634,TIGR00635,TIGR00643,TIGR00663,TIGR00717,TIGR00755,TIGR00922,TIGR00959,TIGR00963,TIGR00967,TIGR01009,TIGR01011,TIGR01017,TIGR01021,TIGR01029,TIGR01032,TIGR01039,TIGR01044,TIGR01059,TIGR01063,TIGR01066,TIGR01071,TIGR01079,TIGR01082,TIGR01087,TIGR01128,TIGR01146,TIGR01164,TIGR01169,TIGR01171,TIGR01302,TIGR01391,TIGR01393,TIGR01394,TIGR01510,TIGR01632,TIGR01951,TIGR01953,TIGR02012,TIGR02013,TIGR02027,TIGR02075,TIGR02191,TIGR02273,TIGR02350,TIGR02386,TIGR02397,TIGR02432,TIGR02729,TIGR03263,TIGR03594,TIGR03625,TIGR03632,TIGR03654,TIGR03723,TIGR03725,TIGR03953	TIGR00382,TIGR00928		TIGR00810,TIGR00964
GCA_044930405.1_genome	116	2	0	2	PF00380.20,PF00410.20,PF00466.21,PF01025.20,PF02576.18,PF03726.15,TIGR00006,TIGR00019,TIGR00020,TIGR00029,TIGR00043,TIGR00054,TIGR00059,TIGR00061,TIGR00064,TIGR00065,TIGR00082,TIGR00083,TIGR00084,TIGR00086,TIGR00088,TIGR00090,TIGR00092,TIGR00095,TIGR00115,TIGR00116,TIGR00138,TIGR00158,TIGR00166,TIGR00168,TIGR00186,TIGR00194,TIGR00250,TIGR00337,TIGR00344,TIGR00362,TIGR00392,TIGR00396,TIGR00398,TIGR00414,TIGR00416,TIGR00420,TIGR00431,TIGR00435,TIGR00436,TIGR00442,TIGR00445,TIGR00456,TIGR00459,TIGR00460,TIGR00468,TIGR00472,TIGR00487,TIGR00496,TIGR00539,TIGR00580,TIGR00593,TIGR00615,TIGR00631,TIGR00634,TIGR00635,TIGR00643,TIGR00663,TIGR00717,TIGR00755,TIGR00922,TIGR00959,TIGR00963,TIGR00967,TIGR01009,TIGR01011,TIGR01017,TIGR01021,TIGR01029,TIGR01032,TIGR01039,TIGR01044,TIGR01059,TIGR01063,TIGR01066,TIGR01071,TIGR01079,TIGR01082,TIGR01087,TIGR01128,TIGR01146,TIGR01164,TIGR01169,TIGR01171,TIGR01302,TIGR01391,TIGR01393,TIGR01394,TIGR01510,TIGR01632,TIGR01951,TIGR01953,TIGR02012,TIGR02013,TIGR02027,TIGR02075,TIGR02191,TIGR02273,TIGR02350,TIGR02386,TIGR02397,TIGR02432,TIGR02729,TIGR03263,TIGR03594,TIGR03625,TIGR03632,TIGR03654,TIGR03723,TIGR03725,TIGR03953	TIGR00382,TIGR00928		TIGR00810,TIGR00964
GCA_044957805.1_genome	115	3	0	2	PF00380.20,PF00410.20,PF00466.21,PF01025.20,PF02576.18,PF03726.15,TIGR00006,TIGR00019,TIGR00020,TIGR00029,TIGR00043,TIGR00054,TIGR00059,TIGR00061,TIGR00064,TIGR00065,TIGR00082,TIGR00083,TIGR00084,TIGR00086,TIGR00088,TIGR00090,TIGR00092,TIGR00095,TIGR00115,TIGR00116,TIGR00138,TIGR00158,TIGR00166,TIGR00168,TIGR00186,TIGR00194,TIGR00250,TIGR00337,TIGR00344,TIGR00362,TIGR00392,TIGR00396,TIGR00398,TIGR00414,TIGR00416,TIGR00420,TIGR00431,TIGR00435,TIGR00436,TIGR00442,TIGR00445,TIGR00456,TIGR00459,TIGR00460,TIGR00468,TIGR00472,TIGR00487,TIGR00496,TIGR00539,TIGR00580,TIGR00593,TIGR00615,TIGR00634,TIGR00635,TIGR00643,TIGR00663,TIGR00717,TIGR00755,TIGR00922,TIGR00959,TIGR00963,TIGR00967,TIGR01009,TIGR01011,TIGR01017,TIGR01021,TIGR01029,TIGR01032,TIGR01039,TIGR01044,TIGR01059,TIGR01063,TIGR01066,TIGR01071,TIGR01079,TIGR01082,TIGR01087,TIGR01128,TIGR01146,TIGR01164,TIGR01169,TIGR01171,TIGR01302,TIGR01391,TIGR01393,TIGR01394,TIGR01510,TIGR01632,TIGR01951,TIGR01953,TIGR02012,TIGR02013,TIGR02027,TIGR02075,TIGR02191,TIGR02273,TIGR02350,TIGR02386,TIGR02397,TIGR02432,TIGR02729,TIGR03263,TIGR03594,TIGR03625,TIGR03632,TIGR03654,TIGR03723,TIGR03725,TIGR03953	TIGR00382,TIGR00631,TIGR00928		TIGR00810,TIGR00964
GCA_045490505.1_genome	111	2	5	2	PF00380.20,PF00410.20,PF00466.21,PF01025.20,PF02576.18,PF03726.15,TIGR00006,TIGR00019,TIGR00020,TIGR00043,TIGR00054,TIGR00059,TIGR00064,TIGR00065,TIGR00082,TIGR00084,TIGR00086,TIGR00088,TIGR00090,TIGR00092,TIGR00095,TIGR00115,TIGR00116,TIGR00138,TIGR00158,TIGR00166,TIGR00168,TIGR00186,TIGR00194,TIGR00250,TIGR00337,TIGR00344,TIGR00362,TIGR00396,TIGR00398,TIGR00414,TIGR00416,TIGR00420,TIGR00431,TIGR00435,TIGR00436,TIGR00442,TIGR00445,TIGR00456,TIGR00459,TIGR00460,TIGR00468,TIGR00472,TIGR00487,TIGR00496,TIGR00539,TIGR00580,TIGR00593,TIGR00615,TIGR00631,TIGR00634,TIGR00635,TIGR00643,TIGR00663,TIGR00717,TIGR00755,TIGR00922,TIGR00959,TIGR00963,TIGR00967,TIGR01009,TIGR01011,TIGR01017,TIGR01021,TIGR01029,TIGR01032,TIGR01039,TIGR01044,TIGR01059,TIGR01063,TIGR01066,TIGR01071,TIGR01079,TIGR01082,TIGR01087,TIGR01128,TIGR01146,TIGR01164,TIGR01169,TIGR01171,TIGR01302,TIGR01391,TIGR01393,TIGR01394,TIGR01510,TIGR01632,TIGR01951,TIGR01953,TIGR02012,TIGR02013,TIGR02027,TIGR02075,TIGR02191,TIGR02273,TIGR02350,TIGR02386,TIGR02397,TIGR02432,TIGR03263,TIGR03594,TIGR03625,TIGR03632,TIGR03654,TIGR03723,TIGR03725,TIGR03953	TIGR00382,TIGR00928	TIGR00029,TIGR00061,TIGR00083,TIGR00392,TIGR02729	TIGR00810,TIGR00964
GCA_045898655.1_genome	115	2	0	3	PF00380.20,PF00410.20,PF00466.21,PF01025.20,PF02576.18,PF03726.15,TIGR00006,TIGR00019,TIGR00020,TIGR00029,TIGR00043,TIGR00054,TIGR00059,TIGR00061,TIGR00064,TIGR00065,TIGR00082,TIGR00083,TIGR00084,TIGR00086,TIGR00088,TIGR00090,TIGR00092,TIGR00095,TIGR00115,TIGR00116,TIGR00138,TIGR00158,TIGR00166,TIGR00168,TIGR00186,TIGR00194,TIGR00250,TIGR00337,TIGR00344,TIGR00362,TIGR00392,TIGR00396,TIGR00398,TIGR00414,TIGR00416,TIGR00420,TIGR00431,TIGR00435,TIGR00436,TIGR00442,TIGR00445,TIGR00456,TIGR00459,TIGR00468,TIGR00472,TIGR00487,TIGR00496,TIGR00539,TIGR00580,TIGR00593,TIGR00615,TIGR00631,TIGR00634,TIGR00635,TIGR00643,TIGR00663,TIGR00717,TIGR00755,TIGR00922,TIGR00959,TIGR00963,TIGR00967,TIGR01009,TIGR01011,TIGR01017,TIGR01021,TIGR01029,TIGR01032,TIGR01039,TIGR01044,TIGR01059,TIGR01063,TIGR01066,TIGR01071,TIGR01079,TIGR01082,TIGR01087,TIGR01128,TIGR01146,TIGR01164,TIGR01169,TIGR01171,TIGR01302,TIGR01391,TIGR01393,TIGR01394,TIGR01510,TIGR01632,TIGR01951,TIGR01953,TIGR02012,TIGR02013,TIGR02027,TIGR02075,TIGR02191,TIGR02273,TIGR02350,TIGR02386,TIGR02397,TIGR02432,TIGR02729,TIGR03263,TIGR03594,TIGR03625,TIGR03632,TIGR03654,TIGR03723,TIGR03725,TIGR03953	TIGR00382,TIGR00928		TIGR00460,TIGR00810,TIGR00964
GCA_045898835.1_genome	115	2	0	3	PF00380.20,PF00410.20,PF00466.21,PF01025.20,PF02576.18,PF03726.15,TIGR00006,TIGR00019,TIGR00020,TIGR00029,TIGR00043,TIGR00054,TIGR00059,TIGR00061,TIGR00064,TIGR00065,TIGR00082,TIGR00083,TIGR00084,TIGR00086,TIGR00088,TIGR00090,TIGR00092,TIGR00095,TIGR00115,TIGR00116,TIGR00138,TIGR00158,TIGR00166,TIGR00168,TIGR00186,TIGR00194,TIGR00250,TIGR00337,TIGR00344,TIGR00362,TIGR00392,TIGR00396,TIGR00398,TIGR00414,TIGR00416,TIGR00420,TIGR00431,TIGR00435,TIGR00436,TIGR00442,TIGR00445,TIGR00456,TIGR00459,TIGR00468,TIGR00472,TIGR00487,TIGR00496,TIGR00539,TIGR00580,TIGR00593,TIGR00615,TIGR00631,TIGR00634,TIGR00635,TIGR00643,TIGR00663,TIGR00717,TIGR00755,TIGR00922,TIGR00959,TIGR00963,TIGR00967,TIGR01009,TIGR01011,TIGR01017,TIGR01021,TIGR01029,TIGR01032,TIGR01039,TIGR01044,TIGR01059,TIGR01063,TIGR01066,TIGR01071,TIGR01079,TIGR01082,TIGR01087,TIGR01128,TIGR01146,TIGR01164,TIGR01169,TIGR01171,TIGR01302,TIGR01391,TIGR01393,TIGR01394,TIGR01510,TIGR01632,TIGR01951,TIGR01953,TIGR02012,TIGR02013,TIGR02027,TIGR02075,TIGR02191,TIGR02273,TIGR02350,TIGR02386,TIGR02397,TIGR02432,TIGR02729,TIGR03263,TIGR03594,TIGR03625,TIGR03632,TIGR03654,TIGR03723,TIGR03725,TIGR03953	TIGR00382,TIGR00928		TIGR00460,TIGR00810,TIGR00964
GCA_045898935.1_genome	116	2	0	2	PF00380.20,PF00410.20,PF00466.21,PF01025.20,PF02576.18,PF03726.15,TIGR00006,TIGR00019,TIGR00020,TIGR00029,TIGR00043,TIGR00054,TIGR00059,TIGR00061,TIGR00064,TIGR00065,TIGR00082,TIGR00083,TIGR00084,TIGR00086,TIGR00088,TIGR00090,TIGR00092,TIGR00095,TIGR00115,TIGR00116,TIGR00138,TIGR00158,TIGR00166,TIGR00168,TIGR00186,TIGR00194,TIGR00250,TIGR00337,TIGR00344,TIGR00362,TIGR00392,TIGR00396,TIGR00398,TIGR00414,TIGR00416,TIGR00420,TIGR00431,TIGR00435,TIGR00436,TIGR00442,TIGR00445,TIGR00456,TIGR00459,TIGR00460,TIGR00468,TIGR00472,TIGR00487,TIGR00496,TIGR00539,TIGR00580,TIGR00593,TIGR00615,TIGR00631,TIGR00634,TIGR00635,TIGR00643,TIGR00663,TIGR00717,TIGR00755,TIGR00922,TIGR00959,TIGR00963,TIGR00967,TIGR01009,TIGR01011,TIGR01017,TIGR01021,TIGR01029,TIGR01032,TIGR01039,TIGR01044,TIGR01059,TIGR01063,TIGR01066,TIGR01071,TIGR01079,TIGR01082,TIGR01087,TIGR01128,TIGR01146,TIGR01164,TIGR01169,TIGR01171,TIGR01302,TIGR01391,TIGR01393,TIGR01394,TIGR01510,TIGR01632,TIGR01951,TIGR01953,TIGR02012,TIGR02013,TIGR02027,TIGR02075,TIGR02191,TIGR02273,TIGR02350,TIGR02386,TIGR02397,TIGR02432,TIGR02729,TIGR03263,TIGR03594,TIGR03625,TIGR03632,TIGR03654,TIGR03723,TIGR03725,TIGR03953	TIGR00382,TIGR00928		TIGR00810,TIGR00964
GCA_045900495.1_genome	116	2	0	2	PF00380.20,PF00410.20,PF00466.21,PF01025.20,PF02576.18,PF03726.15,TIGR00006,TIGR00019,TIGR00020,TIGR00029,TIGR00043,TIGR00054,TIGR00059,TIGR00061,TIGR00064,TIGR00065,TIGR00082,TIGR00083,TIGR00084,TIGR00086,TIGR00088,TIGR00090,TIGR00092,TIGR00095,TIGR00115,TIGR00116,TIGR00138,TIGR00158,TIGR00166,TIGR00168,TIGR00186,TIGR00194,TIGR00250,TIGR00337,TIGR00344,TIGR00362,TIGR00392,TIGR00396,TIGR00398,TIGR00414,TIGR00416,TIGR00420,TIGR00431,TIGR00435,TIGR00436,TIGR00442,TIGR00445,TIGR00456,TIGR00459,TIGR00460,TIGR00468,TIGR00472,TIGR00487,TIGR00496,TIGR00539,TIGR00580,TIGR00593,TIGR00615,TIGR00631,TIGR00634,TIGR00635,TIGR00643,TIGR00663,TIGR00717,TIGR00755,TIGR00922,TIGR00959,TIGR00963,TIGR00967,TIGR01009,TIGR01011,TIGR01017,TIGR01021,TIGR01029,TIGR01032,TIGR01039,TIGR01044,TIGR01059,TIGR01063,TIGR01066,TIGR01071,TIGR01079,TIGR01082,TIGR01087,TIGR01128,TIGR01146,TIGR01164,TIGR01169,TIGR01171,TIGR01302,TIGR01391,TIGR01393,TIGR01394,TIGR01510,TIGR01632,TIGR01951,TIGR01953,TIGR02012,TIGR02013,TIGR02027,TIGR02075,TIGR02191,TIGR02273,TIGR02350,TIGR02386,TIGR02397,TIGR02432,TIGR02729,TIGR03263,TIGR03594,TIGR03625,TIGR03632,TIGR03654,TIGR03723,TIGR03725,TIGR03953	TIGR00382,TIGR00928		TIGR00810,TIGR00964
GCA_045900535.1_genome	115	2	0	3	PF00380.20,PF00410.20,PF00466.21,PF01025.20,PF02576.18,PF03726.15,TIGR00006,TIGR00019,TIGR00020,TIGR00029,TIGR00043,TIGR00054,TIGR00059,TIGR00061,TIGR00064,TIGR00065,TIGR00082,TIGR00083,TIGR00084,TIGR00086,TIGR00088,TIGR00090,TIGR00092,TIGR00095,TIGR00115,TIGR00116,TIGR00138,TIGR00158,TIGR00166,TIGR00168,TIGR00186,TIGR00194,TIGR00250,TIGR00337,TIGR00344,TIGR00362,TIGR00392,TIGR00396,TIGR00398,TIGR00414,TIGR00416,TIGR00420,TIGR00431,TIGR00435,TIGR00436,TIGR00442,TIGR00445,TIGR00456,TIGR00459,TIGR00468,TIGR00472,TIGR00487,TIGR00496,TIGR00539,TIGR00580,TIGR00593,TIGR00615,TIGR00631,TIGR00634,TIGR00635,TIGR00643,TIGR00663,TIGR00717,TIGR00755,TIGR00922,TIGR00959,TIGR00963,TIGR00967,TIGR01009,TIGR01011,TIGR01017,TIGR01021,TIGR01029,TIGR01032,TIGR01039,TIGR01044,TIGR01059,TIGR01063,TIGR01066,TIGR01071,TIGR01079,TIGR01082,TIGR01087,TIGR01128,TIGR01146,TIGR01164,TIGR01169,TIGR01171,TIGR01302,TIGR01391,TIGR01393,TIGR01394,TIGR01510,TIGR01632,TIGR01951,TIGR01953,TIGR02012,TIGR02013,TIGR02027,TIGR02075,TIGR02191,TIGR02273,TIGR02350,TIGR02386,TIGR02397,TIGR02432,TIGR02729,TIGR03263,TIGR03594,TIGR03625,TIGR03632,TIGR03654,TIGR03723,TIGR03725,TIGR03953	TIGR00382,TIGR00928		TIGR00460,TIGR00810,TIGR00964
GCA_045902355.1_genome	115	2	0	3	PF00380.20,PF00410.20,PF00466.21,PF01025.20,PF02576.18,PF03726.15,TIGR00006,TIGR00019,TIGR00020,TIGR00029,TIGR00043,TIGR00054,TIGR00059,TIGR00061,TIGR00064,TIGR00065,TIGR00082,TIGR00083,TIGR00084,TIGR00086,TIGR00088,TIGR00090,TIGR00092,TIGR00095,TIGR00115,TIGR00116,TIGR00138,TIGR00158,TIGR00166,TIGR00168,TIGR00186,TIGR00194,TIGR00250,TIGR00337,TIGR00344,TIGR00362,TIGR00392,TIGR00396,TIGR00398,TIGR00414,TIGR00416,TIGR00420,TIGR00431,TIGR00435,TIGR00436,TIGR00442,TIGR00445,TIGR00456,TIGR00459,TIGR00468,TIGR00472,TIGR00487,TIGR00496,TIGR00539,TIGR00580,TIGR00593,TIGR00615,TIGR00631,TIGR00634,TIGR00635,TIGR00643,TIGR00663,TIGR00717,TIGR00755,TIGR00922,TIGR00959,TIGR00963,TIGR00967,TIGR01009,TIGR01011,TIGR01017,TIGR01021,TIGR01029,TIGR01032,TIGR01039,TIGR01044,TIGR01059,TIGR01063,TIGR01066,TIGR01071,TIGR01079,TIGR01082,TIGR01087,TIGR01128,TIGR01146,TIGR01164,TIGR01169,TIGR01171,TIGR01302,TIGR01391,TIGR01393,TIGR01394,TIGR01510,TIGR01632,TIGR01951,TIGR01953,TIGR02012,TIGR02013,TIGR02027,TIGR02075,TIGR02191,TIGR02273,TIGR02350,TIGR02386,TIGR02397,TIGR02432,TIGR02729,TIGR03263,TIGR03594,TIGR03625,TIGR03632,TIGR03654,TIGR03723,TIGR03725,TIGR03953	TIGR00382,TIGR00928		TIGR00460,TIGR00810,TIGR00964
GCA_046561175.1_genome	117	2	0	1	PF00380.20,PF00410.20,PF00466.21,PF01025.20,PF02576.18,PF03726.15,TIGR00006,TIGR00019,TIGR00020,TIGR00029,TIGR00043,TIGR00054,TIGR00059,TIGR00061,TIGR00064,TIGR00065,TIGR00082,TIGR00083,TIGR00084,TIGR00086,TIGR00088,TIGR00090,TIGR00092,TIGR00095,TIGR00115,TIGR00116,TIGR00138,TIGR00158,TIGR00166,TIGR00168,TIGR00186,TIGR00194,TIGR00250,TIGR00337,TIGR00344,TIGR00362,TIGR00392,TIGR00396,TIGR00398,TIGR00414,TIGR00416,TIGR00420,TIGR00431,TIGR00435,TIGR00436,TIGR00442,TIGR00445,TIGR00456,TIGR00459,TIGR00460,TIGR00468,TIGR00472,TIGR00487,TIGR00496,TIGR00539,TIGR00580,TIGR00593,TIGR00615,TIGR00631,TIGR00634,TIGR00635,TIGR00643,TIGR00663,TIGR00717,TIGR00755,TIGR00922,TIGR00959,TIGR00963,TIGR00964,TIGR00967,TIGR01009,TIGR01011,TIGR01017,TIGR01021,TIGR01029,TIGR01032,TIGR01039,TIGR01044,TIGR01059,TIGR01063,TIGR01066,TIGR01071,TIGR01079,TIGR01082,TIGR01087,TIGR01128,TIGR01146,TIGR01164,TIGR01169,TIGR01171,TIGR01302,TIGR01391,TIGR01393,TIGR01394,TIGR01510,TIGR01632,TIGR01951,TIGR01953,TIGR02012,TIGR02013,TIGR02027,TIGR02075,TIGR02191,TIGR02273,TIGR02350,TIGR02386,TIGR02397,TIGR02432,TIGR02729,TIGR03263,TIGR03594,TIGR03625,TIGR03632,TIGR03654,TIGR03723,TIGR03725,TIGR03953	TIGR00382,TIGR00928		TIGR00810
GCA_046561455.1_genome	117	2	0	1	PF00380.20,PF00410.20,PF00466.21,PF01025.20,PF02576.18,PF03726.15,TIGR00006,TIGR00019,TIGR00020,TIGR00029,TIGR00043,TIGR00054,TIGR00059,TIGR00061,TIGR00064,TIGR00065,TIGR00082,TIGR00083,TIGR00084,TIGR00086,TIGR00088,TIGR00090,TIGR00092,TIGR00095,TIGR00115,TIGR00116,TIGR00138,TIGR00158,TIGR00166,TIGR00168,TIGR00186,TIGR00194,TIGR00250,TIGR00337,TIGR00344,TIGR00362,TIGR00392,TIGR00396,TIGR00398,TIGR00414,TIGR00416,TIGR00420,TIGR00431,TIGR00435,TIGR00436,TIGR00442,TIGR00445,TIGR00456,TIGR00459,TIGR00460,TIGR00468,TIGR00472,TIGR00487,TIGR00496,TIGR00539,TIGR00580,TIGR00593,TIGR00615,TIGR00631,TIGR00634,TIGR00635,TIGR00643,TIGR00663,TIGR00717,TIGR00755,TIGR00922,TIGR00959,TIGR00963,TIGR00964,TIGR00967,TIGR01009,TIGR01011,TIGR01017,TIGR01021,TIGR01029,TIGR01032,TIGR01039,TIGR01044,TIGR01059,TIGR01063,TIGR01066,TIGR01071,TIGR01079,TIGR01082,TIGR01087,TIGR01128,TIGR01146,TIGR01164,TIGR01169,TIGR01171,TIGR01302,TIGR01391,TIGR01393,TIGR01394,TIGR01510,TIGR01632,TIGR01951,TIGR01953,TIGR02012,TIGR02013,TIGR02027,TIGR02075,TIGR02191,TIGR02273,TIGR02350,TIGR02386,TIGR02397,TIGR02432,TIGR02729,TIGR03263,TIGR03594,TIGR03625,TIGR03632,TIGR03654,TIGR03723,TIGR03725,TIGR03953	TIGR00382,TIGR00928		TIGR00810
GCA_046565265.1_genome	116	2	0	2	PF00380.20,PF00410.20,PF00466.21,PF01025.20,PF02576.18,PF03726.15,TIGR00006,TIGR00019,TIGR00020,TIGR00029,TIGR00043,TIGR00054,TIGR00059,TIGR00061,TIGR00064,TIGR00065,TIGR00082,TIGR00083,TIGR00084,TIGR00086,TIGR00088,TIGR00090,TIGR00092,TIGR00095,TIGR00115,TIGR00116,TIGR00138,TIGR00158,TIGR00166,TIGR00168,TIGR00186,TIGR00194,TIGR00250,TIGR00337,TIGR00344,TIGR00362,TIGR00392,TIGR00396,TIGR00398,TIGR00414,TIGR00416,TIGR00420,TIGR00431,TIGR00435,TIGR00436,TIGR00442,TIGR00445,TIGR00456,TIGR00459,TIGR00460,TIGR00468,TIGR00472,TIGR00487,TIGR00496,TIGR00539,TIGR00580,TIGR00593,TIGR00615,TIGR00631,TIGR00634,TIGR00635,TIGR00643,TIGR00663,TIGR00717,TIGR00755,TIGR00922,TIGR00959,TIGR00963,TIGR00967,TIGR01009,TIGR01011,TIGR01017,TIGR01021,TIGR01029,TIGR01032,TIGR01039,TIGR01044,TIGR01059,TIGR01063,TIGR01066,TIGR01071,TIGR01079,TIGR01082,TIGR01087,TIGR01128,TIGR01146,TIGR01164,TIGR01169,TIGR01171,TIGR01302,TIGR01391,TIGR01393,TIGR01394,TIGR01510,TIGR01632,TIGR01951,TIGR01953,TIGR02012,TIGR02013,TIGR02027,TIGR02075,TIGR02191,TIGR02273,TIGR02350,TIGR02386,TIGR02397,TIGR02432,TIGR02729,TIGR03263,TIGR03594,TIGR03625,TIGR03632,TIGR03654,TIGR03723,TIGR03725,TIGR03953	TIGR00382,TIGR00928		TIGR00810,TIGR00964
GCA_048593205.1_genome	116	2	0	2	PF00380.20,PF00410.20,PF00466.21,PF01025.20,PF02576.18,PF03726.15,TIGR00006,TIGR00019,TIGR00020,TIGR00029,TIGR00043,TIGR00054,TIGR00059,TIGR00061,TIGR00064,TIGR00065,TIGR00082,TIGR00083,TIGR00084,TIGR00086,TIGR00088,TIGR00090,TIGR00092,TIGR00095,TIGR00115,TIGR00116,TIGR00138,TIGR00158,TIGR00166,TIGR00168,TIGR00186,TIGR00194,TIGR00250,TIGR00337,TIGR00344,TIGR00362,TIGR00392,TIGR00396,TIGR00398,TIGR00414,TIGR00416,TIGR00420,TIGR00431,TIGR00435,TIGR00436,TIGR00442,TIGR00445,TIGR00456,TIGR00459,TIGR00460,TIGR00468,TIGR00472,TIGR00487,TIGR00496,TIGR00539,TIGR00580,TIGR00593,TIGR00615,TIGR00631,TIGR00634,TIGR00635,TIGR00643,TIGR00663,TIGR00717,TIGR00755,TIGR00922,TIGR00959,TIGR00963,TIGR00967,TIGR01009,TIGR01011,TIGR01017,TIGR01021,TIGR01029,TIGR01032,TIGR01039,TIGR01044,TIGR01059,TIGR01063,TIGR01066,TIGR01071,TIGR01079,TIGR01082,TIGR01087,TIGR01128,TIGR01146,TIGR01164,TIGR01169,TIGR01171,TIGR01302,TIGR01391,TIGR01393,TIGR01394,TIGR01510,TIGR01632,TIGR01951,TIGR01953,TIGR02012,TIGR02013,TIGR02027,TIGR02075,TIGR02191,TIGR02273,TIGR02350,TIGR02386,TIGR02397,TIGR02432,TIGR02729,TIGR03263,TIGR03594,TIGR03625,TIGR03632,TIGR03654,TIGR03723,TIGR03725,TIGR03953	TIGR00382,TIGR00928		TIGR00810,TIGR00964
GCA_051347255.1_genome	116	2	0	2	PF00380.20,PF00410.20,PF00466.21,PF01025.20,PF02576.18,PF03726.15,TIGR00006,TIGR00019,TIGR00020,TIGR00029,TIGR00043,TIGR00054,TIGR00059,TIGR00061,TIGR00064,TIGR00065,TIGR00082,TIGR00083,TIGR00084,TIGR00086,TIGR00088,TIGR00090,TIGR00092,TIGR00095,TIGR00115,TIGR00116,TIGR00138,TIGR00158,TIGR00166,TIGR00168,TIGR00186,TIGR00194,TIGR00250,TIGR00337,TIGR00344,TIGR00362,TIGR00392,TIGR00396,TIGR00398,TIGR00414,TIGR00416,TIGR00420,TIGR00431,TIGR00435,TIGR00436,TIGR00442,TIGR00445,TIGR00456,TIGR00459,TIGR00460,TIGR00468,TIGR00472,TIGR00487,TIGR00496,TIGR00539,TIGR00580,TIGR00593,TIGR00615,TIGR00631,TIGR00634,TIGR00635,TIGR00643,TIGR00663,TIGR00717,TIGR00755,TIGR00922,TIGR00959,TIGR00963,TIGR00967,TIGR01009,TIGR01011,TIGR01017,TIGR01021,TIGR01029,TIGR01032,TIGR01039,TIGR01044,TIGR01059,TIGR01063,TIGR01066,TIGR01071,TIGR01079,TIGR01082,TIGR01087,TIGR01128,TIGR01146,TIGR01164,TIGR01169,TIGR01171,TIGR01302,TIGR01391,TIGR01393,TIGR01394,TIGR01510,TIGR01632,TIGR01951,TIGR01953,TIGR02012,TIGR02013,TIGR02027,TIGR02075,TIGR02191,TIGR02273,TIGR02350,TIGR02386,TIGR02397,TIGR02432,TIGR02729,TIGR03263,TIGR03594,TIGR03625,TIGR03632,TIGR03654,TIGR03723,TIGR03725,TIGR03953	TIGR00382,TIGR00928		TIGR00810,TIGR00964
GCA_051347385.1_genome	111	2	5	2	PF00380.20,PF00410.20,PF00466.21,PF01025.20,PF02576.18,PF03726.15,TIGR00006,TIGR00019,TIGR00020,TIGR00043,TIGR00054,TIGR00059,TIGR00064,TIGR00065,TIGR00082,TIGR00084,TIGR00086,TIGR00088,TIGR00090,TIGR00092,TIGR00095,TIGR00115,TIGR00116,TIGR00138,TIGR00158,TIGR00166,TIGR00168,TIGR00186,TIGR00194,TIGR00250,TIGR00337,TIGR00344,TIGR00362,TIGR00396,TIGR00398,TIGR00414,TIGR00416,TIGR00420,TIGR00431,TIGR00435,TIGR00436,TIGR00442,TIGR00445,TIGR00456,TIGR00459,TIGR00460,TIGR00468,TIGR00472,TIGR00487,TIGR00496,TIGR00539,TIGR00580,TIGR00593,TIGR00615,TIGR00631,TIGR00634,TIGR00635,TIGR00643,TIGR00663,TIGR00717,TIGR00755,TIGR00922,TIGR00959,TIGR00963,TIGR00967,TIGR01009,TIGR01011,TIGR01017,TIGR01021,TIGR01029,TIGR01032,TIGR01039,TIGR01044,TIGR01059,TIGR01063,TIGR01066,TIGR01071,TIGR01079,TIGR01082,TIGR01087,TIGR01128,TIGR01146,TIGR01164,TIGR01169,TIGR01171,TIGR01302,TIGR01391,TIGR01393,TIGR01394,TIGR01510,TIGR01632,TIGR01951,TIGR01953,TIGR02012,TIGR02013,TIGR02027,TIGR02075,TIGR02191,TIGR02273,TIGR02350,TIGR02386,TIGR02397,TIGR02432,TIGR03263,TIGR03594,TIGR03625,TIGR03632,TIGR03654,TIGR03723,TIGR03725,TIGR03953	TIGR00382,TIGR00928	TIGR00029,TIGR00061,TIGR00083,TIGR00392,TIGR02729	TIGR00810,TIGR00964
GCA_051347405.1_genome	116	2	0	2	PF00380.20,PF00410.20,PF00466.21,PF01025.20,PF02576.18,PF03726.15,TIGR00006,TIGR00019,TIGR00020,TIGR00029,TIGR00043,TIGR00054,TIGR00059,TIGR00061,TIGR00064,TIGR00065,TIGR00082,TIGR00083,TIGR00084,TIGR00086,TIGR00088,TIGR00090,TIGR00092,TIGR00095,TIGR00115,TIGR00116,TIGR00138,TIGR00158,TIGR00166,TIGR00168,TIGR00186,TIGR00194,TIGR00250,TIGR00337,TIGR00344,TIGR00362,TIGR00392,TIGR00396,TIGR00398,TIGR00414,TIGR00416,TIGR00420,TIGR00431,TIGR00435,TIGR00436,TIGR00442,TIGR00445,TIGR00456,TIGR00459,TIGR00460,TIGR00468,TIGR00472,TIGR00487,TIGR00496,TIGR00539,TIGR00580,TIGR00593,TIGR00615,TIGR00631,TIGR00634,TIGR00635,TIGR00643,TIGR00663,TIGR00717,TIGR00755,TIGR00922,TIGR00959,TIGR00963,TIGR00967,TIGR01009,TIGR01011,TIGR01017,TIGR01021,TIGR01029,TIGR01032,TIGR01039,TIGR01044,TIGR01059,TIGR01063,TIGR01066,TIGR01071,TIGR01079,TIGR01082,TIGR01087,TIGR01128,TIGR01146,TIGR01164,TIGR01169,TIGR01171,TIGR01302,TIGR01391,TIGR01393,TIGR01394,TIGR01510,TIGR01632,TIGR01951,TIGR01953,TIGR02012,TIGR02013,TIGR02027,TIGR02075,TIGR02191,TIGR02273,TIGR02350,TIGR02386,TIGR02397,TIGR02432,TIGR02729,TIGR03263,TIGR03594,TIGR03625,TIGR03632,TIGR03654,TIGR03723,TIGR03725,TIGR03953	TIGR00382,TIGR00928		TIGR00810,TIGR00964
GCA_051347425.1_genome	110	2	5	3	PF00380.20,PF00410.20,PF00466.21,PF01025.20,PF02576.18,PF03726.15,TIGR00006,TIGR00019,TIGR00020,TIGR00043,TIGR00054,TIGR00059,TIGR00064,TIGR00065,TIGR00082,TIGR00084,TIGR00086,TIGR00088,TIGR00090,TIGR00092,TIGR00095,TIGR00115,TIGR00116,TIGR00138,TIGR00158,TIGR00166,TIGR00168,TIGR00186,TIGR00194,TIGR00250,TIGR00337,TIGR00344,TIGR00362,TIGR00396,TIGR00398,TIGR00414,TIGR00416,TIGR00420,TIGR00431,TIGR00435,TIGR00436,TIGR00442,TIGR00445,TIGR00456,TIGR00459,TIGR00468,TIGR00472,TIGR00487,TIGR00496,TIGR00539,TIGR00580,TIGR00593,TIGR00615,TIGR00631,TIGR00634,TIGR00635,TIGR00643,TIGR00663,TIGR00717,TIGR00755,TIGR00922,TIGR00959,TIGR00963,TIGR00967,TIGR01009,TIGR01011,TIGR01017,TIGR01021,TIGR01029,TIGR01032,TIGR01039,TIGR01044,TIGR01059,TIGR01063,TIGR01066,TIGR01071,TIGR01079,TIGR01082,TIGR01087,TIGR01128,TIGR01146,TIGR01164,TIGR01169,TIGR01171,TIGR01302,TIGR01391,TIGR01393,TIGR01394,TIGR01510,TIGR01632,TIGR01951,TIGR01953,TIGR02012,TIGR02013,TIGR02027,TIGR02075,TIGR02191,TIGR02273,TIGR02350,TIGR02386,TIGR02397,TIGR02432,TIGR03263,TIGR03594,TIGR03625,TIGR03632,TIGR03654,TIGR03723,TIGR03725,TIGR03953	TIGR00382,TIGR00928	TIGR00029,TIGR00061,TIGR00083,TIGR00392,TIGR02729	TIGR00460,TIGR00810,TIGR00964
GCA_051347435.1_genome	111	2	5	2	PF00380.20,PF00410.20,PF00466.21,PF01025.20,PF02576.18,PF03726.15,TIGR00006,TIGR00019,TIGR00020,TIGR00043,TIGR00054,TIGR00059,TIGR00064,TIGR00065,TIGR00082,TIGR00084,TIGR00086,TIGR00088,TIGR00090,TIGR00092,TIGR00095,TIGR00115,TIGR00116,TIGR00138,TIGR00158,TIGR00166,TIGR00168,TIGR00186,TIGR00194,TIGR00250,TIGR00337,TIGR00344,TIGR00362,TIGR00396,TIGR00398,TIGR00414,TIGR00416,TIGR00420,TIGR00431,TIGR00435,TIGR00436,TIGR00442,TIGR00445,TIGR00456,TIGR00459,TIGR00460,TIGR00468,TIGR00472,TIGR00487,TIGR00496,TIGR00539,TIGR00580,TIGR00593,TIGR00615,TIGR00631,TIGR00634,TIGR00635,TIGR00643,TIGR00663,TIGR00717,TIGR00755,TIGR00922,TIGR00959,TIGR00963,TIGR00967,TIGR01009,TIGR01011,TIGR01017,TIGR01021,TIGR01029,TIGR01032,TIGR01039,TIGR01044,TIGR01059,TIGR01063,TIGR01066,TIGR01071,TIGR01079,TIGR01082,TIGR01087,TIGR01128,TIGR01146,TIGR01164,TIGR01169,TIGR01171,TIGR01302,TIGR01391,TIGR01393,TIGR01394,TIGR01510,TIGR01632,TIGR01951,TIGR01953,TIGR02012,TIGR02013,TIGR02027,TIGR02075,TIGR02191,TIGR02273,TIGR02350,TIGR02386,TIGR02397,TIGR02432,TIGR03263,TIGR03594,TIGR03625,TIGR03632,TIGR03654,TIGR03723,TIGR03725,TIGR03953	TIGR00382,TIGR00928	TIGR00029,TIGR00061,TIGR00083,TIGR00392,TIGR02729	TIGR00810,TIGR00964
GCA_051347465.1_genome	116	2	0	2	PF00380.20,PF00410.20,PF00466.21,PF01025.20,PF02576.18,PF03726.15,TIGR00006,TIGR00019,TIGR00020,TIGR00029,TIGR00043,TIGR00054,TIGR00059,TIGR00061,TIGR00064,TIGR00065,TIGR00082,TIGR00083,TIGR00084,TIGR00086,TIGR00088,TIGR00090,TIGR00092,TIGR00095,TIGR00115,TIGR00116,TIGR00138,TIGR00158,TIGR00166,TIGR00168,TIGR00186,TIGR00194,TIGR00250,TIGR00337,TIGR00344,TIGR00362,TIGR00392,TIGR00396,TIGR00398,TIGR00414,TIGR00416,TIGR00420,TIGR00431,TIGR00435,TIGR00436,TIGR00442,TIGR00445,TIGR00456,TIGR00459,TIGR00460,TIGR00468,TIGR00472,TIGR00487,TIGR00496,TIGR00539,TIGR00580,TIGR00593,TIGR00615,TIGR00631,TIGR00634,TIGR00635,TIGR00643,TIGR00663,TIGR00717,TIGR00755,TIGR00922,TIGR00959,TIGR00963,TIGR00967,TIGR01009,TIGR01011,TIGR01017,TIGR01021,TIGR01029,TIGR01032,TIGR01039,TIGR01044,TIGR01059,TIGR01063,TIGR01066,TIGR01071,TIGR01079,TIGR01082,TIGR01087,TIGR01128,TIGR01146,TIGR01164,TIGR01169,TIGR01171,TIGR01302,TIGR01391,TIGR01393,TIGR01394,TIGR01510,TIGR01632,TIGR01951,TIGR01953,TIGR02012,TIGR02013,TIGR02027,TIGR02075,TIGR02191,TIGR02273,TIGR02350,TIGR02386,TIGR02397,TIGR02432,TIGR02729,TIGR03263,TIGR03594,TIGR03625,TIGR03632,TIGR03654,TIGR03723,TIGR03725,TIGR03953	TIGR00382,TIGR00928		TIGR00810,TIGR00964
GCA_051347485.1_genome	115	2	1	2	PF00380.20,PF00410.20,PF00466.21,PF01025.20,PF02576.18,PF03726.15,TIGR00006,TIGR00019,TIGR00020,TIGR00029,TIGR00043,TIGR00054,TIGR00059,TIGR00061,TIGR00064,TIGR00065,TIGR00082,TIGR00083,TIGR00084,TIGR00086,TIGR00088,TIGR00090,TIGR00092,TIGR00095,TIGR00115,TIGR00116,TIGR00138,TIGR00158,TIGR00166,TIGR00168,TIGR00186,TIGR00194,TIGR00250,TIGR00337,TIGR00344,TIGR00362,TIGR00392,TIGR00396,TIGR00398,TIGR00414,TIGR00416,TIGR00420,TIGR00431,TIGR00435,TIGR00436,TIGR00442,TIGR00445,TIGR00456,TIGR00459,TIGR00460,TIGR00468,TIGR00472,TIGR00487,TIGR00496,TIGR00539,TIGR00580,TIGR00593,TIGR00615,TIGR00631,TIGR00634,TIGR00635,TIGR00643,TIGR00663,TIGR00717,TIGR00755,TIGR00922,TIGR00959,TIGR00963,TIGR00967,TIGR01009,TIGR01011,TIGR01017,TIGR01021,TIGR01029,TIGR01032,TIGR01039,TIGR01044,TIGR01059,TIGR01063,TIGR01066,TIGR01071,TIGR01079,TIGR01082,TIGR01087,TIGR01128,TIGR01146,TIGR01164,TIGR01169,TIGR01171,TIGR01302,TIGR01391,TIGR01393,TIGR01394,TIGR01510,TIGR01632,TIGR01951,TIGR01953,TIGR02012,TIGR02013,TIGR02027,TIGR02075,TIGR02191,TIGR02273,TIGR02350,TIGR02386,TIGR02397,TIGR02432,TIGR02729,TIGR03263,TIGR03594,TIGR03625,TIGR03632,TIGR03654,TIGR03723,TIGR03953	TIGR00382,TIGR00928	TIGR03725	TIGR00810,TIGR00964
GCA_051347505.1_genome	115	2	0	3	PF00380.20,PF00410.20,PF00466.21,PF01025.20,PF02576.18,PF03726.15,TIGR00006,TIGR00019,TIGR00020,TIGR00029,TIGR00043,TIGR00054,TIGR00059,TIGR00061,TIGR00064,TIGR00065,TIGR00082,TIGR00083,TIGR00084,TIGR00086,TIGR00088,TIGR00090,TIGR00092,TIGR00095,TIGR00115,TIGR00116,TIGR00138,TIGR00158,TIGR00166,TIGR00168,TIGR00186,TIGR00194,TIGR00250,TIGR00337,TIGR00344,TIGR00362,TIGR00392,TIGR00396,TIGR00398,TIGR00414,TIGR00416,TIGR00420,TIGR00431,TIGR00435,TIGR00436,TIGR00442,TIGR00445,TIGR00456,TIGR00459,TIGR00468,TIGR00472,TIGR00487,TIGR00496,TIGR00539,TIGR00580,TIGR00593,TIGR00615,TIGR00631,TIGR00634,TIGR00635,TIGR00643,TIGR00663,TIGR00717,TIGR00755,TIGR00922,TIGR00959,TIGR00963,TIGR00967,TIGR01009,TIGR01011,TIGR01017,TIGR01021,TIGR01029,TIGR01032,TIGR01039,TIGR01044,TIGR01059,TIGR01063,TIGR01066,TIGR01071,TIGR01079,TIGR01082,TIGR01087,TIGR01128,TIGR01146,TIGR01164,TIGR01169,TIGR01171,TIGR01302,TIGR01391,TIGR01393,TIGR01394,TIGR01510,TIGR01632,TIGR01951,TIGR01953,TIGR02012,TIGR02013,TIGR02027,TIGR02075,TIGR02191,TIGR02273,TIGR02350,TIGR02386,TIGR02397,TIGR02432,TIGR02729,TIGR03263,TIGR03594,TIGR03625,TIGR03632,TIGR03654,TIGR03723,TIGR03725,TIGR03953	TIGR00382,TIGR00928		TIGR00460,TIGR00810,TIGR00964
GCA_051347525.1_genome	113	3	1	3	PF00380.20,PF00410.20,PF00466.21,PF01025.20,PF02576.18,PF03726.15,TIGR00006,TIGR00019,TIGR00020,TIGR00029,TIGR00043,TIGR00054,TIGR00059,TIGR00061,TIGR00064,TIGR00065,TIGR00082,TIGR00083,TIGR00084,TIGR00086,TIGR00088,TIGR00090,TIGR00092,TIGR00095,TIGR00115,TIGR00116,TIGR00138,TIGR00158,TIGR00166,TIGR00168,TIGR00186,TIGR00194,TIGR00250,TIGR00337,TIGR00344,TIGR00362,TIGR00392,TIGR00396,TIGR00398,TIGR00414,TIGR00416,TIGR00420,TIGR00431,TIGR00435,TIGR00436,TIGR00442,TIGR00445,TIGR00456,TIGR00459,TIGR00468,TIGR00472,TIGR00487,TIGR00496,TIGR00539,TIGR00580,TIGR00615,TIGR00634,TIGR00635,TIGR00643,TIGR00663,TIGR00717,TIGR00755,TIGR00922,TIGR00959,TIGR00963,TIGR00967,TIGR01009,TIGR01011,TIGR01017,TIGR01021,TIGR01029,TIGR01032,TIGR01039,TIGR01044,TIGR01059,TIGR01063,TIGR01066,TIGR01071,TIGR01079,TIGR01082,TIGR01087,TIGR01128,TIGR01146,TIGR01164,TIGR01169,TIGR01171,TIGR01302,TIGR01391,TIGR01393,TIGR01394,TIGR01510,TIGR01632,TIGR01951,TIGR01953,TIGR02012,TIGR02013,TIGR02027,TIGR02075,TIGR02191,TIGR02273,TIGR02350,TIGR02386,TIGR02397,TIGR02432,TIGR02729,TIGR03263,TIGR03594,TIGR03625,TIGR03632,TIGR03654,TIGR03723,TIGR03725,TIGR03953	TIGR00382,TIGR00631,TIGR00928	TIGR00593	TIGR00460,TIGR00810,TIGR00964
GCA_051347545.1_genome	116	2	0	2	PF00380.20,PF00410.20,PF00466.21,PF01025.20,PF02576.18,PF03726.15,TIGR00006,TIGR00019,TIGR00020,TIGR00029,TIGR00043,TIGR00054,TIGR00059,TIGR00061,TIGR00064,TIGR00065,TIGR00082,TIGR00083,TIGR00084,TIGR00086,TIGR00088,TIGR00090,TIGR00092,TIGR00095,TIGR00115,TIGR00116,TIGR00138,TIGR00158,TIGR00166,TIGR00168,TIGR00186,TIGR00194,TIGR00250,TIGR00337,TIGR00344,TIGR00362,TIGR00392,TIGR00396,TIGR00398,TIGR00414,TIGR00416,TIGR00420,TIGR00431,TIGR00435,TIGR00436,TIGR00442,TIGR00445,TIGR00456,TIGR00459,TIGR00460,TIGR00468,TIGR00472,TIGR00487,TIGR00496,TIGR00539,TIGR00580,TIGR00593,TIGR00615,TIGR00631,TIGR00634,TIGR00635,TIGR00643,TIGR00663,TIGR00717,TIGR00755,TIGR00922,TIGR00959,TIGR00963,TIGR00967,TIGR01009,TIGR01011,TIGR01017,TIGR01021,TIGR01029,TIGR01032,TIGR01039,TIGR01044,TIGR01059,TIGR01063,TIGR01066,TIGR01071,TIGR01079,TIGR01082,TIGR01087,TIGR01128,TIGR01146,TIGR01164,TIGR01169,TIGR01171,TIGR01302,TIGR01391,TIGR01393,TIGR01394,TIGR01510,TIGR01632,TIGR01951,TIGR01953,TIGR02012,TIGR02013,TIGR02027,TIGR02075,TIGR02191,TIGR02273,TIGR02350,TIGR02386,TIGR02397,TIGR02432,TIGR02729,TIGR03263,TIGR03594,TIGR03625,TIGR03632,TIGR03654,TIGR03723,TIGR03725,TIGR03953	TIGR00382,TIGR00928		TIGR00810,TIGR00964
GCA_051347555.1_genome	116	2	0	2	PF00380.20,PF00410.20,PF00466.21,PF01025.20,PF02576.18,PF03726.15,TIGR00006,TIGR00019,TIGR00020,TIGR00029,TIGR00043,TIGR00054,TIGR00059,TIGR00061,TIGR00064,TIGR00065,TIGR00082,TIGR00083,TIGR00084,TIGR00086,TIGR00088,TIGR00090,TIGR00092,TIGR00095,TIGR00115,TIGR00116,TIGR00138,TIGR00158,TIGR00166,TIGR00168,TIGR00186,TIGR00194,TIGR00250,TIGR00337,TIGR00344,TIGR00362,TIGR00392,TIGR00396,TIGR00398,TIGR00414,TIGR00416,TIGR00420,TIGR00431,TIGR00435,TIGR00436,TIGR00442,TIGR00445,TIGR00456,TIGR00459,TIGR00460,TIGR00468,TIGR00472,TIGR00487,TIGR00496,TIGR00539,TIGR00580,TIGR00593,TIGR00615,TIGR00631,TIGR00634,TIGR00635,TIGR00643,TIGR00663,TIGR00717,TIGR00755,TIGR00922,TIGR00959,TIGR00963,TIGR00967,TIGR01009,TIGR01011,TIGR01017,TIGR01021,TIGR01029,TIGR01032,TIGR01039,TIGR01044,TIGR01059,TIGR01063,TIGR01066,TIGR01071,TIGR01079,TIGR01082,TIGR01087,TIGR01128,TIGR01146,TIGR01164,TIGR01169,TIGR01171,TIGR01302,TIGR01391,TIGR01393,TIGR01394,TIGR01510,TIGR01632,TIGR01951,TIGR01953,TIGR02012,TIGR02013,TIGR02027,TIGR02075,TIGR02191,TIGR02273,TIGR02350,TIGR02386,TIGR02397,TIGR02432,TIGR02729,TIGR03263,TIGR03594,TIGR03625,TIGR03632,TIGR03654,TIGR03723,TIGR03725,TIGR03953	TIGR00382,TIGR00928		TIGR00810,TIGR00964
GCA_051347585.1_genome	115	2	0	3	PF00380.20,PF00410.20,PF00466.21,PF01025.20,PF02576.18,PF03726.15,TIGR00006,TIGR00019,TIGR00020,TIGR00029,TIGR00043,TIGR00054,TIGR00059,TIGR00061,TIGR00064,TIGR00065,TIGR00082,TIGR00083,TIGR00084,TIGR00086,TIGR00088,TIGR00090,TIGR00092,TIGR00095,TIGR00115,TIGR00116,TIGR00138,TIGR00158,TIGR00166,TIGR00168,TIGR00186,TIGR00194,TIGR00250,TIGR00337,TIGR00344,TIGR00362,TIGR00392,TIGR00396,TIGR00398,TIGR00414,TIGR00416,TIGR00420,TIGR00431,TIGR00435,TIGR00436,TIGR00442,TIGR00445,TIGR00456,TIGR00459,TIGR00468,TIGR00472,TIGR00487,TIGR00496,TIGR00539,TIGR00580,TIGR00593,TIGR00615,TIGR00631,TIGR00634,TIGR00635,TIGR00643,TIGR00663,TIGR00717,TIGR00755,TIGR00922,TIGR00959,TIGR00963,TIGR00967,TIGR01009,TIGR01011,TIGR01017,TIGR01021,TIGR01029,TIGR01032,TIGR01039,TIGR01044,TIGR01059,TIGR01063,TIGR01066,TIGR01071,TIGR01079,TIGR01082,TIGR01087,TIGR01128,TIGR01146,TIGR01164,TIGR01169,TIGR01171,TIGR01302,TIGR01391,TIGR01393,TIGR01394,TIGR01510,TIGR01632,TIGR01951,TIGR01953,TIGR02012,TIGR02013,TIGR02027,TIGR02075,TIGR02191,TIGR02273,TIGR02350,TIGR02386,TIGR02397,TIGR02432,TIGR02729,TIGR03263,TIGR03594,TIGR03625,TIGR03632,TIGR03654,TIGR03723,TIGR03725,TIGR03953	TIGR00382,TIGR00928		TIGR00460,TIGR00810,TIGR00964
GCA_051348445.1_genome	116	2	0	2	PF00380.20,PF00410.20,PF00466.21,PF01025.20,PF02576.18,PF03726.15,TIGR00006,TIGR00019,TIGR00020,TIGR00029,TIGR00043,TIGR00054,TIGR00059,TIGR00061,TIGR00064,TIGR00065,TIGR00082,TIGR00083,TIGR00084,TIGR00086,TIGR00088,TIGR00090,TIGR00092,TIGR00095,TIGR00115,TIGR00116,TIGR00138,TIGR00158,TIGR00166,TIGR00168,TIGR00186,TIGR00194,TIGR00250,TIGR00337,TIGR00344,TIGR00362,TIGR00392,TIGR00396,TIGR00398,TIGR00414,TIGR00416,TIGR00420,TIGR00431,TIGR00435,TIGR00436,TIGR00442,TIGR00445,TIGR00456,TIGR00459,TIGR00460,TIGR00468,TIGR00472,TIGR00487,TIGR00496,TIGR00539,TIGR00580,TIGR00593,TIGR00615,TIGR00631,TIGR00634,TIGR00635,TIGR00643,TIGR00663,TIGR00717,TIGR00755,TIGR00922,TIGR00959,TIGR00963,TIGR00967,TIGR01009,TIGR01011,TIGR01017,TIGR01021,TIGR01029,TIGR01032,TIGR01039,TIGR01044,TIGR01059,TIGR01063,TIGR01066,TIGR01071,TIGR01079,TIGR01082,TIGR01087,TIGR01128,TIGR01146,TIGR01164,TIGR01169,TIGR01171,TIGR01302,TIGR01391,TIGR01393,TIGR01394,TIGR01510,TIGR01632,TIGR01951,TIGR01953,TIGR02012,TIGR02013,TIGR02027,TIGR02075,TIGR02191,TIGR02273,TIGR02350,TIGR02386,TIGR02397,TIGR02432,TIGR02729,TIGR03263,TIGR03594,TIGR03625,TIGR03632,TIGR03654,TIGR03723,TIGR03725,TIGR03953	TIGR00382,TIGR00928		TIGR00810,TIGR00964
GCA_051349835.1_genome	115	2	0	3	PF00380.20,PF00410.20,PF00466.21,PF01025.20,PF02576.18,PF03726.15,TIGR00006,TIGR00019,TIGR00020,TIGR00029,TIGR00043,TIGR00054,TIGR00059,TIGR00061,TIGR00064,TIGR00065,TIGR00082,TIGR00083,TIGR00084,TIGR00086,TIGR00088,TIGR00090,TIGR00092,TIGR00095,TIGR00115,TIGR00116,TIGR00138,TIGR00158,TIGR00166,TIGR00168,TIGR00186,TIGR00194,TIGR00250,TIGR00337,TIGR00344,TIGR00362,TIGR00392,TIGR00396,TIGR00398,TIGR00414,TIGR00416,TIGR00420,TIGR00431,TIGR00435,TIGR00436,TIGR00442,TIGR00445,TIGR00456,TIGR00459,TIGR00468,TIGR00472,TIGR00487,TIGR00496,TIGR00539,TIGR00580,TIGR00593,TIGR00615,TIGR00631,TIGR00634,TIGR00635,TIGR00643,TIGR00663,TIGR00717,TIGR00755,TIGR00922,TIGR00959,TIGR00963,TIGR00967,TIGR01009,TIGR01011,TIGR01017,TIGR01021,TIGR01029,TIGR01032,TIGR01039,TIGR01044,TIGR01059,TIGR01063,TIGR01066,TIGR01071,TIGR01079,TIGR01082,TIGR01087,TIGR01128,TIGR01146,TIGR01164,TIGR01169,TIGR01171,TIGR01302,TIGR01391,TIGR01393,TIGR01394,TIGR01510,TIGR01632,TIGR01951,TIGR01953,TIGR02012,TIGR02013,TIGR02027,TIGR02075,TIGR02191,TIGR02273,TIGR02350,TIGR02386,TIGR02397,TIGR02432,TIGR02729,TIGR03263,TIGR03594,TIGR03625,TIGR03632,TIGR03654,TIGR03723,TIGR03725,TIGR03953	TIGR00382,TIGR00928		TIGR00460,TIGR00810,TIGR00964
GCA_051349855.1_genome	110	2	6	2	PF00380.20,PF00410.20,PF00466.21,PF01025.20,PF02576.18,PF03726.15,TIGR00006,TIGR00019,TIGR00020,TIGR00043,TIGR00054,TIGR00059,TIGR00064,TIGR00065,TIGR00082,TIGR00084,TIGR00086,TIGR00088,TIGR00090,TIGR00092,TIGR00095,TIGR00115,TIGR00116,TIGR00138,TIGR00158,TIGR00166,TIGR00168,TIGR00186,TIGR00194,TIGR00250,TIGR00337,TIGR00344,TIGR00362,TIGR00396,TIGR00398,TIGR00414,TIGR00416,TIGR00420,TIGR00431,TIGR00435,TIGR00436,TIGR00442,TIGR00445,TIGR00456,TIGR00459,TIGR00460,TIGR00468,TIGR00472,TIGR00487,TIGR00496,TIGR00539,TIGR00580,TIGR00593,TIGR00615,TIGR00631,TIGR00634,TIGR00635,TIGR00643,TIGR00663,TIGR00717,TIGR00755,TIGR00922,TIGR00959,TIGR00963,TIGR00967,TIGR01009,TIGR01011,TIGR01017,TIGR01021,TIGR01029,TIGR01032,TIGR01039,TIGR01044,TIGR01059,TIGR01063,TIGR01066,TIGR01071,TIGR01079,TIGR01082,TIGR01087,TIGR01128,TIGR01146,TIGR01164,TIGR01169,TIGR01171,TIGR01302,TIGR01391,TIGR01393,TIGR01394,TIGR01510,TIGR01632,TIGR01953,TIGR02012,TIGR02013,TIGR02027,TIGR02075,TIGR02191,TIGR02273,TIGR02350,TIGR02386,TIGR02397,TIGR02432,TIGR03263,TIGR03594,TIGR03625,TIGR03632,TIGR03654,TIGR03723,TIGR03725,TIGR03953	TIGR00382,TIGR00928	TIGR00029,TIGR00061,TIGR00083,TIGR00392,TIGR01951,TIGR02729	TIGR00810,TIGR00964
GCA_051349875.1_genome	116	2	0	2	PF00380.20,PF00410.20,PF00466.21,PF01025.20,PF02576.18,PF03726.15,TIGR00006,TIGR00019,TIGR00020,TIGR00029,TIGR00043,TIGR00054,TIGR00059,TIGR00061,TIGR00064,TIGR00065,TIGR00082,TIGR00083,TIGR00084,TIGR00086,TIGR00088,TIGR00090,TIGR00092,TIGR00095,TIGR00115,TIGR00116,TIGR00138,TIGR00158,TIGR00166,TIGR00168,TIGR00186,TIGR00194,TIGR00250,TIGR00337,TIGR00344,TIGR00362,TIGR00392,TIGR00396,TIGR00398,TIGR00414,TIGR00416,TIGR00420,TIGR00431,TIGR00435,TIGR00436,TIGR00442,TIGR00445,TIGR00456,TIGR00459,TIGR00460,TIGR00468,TIGR00472,TIGR00487,TIGR00496,TIGR00539,TIGR00580,TIGR00593,TIGR00615,TIGR00631,TIGR00634,TIGR00635,TIGR00643,TIGR00663,TIGR00717,TIGR00755,TIGR00922,TIGR00959,TIGR00963,TIGR00967,TIGR01009,TIGR01011,TIGR01017,TIGR01021,TIGR01029,TIGR01032,TIGR01039,TIGR01044,TIGR01059,TIGR01063,TIGR01066,TIGR01071,TIGR01079,TIGR01082,TIGR01087,TIGR01128,TIGR01146,TIGR01164,TIGR01169,TIGR01171,TIGR01302,TIGR01391,TIGR01393,TIGR01394,TIGR01510,TIGR01632,TIGR01951,TIGR01953,TIGR02012,TIGR02013,TIGR02027,TIGR02075,TIGR02191,TIGR02273,TIGR02350,TIGR02386,TIGR02397,TIGR02432,TIGR02729,TIGR03263,TIGR03594,TIGR03625,TIGR03632,TIGR03654,TIGR03723,TIGR03725,TIGR03953	TIGR00382,TIGR00928		TIGR00810,TIGR00964
GCA_051349895.1_genome	116	2	0	2	PF00380.20,PF00410.20,PF00466.21,PF01025.20,PF02576.18,PF03726.15,TIGR00006,TIGR00019,TIGR00020,TIGR00029,TIGR00043,TIGR00054,TIGR00059,TIGR00061,TIGR00064,TIGR00065,TIGR00082,TIGR00083,TIGR00084,TIGR00086,TIGR00088,TIGR00090,TIGR00092,TIGR00095,TIGR00115,TIGR00116,TIGR00138,TIGR00158,TIGR00166,TIGR00168,TIGR00186,TIGR00194,TIGR00250,TIGR00337,TIGR00344,TIGR00362,TIGR00392,TIGR00396,TIGR00398,TIGR00414,TIGR00416,TIGR00420,TIGR00431,TIGR00435,TIGR00436,TIGR00442,TIGR00445,TIGR00456,TIGR00459,TIGR00460,TIGR00468,TIGR00472,TIGR00487,TIGR00496,TIGR00539,TIGR00580,TIGR00593,TIGR00615,TIGR00631,TIGR00634,TIGR00635,TIGR00643,TIGR00663,TIGR00717,TIGR00755,TIGR00922,TIGR00959,TIGR00963,TIGR00967,TIGR01009,TIGR01011,TIGR01017,TIGR01021,TIGR01029,TIGR01032,TIGR01039,TIGR01044,TIGR01059,TIGR01063,TIGR01066,TIGR01071,TIGR01079,TIGR01082,TIGR01087,TIGR01128,TIGR01146,TIGR01164,TIGR01169,TIGR01171,TIGR01302,TIGR01391,TIGR01393,TIGR01394,TIGR01510,TIGR01632,TIGR01951,TIGR01953,TIGR02012,TIGR02013,TIGR02027,TIGR02075,TIGR02191,TIGR02273,TIGR02350,TIGR02386,TIGR02397,TIGR02432,TIGR02729,TIGR03263,TIGR03594,TIGR03625,TIGR03632,TIGR03654,TIGR03723,TIGR03725,TIGR03953	TIGR00382,TIGR00928		TIGR00810,TIGR00964
GCA_051350595.1_genome	111	2	5	2	PF00380.20,PF00410.20,PF00466.21,PF01025.20,PF02576.18,PF03726.15,TIGR00006,TIGR00019,TIGR00020,TIGR00043,TIGR00054,TIGR00059,TIGR00064,TIGR00065,TIGR00082,TIGR00084,TIGR00086,TIGR00088,TIGR00090,TIGR00092,TIGR00095,TIGR00115,TIGR00116,TIGR00138,TIGR00158,TIGR00166,TIGR00168,TIGR00186,TIGR00194,TIGR00250,TIGR00337,TIGR00344,TIGR00362,TIGR00396,TIGR00398,TIGR00414,TIGR00416,TIGR00420,TIGR00431,TIGR00435,TIGR00436,TIGR00442,TIGR00445,TIGR00456,TIGR00459,TIGR00460,TIGR00468,TIGR00472,TIGR00487,TIGR00496,TIGR00539,TIGR00580,TIGR00593,TIGR00615,TIGR00631,TIGR00634,TIGR00635,TIGR00643,TIGR00663,TIGR00717,TIGR00755,TIGR00922,TIGR00959,TIGR00963,TIGR00967,TIGR01009,TIGR01011,TIGR01017,TIGR01021,TIGR01029,TIGR01032,TIGR01039,TIGR01044,TIGR01059,TIGR01063,TIGR01066,TIGR01071,TIGR01079,TIGR01082,TIGR01087,TIGR01128,TIGR01146,TIGR01164,TIGR01169,TIGR01171,TIGR01302,TIGR01391,TIGR01393,TIGR01394,TIGR01510,TIGR01632,TIGR01951,TIGR01953,TIGR02012,TIGR02013,TIGR02027,TIGR02075,TIGR02191,TIGR02273,TIGR02350,TIGR02386,TIGR02397,TIGR02432,TIGR03263,TIGR03594,TIGR03625,TIGR03632,TIGR03654,TIGR03723,TIGR03725,TIGR03953	TIGR00382,TIGR00928	TIGR00029,TIGR00061,TIGR00083,TIGR00392,TIGR02729	TIGR00810,TIGR00964
GCA_051350615.1_genome	116	2	0	2	PF00380.20,PF00410.20,PF00466.21,PF01025.20,PF02576.18,PF03726.15,TIGR00006,TIGR00019,TIGR00020,TIGR00029,TIGR00043,TIGR00054,TIGR00059,TIGR00061,TIGR00064,TIGR00065,TIGR00082,TIGR00083,TIGR00084,TIGR00086,TIGR00088,TIGR00090,TIGR00092,TIGR00095,TIGR00115,TIGR00116,TIGR00138,TIGR00158,TIGR00166,TIGR00168,TIGR00186,TIGR00194,TIGR00250,TIGR00337,TIGR00344,TIGR00362,TIGR00392,TIGR00396,TIGR00398,TIGR00414,TIGR00416,TIGR00420,TIGR00431,TIGR00435,TIGR00436,TIGR00442,TIGR00445,TIGR00456,TIGR00459,TIGR00460,TIGR00468,TIGR00472,TIGR00487,TIGR00496,TIGR00539,TIGR00580,TIGR00593,TIGR00615,TIGR00631,TIGR00634,TIGR00635,TIGR00643,TIGR00663,TIGR00717,TIGR00755,TIGR00922,TIGR00959,TIGR00963,TIGR00967,TIGR01009,TIGR01011,TIGR01017,TIGR01021,TIGR01029,TIGR01032,TIGR01039,TIGR01044,TIGR01059,TIGR01063,TIGR01066,TIGR01071,TIGR01079,TIGR01082,TIGR01087,TIGR01128,TIGR01146,TIGR01164,TIGR01169,TIGR01171,TIGR01302,TIGR01391,TIGR01393,TIGR01394,TIGR01510,TIGR01632,TIGR01951,TIGR01953,TIGR02012,TIGR02013,TIGR02027,TIGR02075,TIGR02191,TIGR02273,TIGR02350,TIGR02386,TIGR02397,TIGR02432,TIGR02729,TIGR03263,TIGR03594,TIGR03625,TIGR03632,TIGR03654,TIGR03723,TIGR03725,TIGR03953	TIGR00382,TIGR00928		TIGR00810,TIGR00964
GCA_051350635.1_genome	114	3	1	2	PF00380.20,PF00410.20,PF00466.21,PF01025.20,PF02576.18,PF03726.15,TIGR00006,TIGR00019,TIGR00020,TIGR00029,TIGR00043,TIGR00054,TIGR00059,TIGR00061,TIGR00064,TIGR00065,TIGR00082,TIGR00083,TIGR00084,TIGR00086,TIGR00088,TIGR00090,TIGR00092,TIGR00095,TIGR00115,TIGR00116,TIGR00138,TIGR00158,TIGR00166,TIGR00168,TIGR00186,TIGR00194,TIGR00250,TIGR00337,TIGR00344,TIGR00362,TIGR00392,TIGR00396,TIGR00398,TIGR00414,TIGR00416,TIGR00420,TIGR00431,TIGR00435,TIGR00436,TIGR00442,TIGR00445,TIGR00456,TIGR00459,TIGR00460,TIGR00468,TIGR00472,TIGR00487,TIGR00496,TIGR00539,TIGR00580,TIGR00593,TIGR00615,TIGR00634,TIGR00635,TIGR00643,TIGR00663,TIGR00717,TIGR00755,TIGR00922,TIGR00959,TIGR00963,TIGR00967,TIGR01009,TIGR01011,TIGR01017,TIGR01021,TIGR01029,TIGR01032,TIGR01039,TIGR01044,TIGR01059,TIGR01063,TIGR01066,TIGR01071,TIGR01079,TIGR01082,TIGR01087,TIGR01128,TIGR01146,TIGR01164,TIGR01169,TIGR01171,TIGR01302,TIGR01391,TIGR01393,TIGR01394,TIGR01510,TIGR01632,TIGR01951,TIGR01953,TIGR02012,TIGR02013,TIGR02027,TIGR02075,TIGR02191,TIGR02273,TIGR02350,TIGR02386,TIGR02397,TIGR02432,TIGR02729,TIGR03263,TIGR03594,TIGR03625,TIGR03632,TIGR03654,TIGR03723,TIGR03953	TIGR00382,TIGR00631,TIGR00928	TIGR03725	TIGR00810,TIGR00964
GCA_051350655.1_genome	116	2	0	2	PF00380.20,PF00410.20,PF00466.21,PF01025.20,PF02576.18,PF03726.15,TIGR00006,TIGR00019,TIGR00020,TIGR00029,TIGR00043,TIGR00054,TIGR00059,TIGR00061,TIGR00064,TIGR00065,TIGR00082,TIGR00083,TIGR00084,TIGR00086,TIGR00088,TIGR00090,TIGR00092,TIGR00095,TIGR00115,TIGR00116,TIGR00138,TIGR00158,TIGR00166,TIGR00168,TIGR00186,TIGR00194,TIGR00250,TIGR00337,TIGR00344,TIGR00362,TIGR00392,TIGR00396,TIGR00398,TIGR00414,TIGR00416,TIGR00420,TIGR00431,TIGR00435,TIGR00436,TIGR00442,TIGR00445,TIGR00456,TIGR00459,TIGR00460,TIGR00468,TIGR00472,TIGR00487,TIGR00496,TIGR00539,TIGR00580,TIGR00593,TIGR00615,TIGR00631,TIGR00634,TIGR00635,TIGR00643,TIGR00663,TIGR00717,TIGR00755,TIGR00922,TIGR00959,TIGR00963,TIGR00967,TIGR01009,TIGR01011,TIGR01017,TIGR01021,TIGR01029,TIGR01032,TIGR01039,TIGR01044,TIGR01059,TIGR01063,TIGR01066,TIGR01071,TIGR01079,TIGR01082,TIGR01087,TIGR01128,TIGR01146,TIGR01164,TIGR01169,TIGR01171,TIGR01302,TIGR01391,TIGR01393,TIGR01394,TIGR01510,TIGR01632,TIGR01951,TIGR01953,TIGR02012,TIGR02013,TIGR02027,TIGR02075,TIGR02191,TIGR02273,TIGR02350,TIGR02386,TIGR02397,TIGR02432,TIGR02729,TIGR03263,TIGR03594,TIGR03625,TIGR03632,TIGR03654,TIGR03723,TIGR03725,TIGR03953	TIGR00382,TIGR00928		TIGR00810,TIGR00964
GCA_051350675.1_genome	116	2	0	2	PF00380.20,PF00410.20,PF00466.21,PF01025.20,PF02576.18,PF03726.15,TIGR00006,TIGR00019,TIGR00020,TIGR00029,TIGR00043,TIGR00054,TIGR00059,TIGR00061,TIGR00064,TIGR00065,TIGR00082,TIGR00083,TIGR00084,TIGR00086,TIGR00088,TIGR00090,TIGR00092,TIGR00095,TIGR00115,TIGR00116,TIGR00138,TIGR00158,TIGR00166,TIGR00168,TIGR00186,TIGR00194,TIGR00250,TIGR00337,TIGR00344,TIGR00362,TIGR00392,TIGR00396,TIGR00398,TIGR00414,TIGR00416,TIGR00420,TIGR00431,TIGR00435,TIGR00436,TIGR00442,TIGR00445,TIGR00456,TIGR00459,TIGR00460,TIGR00468,TIGR00472,TIGR00487,TIGR00496,TIGR00539,TIGR00580,TIGR00593,TIGR00615,TIGR00631,TIGR00634,TIGR00635,TIGR00643,TIGR00663,TIGR00717,TIGR00755,TIGR00922,TIGR00959,TIGR00963,TIGR00967,TIGR01009,TIGR01011,TIGR01017,TIGR01021,TIGR01029,TIGR01032,TIGR01039,TIGR01044,TIGR01059,TIGR01063,TIGR01066,TIGR01071,TIGR01079,TIGR01082,TIGR01087,TIGR01128,TIGR01146,TIGR01164,TIGR01169,TIGR01171,TIGR01302,TIGR01391,TIGR01393,TIGR01394,TIGR01510,TIGR01632,TIGR01951,TIGR01953,TIGR02012,TIGR02013,TIGR02027,TIGR02075,TIGR02191,TIGR02273,TIGR02350,TIGR02386,TIGR02397,TIGR02432,TIGR02729,TIGR03263,TIGR03594,TIGR03625,TIGR03632,TIGR03654,TIGR03723,TIGR03725,TIGR03953	TIGR00382,TIGR00928		TIGR00810,TIGR00964
GCA_051351515.1_genome	116	2	0	2	PF00380.20,PF00410.20,PF00466.21,PF01025.20,PF02576.18,PF03726.15,TIGR00006,TIGR00019,TIGR00020,TIGR00029,TIGR00043,TIGR00054,TIGR00059,TIGR00061,TIGR00064,TIGR00065,TIGR00082,TIGR00083,TIGR00084,TIGR00086,TIGR00088,TIGR00090,TIGR00092,TIGR00095,TIGR00115,TIGR00116,TIGR00138,TIGR00158,TIGR00166,TIGR00168,TIGR00186,TIGR00194,TIGR00250,TIGR00337,TIGR00344,TIGR00362,TIGR00392,TIGR00396,TIGR00398,TIGR00414,TIGR00416,TIGR00420,TIGR00431,TIGR00435,TIGR00436,TIGR00442,TIGR00445,TIGR00456,TIGR00459,TIGR00460,TIGR00468,TIGR00472,TIGR00487,TIGR00496,TIGR00539,TIGR00580,TIGR00593,TIGR00615,TIGR00631,TIGR00634,TIGR00635,TIGR00643,TIGR00663,TIGR00717,TIGR00755,TIGR00922,TIGR00959,TIGR00963,TIGR00967,TIGR01009,TIGR01011,TIGR01017,TIGR01021,TIGR01029,TIGR01032,TIGR01039,TIGR01044,TIGR01059,TIGR01063,TIGR01066,TIGR01071,TIGR01079,TIGR01082,TIGR01087,TIGR01128,TIGR01146,TIGR01164,TIGR01169,TIGR01171,TIGR01302,TIGR01391,TIGR01393,TIGR01394,TIGR01510,TIGR01632,TIGR01951,TIGR01953,TIGR02012,TIGR02013,TIGR02027,TIGR02075,TIGR02191,TIGR02273,TIGR02350,TIGR02386,TIGR02397,TIGR02432,TIGR02729,TIGR03263,TIGR03594,TIGR03625,TIGR03632,TIGR03654,TIGR03723,TIGR03725,TIGR03953	TIGR00382,TIGR00928		TIGR00810,TIGR00964
GCA_051351565.1_genome	111	2	5	2	PF00380.20,PF00410.20,PF00466.21,PF01025.20,PF02576.18,PF03726.15,TIGR00006,TIGR00019,TIGR00020,TIGR00043,TIGR00054,TIGR00059,TIGR00064,TIGR00065,TIGR00082,TIGR00084,TIGR00086,TIGR00088,TIGR00090,TIGR00092,TIGR00095,TIGR00115,TIGR00116,TIGR00138,TIGR00158,TIGR00166,TIGR00168,TIGR00186,TIGR00194,TIGR00250,TIGR00337,TIGR00344,TIGR00362,TIGR00396,TIGR00398,TIGR00414,TIGR00416,TIGR00420,TIGR00431,TIGR00435,TIGR00436,TIGR00442,TIGR00445,TIGR00456,TIGR00459,TIGR00460,TIGR00468,TIGR00472,TIGR00487,TIGR00496,TIGR00539,TIGR00580,TIGR00593,TIGR00615,TIGR00631,TIGR00634,TIGR00635,TIGR00643,TIGR00663,TIGR00717,TIGR00755,TIGR00922,TIGR00959,TIGR00963,TIGR00967,TIGR01009,TIGR01011,TIGR01017,TIGR01021,TIGR01029,TIGR01032,TIGR01039,TIGR01044,TIGR01059,TIGR01063,TIGR01066,TIGR01071,TIGR01079,TIGR01082,TIGR01087,TIGR01128,TIGR01146,TIGR01164,TIGR01169,TIGR01171,TIGR01302,TIGR01391,TIGR01393,TIGR01394,TIGR01510,TIGR01632,TIGR01951,TIGR01953,TIGR02012,TIGR02013,TIGR02027,TIGR02075,TIGR02191,TIGR02273,TIGR02350,TIGR02386,TIGR02397,TIGR02432,TIGR03263,TIGR03594,TIGR03625,TIGR03632,TIGR03654,TIGR03723,TIGR03725,TIGR03953	TIGR00382,TIGR00928	TIGR00029,TIGR00061,TIGR00083,TIGR00392,TIGR02729	TIGR00810,TIGR00964
GCA_051352555.1_genome	115	2	1	2	PF00380.20,PF00410.20,PF00466.21,PF01025.20,PF02576.18,PF03726.15,TIGR00006,TIGR00019,TIGR00020,TIGR00029,TIGR00043,TIGR00054,TIGR00059,TIGR00061,TIGR00064,TIGR00065,TIGR00082,TIGR00083,TIGR00084,TIGR00086,TIGR00088,TIGR00090,TIGR00092,TIGR00095,TIGR00115,TIGR00116,TIGR00138,TIGR00158,TIGR00166,TIGR00168,TIGR00186,TIGR00194,TIGR00250,TIGR00337,TIGR00344,TIGR00362,TIGR00392,TIGR00396,TIGR00398,TIGR00414,TIGR00416,TIGR00420,TIGR00431,TIGR00435,TIGR00436,TIGR00442,TIGR00445,TIGR00456,TIGR00459,TIGR00460,TIGR00468,TIGR00472,TIGR00487,TIGR00496,TIGR00539,TIGR00580,TIGR00615,TIGR00631,TIGR00634,TIGR00635,TIGR00643,TIGR00663,TIGR00717,TIGR00755,TIGR00922,TIGR00959,TIGR00963,TIGR00967,TIGR01009,TIGR01011,TIGR01017,TIGR01021,TIGR01029,TIGR01032,TIGR01039,TIGR01044,TIGR01059,TIGR01063,TIGR01066,TIGR01071,TIGR01079,TIGR01082,TIGR01087,TIGR01128,TIGR01146,TIGR01164,TIGR01169,TIGR01171,TIGR01302,TIGR01391,TIGR01393,TIGR01394,TIGR01510,TIGR01632,TIGR01951,TIGR01953,TIGR02012,TIGR02013,TIGR02027,TIGR02075,TIGR02191,TIGR02273,TIGR02350,TIGR02386,TIGR02397,TIGR02432,TIGR02729,TIGR03263,TIGR03594,TIGR03625,TIGR03632,TIGR03654,TIGR03723,TIGR03725,TIGR03953	TIGR00382,TIGR00928	TIGR00593	TIGR00810,TIGR00964
GCA_051352595.1_genome	116	2	0	2	PF00380.20,PF00410.20,PF00466.21,PF01025.20,PF02576.18,PF03726.15,TIGR00006,TIGR00019,TIGR00020,TIGR00029,TIGR00043,TIGR00054,TIGR00059,TIGR00061,TIGR00064,TIGR00065,TIGR00082,TIGR00083,TIGR00084,TIGR00086,TIGR00088,TIGR00090,TIGR00092,TIGR00095,TIGR00115,TIGR00116,TIGR00138,TIGR00158,TIGR00166,TIGR00168,TIGR00186,TIGR00194,TIGR00250,TIGR00337,TIGR00344,TIGR00362,TIGR00392,TIGR00396,TIGR00398,TIGR00414,TIGR00416,TIGR00420,TIGR00431,TIGR00435,TIGR00436,TIGR00442,TIGR00445,TIGR00456,TIGR00459,TIGR00460,TIGR00468,TIGR00472,TIGR00487,TIGR00496,TIGR00539,TIGR00580,TIGR00593,TIGR00615,TIGR00631,TIGR00634,TIGR00635,TIGR00643,TIGR00663,TIGR00717,TIGR00755,TIGR00922,TIGR00959,TIGR00963,TIGR00967,TIGR01009,TIGR01011,TIGR01017,TIGR01021,TIGR01029,TIGR01032,TIGR01039,TIGR01044,TIGR01059,TIGR01063,TIGR01066,TIGR01071,TIGR01079,TIGR01082,TIGR01087,TIGR01128,TIGR01146,TIGR01164,TIGR01169,TIGR01171,TIGR01302,TIGR01391,TIGR01393,TIGR01394,TIGR01510,TIGR01632,TIGR01951,TIGR01953,TIGR02012,TIGR02013,TIGR02027,TIGR02075,TIGR02191,TIGR02273,TIGR02350,TIGR02386,TIGR02397,TIGR02432,TIGR02729,TIGR03263,TIGR03594,TIGR03625,TIGR03632,TIGR03654,TIGR03723,TIGR03725,TIGR03953	TIGR00382,TIGR00928		TIGR00810,TIGR00964
GCA_051352615.1_genome	116	2	0	2	PF00380.20,PF00410.20,PF00466.21,PF01025.20,PF02576.18,PF03726.15,TIGR00006,TIGR00019,TIGR00020,TIGR00029,TIGR00043,TIGR00054,TIGR00059,TIGR00061,TIGR00064,TIGR00065,TIGR00082,TIGR00083,TIGR00084,TIGR00086,TIGR00088,TIGR00090,TIGR00092,TIGR00095,TIGR00115,TIGR00116,TIGR00138,TIGR00158,TIGR00166,TIGR00168,TIGR00186,TIGR00194,TIGR00250,TIGR00337,TIGR00344,TIGR00362,TIGR00392,TIGR00396,TIGR00398,TIGR00414,TIGR00416,TIGR00420,TIGR00431,TIGR00435,TIGR00436,TIGR00442,TIGR00445,TIGR00456,TIGR00459,TIGR00460,TIGR00468,TIGR00472,TIGR00487,TIGR00496,TIGR00539,TIGR00580,TIGR00593,TIGR00615,TIGR00631,TIGR00634,TIGR00635,TIGR00643,TIGR00663,TIGR00717,TIGR00755,TIGR00922,TIGR00959,TIGR00963,TIGR00967,TIGR01009,TIGR01011,TIGR01017,TIGR01021,TIGR01029,TIGR01032,TIGR01039,TIGR01044,TIGR01059,TIGR01063,TIGR01066,TIGR01071,TIGR01079,TIGR01082,TIGR01087,TIGR01128,TIGR01146,TIGR01164,TIGR01169,TIGR01171,TIGR01302,TIGR01391,TIGR01393,TIGR01394,TIGR01510,TIGR01632,TIGR01951,TIGR01953,TIGR02012,TIGR02013,TIGR02027,TIGR02075,TIGR02191,TIGR02273,TIGR02350,TIGR02386,TIGR02397,TIGR02432,TIGR02729,TIGR03263,TIGR03594,TIGR03625,TIGR03632,TIGR03654,TIGR03723,TIGR03725,TIGR03953	TIGR00382,TIGR00928		TIGR00810,TIGR00964
GCA_051352635.1_genome	111	2	5	2	PF00380.20,PF00410.20,PF00466.21,PF01025.20,PF02576.18,PF03726.15,TIGR00006,TIGR00019,TIGR00020,TIGR00043,TIGR00054,TIGR00059,TIGR00064,TIGR00065,TIGR00082,TIGR00084,TIGR00086,TIGR00088,TIGR00090,TIGR00092,TIGR00095,TIGR00115,TIGR00116,TIGR00138,TIGR00158,TIGR00166,TIGR00168,TIGR00186,TIGR00194,TIGR00250,TIGR00337,TIGR00344,TIGR00362,TIGR00396,TIGR00398,TIGR00414,TIGR00416,TIGR00420,TIGR00431,TIGR00435,TIGR00436,TIGR00442,TIGR00445,TIGR00456,TIGR00459,TIGR00460,TIGR00468,TIGR00472,TIGR00487,TIGR00496,TIGR00539,TIGR00580,TIGR00593,TIGR00615,TIGR00631,TIGR00634,TIGR00635,TIGR00643,TIGR00663,TIGR00717,TIGR00755,TIGR00922,TIGR00959,TIGR00963,TIGR00967,TIGR01009,TIGR01011,TIGR01017,TIGR01021,TIGR01029,TIGR01032,TIGR01039,TIGR01044,TIGR01059,TIGR01063,TIGR01066,TIGR01071,TIGR01079,TIGR01082,TIGR01087,TIGR01128,TIGR01146,TIGR01164,TIGR01169,TIGR01171,TIGR01302,TIGR01391,TIGR01393,TIGR01394,TIGR01510,TIGR01632,TIGR01951,TIGR01953,TIGR02012,TIGR02013,TIGR02027,TIGR02075,TIGR02191,TIGR02273,TIGR02350,TIGR02386,TIGR02397,TIGR02432,TIGR03263,TIGR03594,TIGR03625,TIGR03632,TIGR03654,TIGR03723,TIGR03725,TIGR03953	TIGR00382,TIGR00928	TIGR00029,TIGR00061,TIGR00083,TIGR00392,TIGR02729	TIGR00810,TIGR00964
GCA_051352645.1_genome	115	2	0	3	PF00380.20,PF00410.20,PF00466.21,PF01025.20,PF02576.18,PF03726.15,TIGR00006,TIGR00019,TIGR00020,TIGR00029,TIGR00043,TIGR00054,TIGR00059,TIGR00061,TIGR00064,TIGR00065,TIGR00082,TIGR00083,TIGR00084,TIGR00086,TIGR00088,TIGR00090,TIGR00092,TIGR00095,TIGR00115,TIGR00116,TIGR00138,TIGR00158,TIGR00166,TIGR00168,TIGR00186,TIGR00194,TIGR00250,TIGR00337,TIGR00344,TIGR00362,TIGR00392,TIGR00396,TIGR00398,TIGR00414,TIGR00416,TIGR00420,TIGR00431,TIGR00435,TIGR00436,TIGR00442,TIGR00445,TIGR00456,TIGR00459,TIGR00468,TIGR00472,TIGR00487,TIGR00496,TIGR00539,TIGR00580,TIGR00593,TIGR00615,TIGR00631,TIGR00634,TIGR00635,TIGR00643,TIGR00663,TIGR00717,TIGR00755,TIGR00922,TIGR00959,TIGR00963,TIGR00967,TIGR01009,TIGR01011,TIGR01017,TIGR01021,TIGR01029,TIGR01032,TIGR01039,TIGR01044,TIGR01059,TIGR01063,TIGR01066,TIGR01071,TIGR01079,TIGR01082,TIGR01087,TIGR01128,TIGR01146,TIGR01164,TIGR01169,TIGR01171,TIGR01302,TIGR01391,TIGR01393,TIGR01394,TIGR01510,TIGR01632,TIGR01951,TIGR01953,TIGR02012,TIGR02013,TIGR02027,TIGR02075,TIGR02191,TIGR02273,TIGR02350,TIGR02386,TIGR02397,TIGR02432,TIGR02729,TIGR03263,TIGR03594,TIGR03625,TIGR03632,TIGR03654,TIGR03723,TIGR03725,TIGR03953	TIGR00382,TIGR00928		TIGR00460,TIGR00810,TIGR00964
GCA_051355565.1_genome	116	2	0	2	PF00380.20,PF00410.20,PF00466.21,PF01025.20,PF02576.18,PF03726.15,TIGR00006,TIGR00019,TIGR00020,TIGR00029,TIGR00043,TIGR00054,TIGR00059,TIGR00061,TIGR00064,TIGR00065,TIGR00082,TIGR00083,TIGR00084,TIGR00086,TIGR00088,TIGR00090,TIGR00092,TIGR00095,TIGR00115,TIGR00116,TIGR00138,TIGR00158,TIGR00166,TIGR00168,TIGR00186,TIGR00194,TIGR00250,TIGR00337,TIGR00344,TIGR00362,TIGR00392,TIGR00396,TIGR00398,TIGR00414,TIGR00416,TIGR00420,TIGR00431,TIGR00435,TIGR00436,TIGR00442,TIGR00445,TIGR00456,TIGR00459,TIGR00460,TIGR00468,TIGR00472,TIGR00487,TIGR00496,TIGR00539,TIGR00580,TIGR00593,TIGR00615,TIGR00631,TIGR00634,TIGR00635,TIGR00643,TIGR00663,TIGR00717,TIGR00755,TIGR00922,TIGR00959,TIGR00963,TIGR00967,TIGR01009,TIGR01011,TIGR01017,TIGR01021,TIGR01029,TIGR01032,TIGR01039,TIGR01044,TIGR01059,TIGR01063,TIGR01066,TIGR01071,TIGR01079,TIGR01082,TIGR01087,TIGR01128,TIGR01146,TIGR01164,TIGR01169,TIGR01171,TIGR01302,TIGR01391,TIGR01393,TIGR01394,TIGR01510,TIGR01632,TIGR01951,TIGR01953,TIGR02012,TIGR02013,TIGR02027,TIGR02075,TIGR02191,TIGR02273,TIGR02350,TIGR02386,TIGR02397,TIGR02432,TIGR02729,TIGR03263,TIGR03594,TIGR03625,TIGR03632,TIGR03654,TIGR03723,TIGR03725,TIGR03953	TIGR00382,TIGR00928		TIGR00810,TIGR00964
GCA_051355625.1_genome	115	2	0	3	PF00380.20,PF00410.20,PF00466.21,PF01025.20,PF02576.18,PF03726.15,TIGR00006,TIGR00019,TIGR00020,TIGR00029,TIGR00043,TIGR00054,TIGR00059,TIGR00061,TIGR00064,TIGR00065,TIGR00082,TIGR00083,TIGR00084,TIGR00086,TIGR00088,TIGR00090,TIGR00092,TIGR00095,TIGR00115,TIGR00116,TIGR00138,TIGR00158,TIGR00166,TIGR00168,TIGR00186,TIGR00194,TIGR00250,TIGR00337,TIGR00344,TIGR00362,TIGR00392,TIGR00396,TIGR00398,TIGR00414,TIGR00416,TIGR00420,TIGR00431,TIGR00435,TIGR00436,TIGR00442,TIGR00445,TIGR00456,TIGR00459,TIGR00468,TIGR00472,TIGR00487,TIGR00496,TIGR00539,TIGR00580,TIGR00593,TIGR00615,TIGR00631,TIGR00634,TIGR00635,TIGR00643,TIGR00663,TIGR00717,TIGR00755,TIGR00922,TIGR00959,TIGR00963,TIGR00967,TIGR01009,TIGR01011,TIGR01017,TIGR01021,TIGR01029,TIGR01032,TIGR01039,TIGR01044,TIGR01059,TIGR01063,TIGR01066,TIGR01071,TIGR01079,TIGR01082,TIGR01087,TIGR01128,TIGR01146,TIGR01164,TIGR01169,TIGR01171,TIGR01302,TIGR01391,TIGR01393,TIGR01394,TIGR01510,TIGR01632,TIGR01951,TIGR01953,TIGR02012,TIGR02013,TIGR02027,TIGR02075,TIGR02191,TIGR02273,TIGR02350,TIGR02386,TIGR02397,TIGR02432,TIGR02729,TIGR03263,TIGR03594,TIGR03625,TIGR03632,TIGR03654,TIGR03723,TIGR03725,TIGR03953	TIGR00382,TIGR00928		TIGR00460,TIGR00810,TIGR00964
GCA_051355655.1_genome	110	3	5	2	PF00380.20,PF00410.20,PF00466.21,PF01025.20,PF02576.18,PF03726.15,TIGR00006,TIGR00019,TIGR00020,TIGR00043,TIGR00054,TIGR00059,TIGR00064,TIGR00065,TIGR00082,TIGR00084,TIGR00086,TIGR00088,TIGR00090,TIGR00092,TIGR00095,TIGR00115,TIGR00116,TIGR00138,TIGR00158,TIGR00166,TIGR00168,TIGR00186,TIGR00194,TIGR00250,TIGR00337,TIGR00344,TIGR00362,TIGR00396,TIGR00398,TIGR00414,TIGR00416,TIGR00420,TIGR00431,TIGR00435,TIGR00436,TIGR00442,TIGR00445,TIGR00456,TIGR00459,TIGR00460,TIGR00468,TIGR00472,TIGR00487,TIGR00496,TIGR00539,TIGR00580,TIGR00593,TIGR00615,TIGR00634,TIGR00635,TIGR00643,TIGR00663,TIGR00717,TIGR00755,TIGR00922,TIGR00959,TIGR00963,TIGR00967,TIGR01009,TIGR01011,TIGR01017,TIGR01021,TIGR01029,TIGR01032,TIGR01039,TIGR01044,TIGR01059,TIGR01063,TIGR01066,TIGR01071,TIGR01079,TIGR01082,TIGR01087,TIGR01128,TIGR01146,TIGR01164,TIGR01169,TIGR01171,TIGR01302,TIGR01391,TIGR01393,TIGR01394,TIGR01510,TIGR01632,TIGR01951,TIGR01953,TIGR02012,TIGR02013,TIGR02027,TIGR02075,TIGR02191,TIGR02273,TIGR02350,TIGR02386,TIGR02397,TIGR02432,TIGR03263,TIGR03594,TIGR03625,TIGR03632,TIGR03654,TIGR03723,TIGR03725,TIGR03953	TIGR00382,TIGR00631,TIGR00928	TIGR00029,TIGR00061,TIGR00083,TIGR00392,TIGR02729	TIGR00810,TIGR00964
GCA_051355665.1_genome	116	2	0	2	PF00380.20,PF00410.20,PF00466.21,PF01025.20,PF02576.18,PF03726.15,TIGR00006,TIGR00019,TIGR00020,TIGR00029,TIGR00043,TIGR00054,TIGR00059,TIGR00061,TIGR00064,TIGR00065,TIGR00082,TIGR00083,TIGR00084,TIGR00086,TIGR00088,TIGR00090,TIGR00092,TIGR00095,TIGR00115,TIGR00116,TIGR00138,TIGR00158,TIGR00166,TIGR00168,TIGR00186,TIGR00194,TIGR00250,TIGR00337,TIGR00344,TIGR00362,TIGR00392,TIGR00396,TIGR00398,TIGR00414,TIGR00416,TIGR00420,TIGR00431,TIGR00435,TIGR00436,TIGR00442,TIGR00445,TIGR00456,TIGR00459,TIGR00460,TIGR00468,TIGR00472,TIGR00487,TIGR00496,TIGR00539,TIGR00580,TIGR00593,TIGR00615,TIGR00631,TIGR00634,TIGR00635,TIGR00643,TIGR00663,TIGR00717,TIGR00755,TIGR00922,TIGR00959,TIGR00963,TIGR00967,TIGR01009,TIGR01011,TIGR01017,TIGR01021,TIGR01029,TIGR01032,TIGR01039,TIGR01044,TIGR01059,TIGR01063,TIGR01066,TIGR01071,TIGR01079,TIGR01082,TIGR01087,TIGR01128,TIGR01146,TIGR01164,TIGR01169,TIGR01171,TIGR01302,TIGR01391,TIGR01393,TIGR01394,TIGR01510,TIGR01632,TIGR01951,TIGR01953,TIGR02012,TIGR02013,TIGR02027,TIGR02075,TIGR02191,TIGR02273,TIGR02350,TIGR02386,TIGR02397,TIGR02432,TIGR02729,TIGR03263,TIGR03594,TIGR03625,TIGR03632,TIGR03654,TIGR03723,TIGR03725,TIGR03953	TIGR00382,TIGR00928		TIGR00810,TIGR00964
GCA_051355695.1_genome	115	2	0	3	PF00380.20,PF00410.20,PF00466.21,PF01025.20,PF02576.18,PF03726.15,TIGR00006,TIGR00019,TIGR00020,TIGR00029,TIGR00043,TIGR00054,TIGR00059,TIGR00061,TIGR00064,TIGR00065,TIGR00082,TIGR00083,TIGR00084,TIGR00086,TIGR00088,TIGR00090,TIGR00092,TIGR00095,TIGR00115,TIGR00116,TIGR00138,TIGR00158,TIGR00166,TIGR00168,TIGR00186,TIGR00194,TIGR00250,TIGR00337,TIGR00344,TIGR00362,TIGR00392,TIGR00396,TIGR00398,TIGR00414,TIGR00416,TIGR00420,TIGR00431,TIGR00435,TIGR00436,TIGR00442,TIGR00445,TIGR00456,TIGR00459,TIGR00468,TIGR00472,TIGR00487,TIGR00496,TIGR00539,TIGR00580,TIGR00593,TIGR00615,TIGR00631,TIGR00634,TIGR00635,TIGR00643,TIGR00663,TIGR00717,TIGR00755,TIGR00922,TIGR00959,TIGR00963,TIGR00967,TIGR01009,TIGR01011,TIGR01017,TIGR01021,TIGR01029,TIGR01032,TIGR01039,TIGR01044,TIGR01059,TIGR01063,TIGR01066,TIGR01071,TIGR01079,TIGR01082,TIGR01087,TIGR01128,TIGR01146,TIGR01164,TIGR01169,TIGR01171,TIGR01302,TIGR01391,TIGR01393,TIGR01394,TIGR01510,TIGR01632,TIGR01951,TIGR01953,TIGR02012,TIGR02013,TIGR02027,TIGR02075,TIGR02191,TIGR02273,TIGR02350,TIGR02386,TIGR02397,TIGR02432,TIGR02729,TIGR03263,TIGR03594,TIGR03625,TIGR03632,TIGR03654,TIGR03723,TIGR03725,TIGR03953	TIGR00382,TIGR00928		TIGR00460,TIGR00810,TIGR00964
GCA_051356195.1_genome	114	3	1	2	PF00380.20,PF00410.20,PF00466.21,PF01025.20,PF02576.18,PF03726.15,TIGR00006,TIGR00019,TIGR00020,TIGR00029,TIGR00043,TIGR00054,TIGR00059,TIGR00061,TIGR00064,TIGR00065,TIGR00082,TIGR00083,TIGR00084,TIGR00086,TIGR00088,TIGR00090,TIGR00092,TIGR00095,TIGR00115,TIGR00116,TIGR00138,TIGR00158,TIGR00166,TIGR00168,TIGR00186,TIGR00194,TIGR00250,TIGR00337,TIGR00344,TIGR00362,TIGR00392,TIGR00396,TIGR00398,TIGR00414,TIGR00416,TIGR00420,TIGR00431,TIGR00435,TIGR00436,TIGR00442,TIGR00445,TIGR00456,TIGR00459,TIGR00460,TIGR00468,TIGR00472,TIGR00487,TIGR00496,TIGR00539,TIGR00580,TIGR00593,TIGR00615,TIGR00634,TIGR00635,TIGR00643,TIGR00663,TIGR00717,TIGR00755,TIGR00922,TIGR00959,TIGR00963,TIGR00967,TIGR01009,TIGR01011,TIGR01017,TIGR01021,TIGR01029,TIGR01032,TIGR01039,TIGR01044,TIGR01059,TIGR01063,TIGR01066,TIGR01071,TIGR01079,TIGR01082,TIGR01087,TIGR01128,TIGR01146,TIGR01164,TIGR01169,TIGR01171,TIGR01302,TIGR01391,TIGR01393,TIGR01394,TIGR01510,TIGR01632,TIGR01951,TIGR01953,TIGR02012,TIGR02013,TIGR02027,TIGR02075,TIGR02191,TIGR02273,TIGR02350,TIGR02386,TIGR02397,TIGR02432,TIGR02729,TIGR03263,TIGR03594,TIGR03625,TIGR03632,TIGR03654,TIGR03723,TIGR03953	TIGR00382,TIGR00631,TIGR00928	TIGR03725	TIGR00810,TIGR00964
GCA_052446935.1_genome	116	2	0	2	PF00380.20,PF00410.20,PF00466.21,PF01025.20,PF02576.18,PF03726.15,TIGR00006,TIGR00019,TIGR00020,TIGR00029,TIGR00043,TIGR00054,TIGR00059,TIGR00061,TIGR00064,TIGR00065,TIGR00082,TIGR00083,TIGR00084,TIGR00086,TIGR00088,TIGR00090,TIGR00092,TIGR00095,TIGR00115,TIGR00116,TIGR00138,TIGR00158,TIGR00166,TIGR00168,TIGR00186,TIGR00194,TIGR00250,TIGR00337,TIGR00344,TIGR00362,TIGR00392,TIGR00396,TIGR00398,TIGR00414,TIGR00416,TIGR00420,TIGR00431,TIGR00435,TIGR00436,TIGR00442,TIGR00445,TIGR00456,TIGR00459,TIGR00460,TIGR00468,TIGR00472,TIGR00487,TIGR00496,TIGR00539,TIGR00580,TIGR00593,TIGR00615,TIGR00631,TIGR00634,TIGR00635,TIGR00643,TIGR00663,TIGR00717,TIGR00755,TIGR00922,TIGR00959,TIGR00963,TIGR00967,TIGR01009,TIGR01011,TIGR01017,TIGR01021,TIGR01029,TIGR01032,TIGR01039,TIGR01044,TIGR01059,TIGR01063,TIGR01066,TIGR01071,TIGR01079,TIGR01082,TIGR01087,TIGR01128,TIGR01146,TIGR01164,TIGR01169,TIGR01171,TIGR01302,TIGR01391,TIGR01393,TIGR01394,TIGR01510,TIGR01632,TIGR01951,TIGR01953,TIGR02012,TIGR02013,TIGR02027,TIGR02075,TIGR02191,TIGR02273,TIGR02350,TIGR02386,TIGR02397,TIGR02432,TIGR02729,TIGR03263,TIGR03594,TIGR03625,TIGR03632,TIGR03654,TIGR03723,TIGR03725,TIGR03953	TIGR00382,TIGR00928		TIGR00810,TIGR00964
GCA_052447595.1_genome	115	3	0	2	PF00380.20,PF00410.20,PF00466.21,PF01025.20,PF02576.18,PF03726.15,TIGR00006,TIGR00019,TIGR00020,TIGR00029,TIGR00043,TIGR00054,TIGR00059,TIGR00061,TIGR00064,TIGR00065,TIGR00082,TIGR00083,TIGR00084,TIGR00086,TIGR00088,TIGR00090,TIGR00092,TIGR00095,TIGR00115,TIGR00116,TIGR00138,TIGR00158,TIGR00166,TIGR00168,TIGR00186,TIGR00194,TIGR00250,TIGR00337,TIGR00344,TIGR00362,TIGR00392,TIGR00396,TIGR00398,TIGR00414,TIGR00416,TIGR00420,TIGR00431,TIGR00435,TIGR00436,TIGR00442,TIGR00445,TIGR00456,TIGR00459,TIGR00460,TIGR00468,TIGR00472,TIGR00487,TIGR00496,TIGR00539,TIGR00580,TIGR00593,TIGR00615,TIGR00634,TIGR00635,TIGR00643,TIGR00663,TIGR00717,TIGR00755,TIGR00922,TIGR00959,TIGR00963,TIGR00967,TIGR01009,TIGR01011,TIGR01017,TIGR01021,TIGR01029,TIGR01032,TIGR01039,TIGR01044,TIGR01059,TIGR01063,TIGR01066,TIGR01071,TIGR01079,TIGR01082,TIGR01087,TIGR01128,TIGR01146,TIGR01164,TIGR01169,TIGR01171,TIGR01302,TIGR01391,TIGR01393,TIGR01394,TIGR01510,TIGR01632,TIGR01951,TIGR01953,TIGR02012,TIGR02013,TIGR02027,TIGR02075,TIGR02191,TIGR02273,TIGR02350,TIGR02386,TIGR02397,TIGR02432,TIGR02729,TIGR03263,TIGR03594,TIGR03625,TIGR03632,TIGR03654,TIGR03723,TIGR03725,TIGR03953	TIGR00382,TIGR00631,TIGR00928		TIGR00810,TIGR00964
GCA_053005865.1_genome	115	2	0	3	PF00380.20,PF00410.20,PF00466.21,PF01025.20,PF02576.18,PF03726.15,TIGR00006,TIGR00019,TIGR00020,TIGR00029,TIGR00043,TIGR00054,TIGR00059,TIGR00061,TIGR00064,TIGR00065,TIGR00082,TIGR00083,TIGR00084,TIGR00086,TIGR00088,TIGR00090,TIGR00092,TIGR00095,TIGR00115,TIGR00116,TIGR00138,TIGR00158,TIGR00166,TIGR00168,TIGR00186,TIGR00194,TIGR00250,TIGR00337,TIGR00344,TIGR00362,TIGR00392,TIGR00396,TIGR00398,TIGR00414,TIGR00416,TIGR00420,TIGR00431,TIGR00435,TIGR00436,TIGR00442,TIGR00445,TIGR00456,TIGR00459,TIGR00460,TIGR00468,TIGR00472,TIGR00487,TIGR00496,TIGR00539,TIGR00580,TIGR00593,TIGR00615,TIGR00631,TIGR00634,TIGR00635,TIGR00643,TIGR00663,TIGR00717,TIGR00755,TIGR00922,TIGR00959,TIGR00963,TIGR00967,TIGR01009,TIGR01011,TIGR01017,TIGR01029,TIGR01032,TIGR01039,TIGR01044,TIGR01059,TIGR01063,TIGR01066,TIGR01071,TIGR01079,TIGR01082,TIGR01087,TIGR01128,TIGR01146,TIGR01164,TIGR01169,TIGR01171,TIGR01302,TIGR01391,TIGR01393,TIGR01394,TIGR01510,TIGR01632,TIGR01951,TIGR01953,TIGR02012,TIGR02013,TIGR02027,TIGR02075,TIGR02191,TIGR02273,TIGR02350,TIGR02386,TIGR02397,TIGR02432,TIGR02729,TIGR03263,TIGR03594,TIGR03625,TIGR03632,TIGR03654,TIGR03723,TIGR03725,TIGR03953	TIGR00382,TIGR00928		TIGR00810,TIGR00964,TIGR01021
GCA_053234305.1_genome	116	2	0	2	PF00380.20,PF00410.20,PF00466.21,PF01025.20,PF02576.18,PF03726.15,TIGR00006,TIGR00019,TIGR00020,TIGR00029,TIGR00043,TIGR00054,TIGR00059,TIGR00061,TIGR00064,TIGR00065,TIGR00082,TIGR00083,TIGR00084,TIGR00086,TIGR00088,TIGR00090,TIGR00092,TIGR00095,TIGR00115,TIGR00116,TIGR00138,TIGR00158,TIGR00166,TIGR00168,TIGR00186,TIGR00194,TIGR00250,TIGR00337,TIGR00344,TIGR00362,TIGR00392,TIGR00396,TIGR00398,TIGR00414,TIGR00416,TIGR00420,TIGR00431,TIGR00435,TIGR00436,TIGR00442,TIGR00445,TIGR00456,TIGR00459,TIGR00460,TIGR00468,TIGR00472,TIGR00487,TIGR00496,TIGR00539,TIGR00580,TIGR00593,TIGR00615,TIGR00631,TIGR00634,TIGR00635,TIGR00643,TIGR00663,TIGR00717,TIGR00755,TIGR00922,TIGR00959,TIGR00963,TIGR00967,TIGR01009,TIGR01011,TIGR01017,TIGR01021,TIGR01029,TIGR01032,TIGR01039,TIGR01044,TIGR01059,TIGR01063,TIGR01066,TIGR01071,TIGR01079,TIGR01082,TIGR01087,TIGR01128,TIGR01146,TIGR01164,TIGR01169,TIGR01171,TIGR01302,TIGR01391,TIGR01393,TIGR01394,TIGR01510,TIGR01632,TIGR01951,TIGR01953,TIGR02012,TIGR02013,TIGR02027,TIGR02075,TIGR02191,TIGR02273,TIGR02350,TIGR02386,TIGR02397,TIGR02432,TIGR02729,TIGR03263,TIGR03594,TIGR03625,TIGR03632,TIGR03654,TIGR03723,TIGR03725,TIGR03953	TIGR00382,TIGR00928		TIGR00810,TIGR00964
GCA_053234445.1_genome	115	3	0	2	PF00380.20,PF00410.20,PF00466.21,PF02576.18,PF03726.15,TIGR00006,TIGR00019,TIGR00020,TIGR00029,TIGR00043,TIGR00054,TIGR00059,TIGR00061,TIGR00064,TIGR00065,TIGR00082,TIGR00083,TIGR00084,TIGR00086,TIGR00088,TIGR00090,TIGR00092,TIGR00095,TIGR00115,TIGR00116,TIGR00138,TIGR00158,TIGR00166,TIGR00168,TIGR00186,TIGR00194,TIGR00250,TIGR00337,TIGR00344,TIGR00362,TIGR00392,TIGR00396,TIGR00398,TIGR00414,TIGR00416,TIGR00420,TIGR00431,TIGR00435,TIGR00436,TIGR00442,TIGR00445,TIGR00456,TIGR00459,TIGR00460,TIGR00468,TIGR00472,TIGR00487,TIGR00496,TIGR00539,TIGR00580,TIGR00593,TIGR00615,TIGR00631,TIGR00634,TIGR00635,TIGR00643,TIGR00663,TIGR00717,TIGR00755,TIGR00922,TIGR00959,TIGR00963,TIGR00967,TIGR01009,TIGR01011,TIGR01017,TIGR01021,TIGR01029,TIGR01032,TIGR01039,TIGR01044,TIGR01059,TIGR01063,TIGR01066,TIGR01071,TIGR01079,TIGR01082,TIGR01087,TIGR01128,TIGR01146,TIGR01164,TIGR01169,TIGR01171,TIGR01302,TIGR01391,TIGR01393,TIGR01394,TIGR01510,TIGR01632,TIGR01951,TIGR01953,TIGR02012,TIGR02013,TIGR02027,TIGR02075,TIGR02191,TIGR02273,TIGR02350,TIGR02386,TIGR02397,TIGR02432,TIGR02729,TIGR03263,TIGR03594,TIGR03625,TIGR03632,TIGR03654,TIGR03723,TIGR03725,TIGR03953	PF01025.20,TIGR00382,TIGR00928		TIGR00810,TIGR00964
GCF_001518975.1_genome	116	2	0	2	PF00380.20,PF00410.20,PF00466.21,PF01025.20,PF02576.18,PF03726.15,TIGR00006,TIGR00019,TIGR00020,TIGR00029,TIGR00043,TIGR00054,TIGR00059,TIGR00061,TIGR00064,TIGR00065,TIGR00082,TIGR00083,TIGR00084,TIGR00086,TIGR00088,TIGR00090,TIGR00092,TIGR00095,TIGR00115,TIGR00116,TIGR00138,TIGR00158,TIGR00166,TIGR00168,TIGR00186,TIGR00194,TIGR00250,TIGR00337,TIGR00344,TIGR00362,TIGR00392,TIGR00396,TIGR00398,TIGR00414,TIGR00416,TIGR00420,TIGR00431,TIGR00435,TIGR00436,TIGR00442,TIGR00445,TIGR00456,TIGR00459,TIGR00460,TIGR00468,TIGR00472,TIGR00487,TIGR00496,TIGR00539,TIGR00580,TIGR00593,TIGR00615,TIGR00631,TIGR00634,TIGR00635,TIGR00643,TIGR00663,TIGR00717,TIGR00755,TIGR00922,TIGR00959,TIGR00963,TIGR00967,TIGR01009,TIGR01011,TIGR01017,TIGR01021,TIGR01029,TIGR01032,TIGR01039,TIGR01044,TIGR01059,TIGR01063,TIGR01066,TIGR01071,TIGR01079,TIGR01082,TIGR01087,TIGR01128,TIGR01146,TIGR01164,TIGR01169,TIGR01171,TIGR01302,TIGR01391,TIGR01393,TIGR01394,TIGR01510,TIGR01632,TIGR01951,TIGR01953,TIGR02012,TIGR02013,TIGR02027,TIGR02075,TIGR02191,TIGR02273,TIGR02350,TIGR02386,TIGR02397,TIGR02432,TIGR02729,TIGR03263,TIGR03594,TIGR03625,TIGR03632,TIGR03654,TIGR03723,TIGR03725,TIGR03953	TIGR00382,TIGR00928		TIGR00810,TIGR00964
GCF_002029925.1_genome	112	3	0	5	PF00380.20,PF00410.20,PF00466.21,PF01025.20,PF02576.18,PF03726.15,TIGR00006,TIGR00019,TIGR00020,TIGR00029,TIGR00043,TIGR00054,TIGR00059,TIGR00061,TIGR00064,TIGR00065,TIGR00082,TIGR00083,TIGR00084,TIGR00088,TIGR00090,TIGR00092,TIGR00095,TIGR00115,TIGR00116,TIGR00138,TIGR00158,TIGR00166,TIGR00168,TIGR00186,TIGR00194,TIGR00250,TIGR00337,TIGR00344,TIGR00362,TIGR00382,TIGR00392,TIGR00396,TIGR00398,TIGR00414,TIGR00416,TIGR00420,TIGR00431,TIGR00435,TIGR00436,TIGR00442,TIGR00445,TIGR00456,TIGR00459,TIGR00460,TIGR00468,TIGR00472,TIGR00487,TIGR00496,TIGR00539,TIGR00580,TIGR00593,TIGR00615,TIGR00635,TIGR00643,TIGR00663,TIGR00717,TIGR00755,TIGR00922,TIGR00959,TIGR00963,TIGR00967,TIGR01009,TIGR01011,TIGR01017,TIGR01021,TIGR01029,TIGR01032,TIGR01039,TIGR01044,TIGR01059,TIGR01063,TIGR01066,TIGR01071,TIGR01079,TIGR01082,TIGR01087,TIGR01128,TIGR01146,TIGR01164,TIGR01169,TIGR01171,TIGR01302,TIGR01391,TIGR01394,TIGR01510,TIGR01632,TIGR01951,TIGR01953,TIGR02012,TIGR02013,TIGR02027,TIGR02075,TIGR02191,TIGR02273,TIGR02386,TIGR02397,TIGR02432,TIGR02729,TIGR03263,TIGR03594,TIGR03625,TIGR03632,TIGR03654,TIGR03723,TIGR03725,TIGR03953	TIGR00631,TIGR00928,TIGR01393		TIGR00086,TIGR00634,TIGR00810,TIGR00964,TIGR02350
GCF_002094805.1_genome	114	4	0	2	PF00380.20,PF00410.20,PF00466.21,PF01025.20,PF02576.18,PF03726.15,TIGR00006,TIGR00019,TIGR00020,TIGR00029,TIGR00043,TIGR00054,TIGR00059,TIGR00061,TIGR00064,TIGR00065,TIGR00082,TIGR00083,TIGR00084,TIGR00086,TIGR00088,TIGR00090,TIGR00092,TIGR00095,TIGR00115,TIGR00116,TIGR00138,TIGR00158,TIGR00166,TIGR00168,TIGR00186,TIGR00194,TIGR00250,TIGR00337,TIGR00344,TIGR00362,TIGR00392,TIGR00396,TIGR00398,TIGR00414,TIGR00416,TIGR00420,TIGR00431,TIGR00435,TIGR00436,TIGR00442,TIGR00445,TIGR00456,TIGR00459,TIGR00460,TIGR00468,TIGR00472,TIGR00487,TIGR00496,TIGR00539,TIGR00580,TIGR00593,TIGR00615,TIGR00631,TIGR00634,TIGR00635,TIGR00643,TIGR00717,TIGR00755,TIGR00922,TIGR00959,TIGR00963,TIGR00967,TIGR01009,TIGR01011,TIGR01017,TIGR01021,TIGR01029,TIGR01032,TIGR01039,TIGR01044,TIGR01059,TIGR01063,TIGR01066,TIGR01071,TIGR01079,TIGR01082,TIGR01087,TIGR01128,TIGR01146,TIGR01164,TIGR01169,TIGR01171,TIGR01302,TIGR01391,TIGR01393,TIGR01394,TIGR01510,TIGR01632,TIGR01951,TIGR01953,TIGR02013,TIGR02027,TIGR02075,TIGR02191,TIGR02273,TIGR02350,TIGR02386,TIGR02397,TIGR02432,TIGR02729,TIGR03263,TIGR03594,TIGR03625,TIGR03632,TIGR03654,TIGR03723,TIGR03725,TIGR03953	TIGR00382,TIGR00663,TIGR00928,TIGR02012		TIGR00810,TIGR00964
GCF_002156655.1_genome	113	3	0	4	PF00380.20,PF00410.20,PF00466.21,PF01025.20,PF02576.18,PF03726.15,TIGR00006,TIGR00019,TIGR00020,TIGR00029,TIGR00043,TIGR00054,TIGR00059,TIGR00061,TIGR00064,TIGR00065,TIGR00082,TIGR00083,TIGR00084,TIGR00086,TIGR00088,TIGR00090,TIGR00092,TIGR00095,TIGR00115,TIGR00116,TIGR00138,TIGR00158,TIGR00166,TIGR00168,TIGR00186,TIGR00194,TIGR00250,TIGR00337,TIGR00344,TIGR00362,TIGR00392,TIGR00396,TIGR00398,TIGR00414,TIGR00416,TIGR00420,TIGR00431,TIGR00435,TIGR00436,TIGR00442,TIGR00445,TIGR00456,TIGR00459,TIGR00460,TIGR00468,TIGR00472,TIGR00487,TIGR00496,TIGR00539,TIGR00580,TIGR00593,TIGR00615,TIGR00631,TIGR00634,TIGR00635,TIGR00643,TIGR00663,TIGR00717,TIGR00755,TIGR00922,TIGR00963,TIGR00967,TIGR01009,TIGR01011,TIGR01017,TIGR01021,TIGR01029,TIGR01032,TIGR01039,TIGR01044,TIGR01059,TIGR01063,TIGR01066,TIGR01071,TIGR01079,TIGR01082,TIGR01087,TIGR01146,TIGR01164,TIGR01169,TIGR01171,TIGR01391,TIGR01393,TIGR01394,TIGR01510,TIGR01632,TIGR01951,TIGR01953,TIGR02012,TIGR02013,TIGR02027,TIGR02075,TIGR02191,TIGR02273,TIGR02350,TIGR02386,TIGR02397,TIGR02432,TIGR02729,TIGR03263,TIGR03594,TIGR03625,TIGR03632,TIGR03654,TIGR03723,TIGR03725,TIGR03953	TIGR00382,TIGR00928,TIGR01128		TIGR00810,TIGR00959,TIGR00964,TIGR01302
GCF_002204155.1_genome	116	2	0	2	PF00380.20,PF00410.20,PF00466.21,PF01025.20,PF02576.18,PF03726.15,TIGR00006,TIGR00019,TIGR00020,TIGR00029,TIGR00043,TIGR00054,TIGR00059,TIGR00061,TIGR00064,TIGR00065,TIGR00082,TIGR00083,TIGR00084,TIGR00086,TIGR00088,TIGR00090,TIGR00092,TIGR00095,TIGR00115,TIGR00116,TIGR00138,TIGR00158,TIGR00166,TIGR00168,TIGR00186,TIGR00194,TIGR00250,TIGR00337,TIGR00344,TIGR00362,TIGR00392,TIGR00396,TIGR00398,TIGR00414,TIGR00416,TIGR00420,TIGR00431,TIGR00435,TIGR00436,TIGR00442,TIGR00445,TIGR00456,TIGR00459,TIGR00460,TIGR00468,TIGR00472,TIGR00487,TIGR00496,TIGR00539,TIGR00580,TIGR00593,TIGR00615,TIGR00631,TIGR00634,TIGR00635,TIGR00643,TIGR00663,TIGR00717,TIGR00755,TIGR00922,TIGR00959,TIGR00963,TIGR00967,TIGR01009,TIGR01011,TIGR01017,TIGR01021,TIGR01029,TIGR01032,TIGR01039,TIGR01044,TIGR01059,TIGR01063,TIGR01066,TIGR01071,TIGR01079,TIGR01082,TIGR01087,TIGR01128,TIGR01146,TIGR01164,TIGR01169,TIGR01171,TIGR01302,TIGR01391,TIGR01393,TIGR01394,TIGR01510,TIGR01632,TIGR01951,TIGR01953,TIGR02012,TIGR02013,TIGR02027,TIGR02075,TIGR02191,TIGR02273,TIGR02350,TIGR02386,TIGR02397,TIGR02432,TIGR02729,TIGR03263,TIGR03594,TIGR03625,TIGR03632,TIGR03654,TIGR03723,TIGR03725,TIGR03953	TIGR00382,TIGR00928		TIGR00810,TIGR00964
GCF_002351435.1_genome	115	3	0	2	PF00380.20,PF00410.20,PF00466.21,PF01025.20,PF02576.18,PF03726.15,TIGR00006,TIGR00019,TIGR00020,TIGR00029,TIGR00043,TIGR00054,TIGR00059,TIGR00061,TIGR00064,TIGR00065,TIGR00082,TIGR00083,TIGR00084,TIGR00086,TIGR00088,TIGR00090,TIGR00092,TIGR00095,TIGR00115,TIGR00116,TIGR00138,TIGR00158,TIGR00166,TIGR00168,TIGR00186,TIGR00194,TIGR00250,TIGR00337,TIGR00344,TIGR00362,TIGR00392,TIGR00396,TIGR00398,TIGR00414,TIGR00416,TIGR00420,TIGR00431,TIGR00435,TIGR00436,TIGR00442,TIGR00445,TIGR00456,TIGR00459,TIGR00460,TIGR00468,TIGR00472,TIGR00487,TIGR00496,TIGR00539,TIGR00580,TIGR00593,TIGR00615,TIGR00634,TIGR00635,TIGR00643,TIGR00663,TIGR00717,TIGR00755,TIGR00922,TIGR00959,TIGR00963,TIGR00967,TIGR01009,TIGR01011,TIGR01017,TIGR01021,TIGR01029,TIGR01032,TIGR01039,TIGR01044,TIGR01059,TIGR01063,TIGR01066,TIGR01071,TIGR01079,TIGR01082,TIGR01087,TIGR01128,TIGR01146,TIGR01164,TIGR01169,TIGR01171,TIGR01302,TIGR01391,TIGR01393,TIGR01394,TIGR01510,TIGR01632,TIGR01951,TIGR01953,TIGR02012,TIGR02013,TIGR02027,TIGR02075,TIGR02191,TIGR02273,TIGR02350,TIGR02386,TIGR02397,TIGR02432,TIGR02729,TIGR03263,TIGR03594,TIGR03625,TIGR03632,TIGR03654,TIGR03723,TIGR03725,TIGR03953	TIGR00382,TIGR00631,TIGR00928		TIGR00810,TIGR00964
GCF_003053445.1_genome	116	2	0	2	PF00380.20,PF00410.20,PF00466.21,PF01025.20,PF02576.18,PF03726.15,TIGR00006,TIGR00019,TIGR00020,TIGR00029,TIGR00043,TIGR00054,TIGR00059,TIGR00061,TIGR00064,TIGR00065,TIGR00082,TIGR00083,TIGR00084,TIGR00086,TIGR00088,TIGR00090,TIGR00092,TIGR00095,TIGR00115,TIGR00116,TIGR00138,TIGR00158,TIGR00166,TIGR00168,TIGR00186,TIGR00194,TIGR00250,TIGR00337,TIGR00344,TIGR00362,TIGR00392,TIGR00396,TIGR00398,TIGR00414,TIGR00416,TIGR00420,TIGR00431,TIGR00435,TIGR00436,TIGR00442,TIGR00445,TIGR00456,TIGR00459,TIGR00460,TIGR00468,TIGR00472,TIGR00487,TIGR00496,TIGR00539,TIGR00580,TIGR00593,TIGR00615,TIGR00631,TIGR00634,TIGR00635,TIGR00643,TIGR00663,TIGR00717,TIGR00755,TIGR00922,TIGR00959,TIGR00963,TIGR00967,TIGR01009,TIGR01011,TIGR01017,TIGR01021,TIGR01029,TIGR01032,TIGR01039,TIGR01044,TIGR01059,TIGR01063,TIGR01066,TIGR01071,TIGR01079,TIGR01082,TIGR01087,TIGR01128,TIGR01146,TIGR01164,TIGR01169,TIGR01171,TIGR01302,TIGR01391,TIGR01393,TIGR01394,TIGR01510,TIGR01632,TIGR01951,TIGR01953,TIGR02012,TIGR02013,TIGR02027,TIGR02075,TIGR02191,TIGR02273,TIGR02350,TIGR02386,TIGR02397,TIGR02432,TIGR02729,TIGR03263,TIGR03594,TIGR03625,TIGR03632,TIGR03654,TIGR03723,TIGR03725,TIGR03953	TIGR00382,TIGR00928		TIGR00810,TIGR00964
GCF_003053465.1_genome	116	2	0	2	PF00380.20,PF00410.20,PF00466.21,PF01025.20,PF02576.18,PF03726.15,TIGR00006,TIGR00019,TIGR00020,TIGR00029,TIGR00043,TIGR00054,TIGR00059,TIGR00061,TIGR00064,TIGR00065,TIGR00082,TIGR00083,TIGR00084,TIGR00086,TIGR00088,TIGR00090,TIGR00092,TIGR00095,TIGR00115,TIGR00116,TIGR00138,TIGR00158,TIGR00166,TIGR00168,TIGR00186,TIGR00194,TIGR00250,TIGR00337,TIGR00344,TIGR00362,TIGR00392,TIGR00396,TIGR00398,TIGR00414,TIGR00416,TIGR00420,TIGR00431,TIGR00435,TIGR00436,TIGR00442,TIGR00445,TIGR00456,TIGR00459,TIGR00460,TIGR00468,TIGR00472,TIGR00487,TIGR00496,TIGR00539,TIGR00580,TIGR00593,TIGR00615,TIGR00631,TIGR00634,TIGR00635,TIGR00643,TIGR00663,TIGR00717,TIGR00755,TIGR00922,TIGR00959,TIGR00963,TIGR00967,TIGR01009,TIGR01011,TIGR01017,TIGR01021,TIGR01029,TIGR01032,TIGR01039,TIGR01044,TIGR01059,TIGR01063,TIGR01066,TIGR01071,TIGR01079,TIGR01082,TIGR01087,TIGR01128,TIGR01146,TIGR01164,TIGR01169,TIGR01171,TIGR01302,TIGR01391,TIGR01393,TIGR01394,TIGR01510,TIGR01632,TIGR01951,TIGR01953,TIGR02012,TIGR02013,TIGR02027,TIGR02075,TIGR02191,TIGR02273,TIGR02350,TIGR02386,TIGR02397,TIGR02432,TIGR02729,TIGR03263,TIGR03594,TIGR03625,TIGR03632,TIGR03654,TIGR03723,TIGR03725,TIGR03953	TIGR00382,TIGR00928		TIGR00810,TIGR00964
GCF_003053485.1_genome	108	3	7	2	PF00410.20,PF00466.21,PF01025.20,PF02576.18,PF03726.15,TIGR00019,TIGR00020,TIGR00029,TIGR00043,TIGR00054,TIGR00059,TIGR00061,TIGR00064,TIGR00082,TIGR00083,TIGR00084,TIGR00086,TIGR00088,TIGR00090,TIGR00092,TIGR00095,TIGR00115,TIGR00116,TIGR00138,TIGR00158,TIGR00166,TIGR00168,TIGR00186,TIGR00194,TIGR00250,TIGR00337,TIGR00344,TIGR00362,TIGR00392,TIGR00396,TIGR00398,TIGR00414,TIGR00416,TIGR00420,TIGR00431,TIGR00435,TIGR00436,TIGR00442,TIGR00456,TIGR00459,TIGR00460,TIGR00468,TIGR00472,TIGR00487,TIGR00496,TIGR00539,TIGR00580,TIGR00593,TIGR00615,TIGR00631,TIGR00634,TIGR00635,TIGR00643,TIGR00663,TIGR00717,TIGR00755,TIGR00922,TIGR00959,TIGR00967,TIGR01009,TIGR01011,TIGR01017,TIGR01021,TIGR01029,TIGR01032,TIGR01039,TIGR01044,TIGR01059,TIGR01063,TIGR01071,TIGR01079,TIGR01128,TIGR01146,TIGR01164,TIGR01169,TIGR01171,TIGR01302,TIGR01391,TIGR01393,TIGR01394,TIGR01510,TIGR01632,TIGR01951,TIGR01953,TIGR02012,TIGR02013,TIGR02027,TIGR02075,TIGR02191,TIGR02273,TIGR02350,TIGR02386,TIGR02397,TIGR02432,TIGR02729,TIGR03263,TIGR03594,TIGR03625,TIGR03632,TIGR03654,TIGR03723,TIGR03725,TIGR03953	TIGR00065,TIGR00382,TIGR00928	PF00380.20,TIGR00006,TIGR00445,TIGR00963,TIGR01066,TIGR01082,TIGR01087	TIGR00810,TIGR00964
GCF_003321505.1_genome	116	2	0	2	PF00380.20,PF00410.20,PF00466.21,PF01025.20,PF02576.18,PF03726.15,TIGR00006,TIGR00019,TIGR00020,TIGR00029,TIGR00043,TIGR00054,TIGR00059,TIGR00061,TIGR00064,TIGR00065,TIGR00082,TIGR00083,TIGR00084,TIGR00086,TIGR00088,TIGR00090,TIGR00092,TIGR00095,TIGR00115,TIGR00116,TIGR00138,TIGR00158,TIGR00166,TIGR00168,TIGR00186,TIGR00194,TIGR00250,TIGR00337,TIGR00344,TIGR00362,TIGR00392,TIGR00396,TIGR00398,TIGR00414,TIGR00416,TIGR00420,TIGR00431,TIGR00435,TIGR00436,TIGR00442,TIGR00445,TIGR00456,TIGR00459,TIGR00460,TIGR00468,TIGR00472,TIGR00487,TIGR00496,TIGR00539,TIGR00580,TIGR00593,TIGR00615,TIGR00631,TIGR00634,TIGR00635,TIGR00643,TIGR00663,TIGR00717,TIGR00755,TIGR00922,TIGR00959,TIGR00963,TIGR00967,TIGR01009,TIGR01011,TIGR01017,TIGR01021,TIGR01029,TIGR01032,TIGR01039,TIGR01044,TIGR01059,TIGR01063,TIGR01066,TIGR01071,TIGR01079,TIGR01082,TIGR01087,TIGR01128,TIGR01146,TIGR01164,TIGR01169,TIGR01171,TIGR01302,TIGR01391,TIGR01393,TIGR01394,TIGR01510,TIGR01632,TIGR01951,TIGR01953,TIGR02012,TIGR02013,TIGR02027,TIGR02075,TIGR02191,TIGR02273,TIGR02350,TIGR02386,TIGR02397,TIGR02432,TIGR02729,TIGR03263,TIGR03594,TIGR03625,TIGR03632,TIGR03654,TIGR03723,TIGR03725,TIGR03953	TIGR00382,TIGR00928		TIGR00810,TIGR00964
GCF_003628935.1_genome	116	2	0	2	PF00380.20,PF00410.20,PF00466.21,PF01025.20,PF02576.18,PF03726.15,TIGR00006,TIGR00019,TIGR00020,TIGR00029,TIGR00043,TIGR00054,TIGR00059,TIGR00061,TIGR00064,TIGR00065,TIGR00082,TIGR00083,TIGR00084,TIGR00086,TIGR00088,TIGR00090,TIGR00092,TIGR00095,TIGR00115,TIGR00116,TIGR00138,TIGR00158,TIGR00166,TIGR00168,TIGR00186,TIGR00194,TIGR00250,TIGR00337,TIGR00344,TIGR00362,TIGR00392,TIGR00396,TIGR00398,TIGR00414,TIGR00416,TIGR00420,TIGR00431,TIGR00435,TIGR00436,TIGR00442,TIGR00445,TIGR00456,TIGR00459,TIGR00460,TIGR00468,TIGR00472,TIGR00487,TIGR00496,TIGR00539,TIGR00580,TIGR00593,TIGR00615,TIGR00631,TIGR00634,TIGR00635,TIGR00643,TIGR00663,TIGR00717,TIGR00755,TIGR00922,TIGR00959,TIGR00963,TIGR00967,TIGR01009,TIGR01011,TIGR01017,TIGR01021,TIGR01029,TIGR01032,TIGR01039,TIGR01044,TIGR01059,TIGR01063,TIGR01066,TIGR01071,TIGR01079,TIGR01082,TIGR01087,TIGR01128,TIGR01146,TIGR01164,TIGR01169,TIGR01171,TIGR01302,TIGR01391,TIGR01393,TIGR01394,TIGR01510,TIGR01632,TIGR01951,TIGR01953,TIGR02012,TIGR02013,TIGR02027,TIGR02075,TIGR02191,TIGR02273,TIGR02350,TIGR02386,TIGR02397,TIGR02432,TIGR02729,TIGR03263,TIGR03594,TIGR03625,TIGR03632,TIGR03654,TIGR03723,TIGR03725,TIGR03953	TIGR00382,TIGR00928		TIGR00810,TIGR00964
GCF_003628945.1_genome	116	2	0	2	PF00380.20,PF00410.20,PF00466.21,PF01025.20,PF02576.18,PF03726.15,TIGR00006,TIGR00019,TIGR00020,TIGR00029,TIGR00043,TIGR00054,TIGR00059,TIGR00061,TIGR00064,TIGR00065,TIGR00082,TIGR00083,TIGR00084,TIGR00086,TIGR00088,TIGR00090,TIGR00092,TIGR00095,TIGR00115,TIGR00116,TIGR00138,TIGR00158,TIGR00166,TIGR00168,TIGR00186,TIGR00194,TIGR00250,TIGR00337,TIGR00344,TIGR00362,TIGR00392,TIGR00396,TIGR00398,TIGR00414,TIGR00416,TIGR00420,TIGR00431,TIGR00435,TIGR00436,TIGR00442,TIGR00445,TIGR00456,TIGR00459,TIGR00460,TIGR00468,TIGR00472,TIGR00487,TIGR00496,TIGR00539,TIGR00580,TIGR00593,TIGR00615,TIGR00631,TIGR00634,TIGR00635,TIGR00643,TIGR00663,TIGR00717,TIGR00755,TIGR00922,TIGR00959,TIGR00963,TIGR00967,TIGR01009,TIGR01011,TIGR01017,TIGR01021,TIGR01029,TIGR01032,TIGR01039,TIGR01044,TIGR01059,TIGR01063,TIGR01066,TIGR01071,TIGR01079,TIGR01082,TIGR01087,TIGR01128,TIGR01146,TIGR01164,TIGR01169,TIGR01171,TIGR01302,TIGR01391,TIGR01393,TIGR01394,TIGR01510,TIGR01632,TIGR01951,TIGR01953,TIGR02012,TIGR02013,TIGR02027,TIGR02075,TIGR02191,TIGR02273,TIGR02350,TIGR02386,TIGR02397,TIGR02432,TIGR02729,TIGR03263,TIGR03594,TIGR03625,TIGR03632,TIGR03654,TIGR03723,TIGR03725,TIGR03953	TIGR00382,TIGR00928		TIGR00810,TIGR00964
GCF_003628975.1_genome	112	4	0	4	PF00380.20,PF00410.20,PF00466.21,PF01025.20,PF02576.18,PF03726.15,TIGR00006,TIGR00019,TIGR00020,TIGR00029,TIGR00043,TIGR00054,TIGR00059,TIGR00061,TIGR00064,TIGR00065,TIGR00082,TIGR00083,TIGR00084,TIGR00086,TIGR00088,TIGR00090,TIGR00092,TIGR00095,TIGR00115,TIGR00116,TIGR00138,TIGR00158,TIGR00166,TIGR00168,TIGR00186,TIGR00194,TIGR00250,TIGR00337,TIGR00344,TIGR00362,TIGR00392,TIGR00396,TIGR00398,TIGR00414,TIGR00416,TIGR00420,TIGR00431,TIGR00435,TIGR00436,TIGR00442,TIGR00445,TIGR00456,TIGR00459,TIGR00460,TIGR00468,TIGR00487,TIGR00496,TIGR00539,TIGR00580,TIGR00593,TIGR00615,TIGR00631,TIGR00634,TIGR00635,TIGR00643,TIGR00663,TIGR00717,TIGR00755,TIGR00922,TIGR00959,TIGR00963,TIGR00967,TIGR01009,TIGR01011,TIGR01017,TIGR01021,TIGR01032,TIGR01044,TIGR01063,TIGR01066,TIGR01071,TIGR01079,TIGR01082,TIGR01087,TIGR01128,TIGR01146,TIGR01164,TIGR01169,TIGR01171,TIGR01302,TIGR01391,TIGR01393,TIGR01394,TIGR01510,TIGR01632,TIGR01951,TIGR01953,TIGR02012,TIGR02013,TIGR02027,TIGR02075,TIGR02191,TIGR02273,TIGR02350,TIGR02386,TIGR02397,TIGR02432,TIGR02729,TIGR03263,TIGR03594,TIGR03625,TIGR03632,TIGR03654,TIGR03723,TIGR03725,TIGR03953	TIGR00382,TIGR00472,TIGR00928,TIGR01039		TIGR00810,TIGR00964,TIGR01029,TIGR01059
GCF_003628985.1_genome	116	2	0	2	PF00380.20,PF00410.20,PF00466.21,PF01025.20,PF02576.18,PF03726.15,TIGR00006,TIGR00019,TIGR00020,TIGR00029,TIGR00043,TIGR00054,TIGR00059,TIGR00061,TIGR00064,TIGR00065,TIGR00082,TIGR00083,TIGR00084,TIGR00086,TIGR00088,TIGR00090,TIGR00092,TIGR00095,TIGR00115,TIGR00116,TIGR00138,TIGR00158,TIGR00166,TIGR00168,TIGR00186,TIGR00194,TIGR00250,TIGR00337,TIGR00344,TIGR00362,TIGR00392,TIGR00396,TIGR00398,TIGR00414,TIGR00416,TIGR00420,TIGR00431,TIGR00435,TIGR00436,TIGR00442,TIGR00445,TIGR00456,TIGR00459,TIGR00460,TIGR00468,TIGR00472,TIGR00487,TIGR00496,TIGR00539,TIGR00580,TIGR00593,TIGR00615,TIGR00631,TIGR00634,TIGR00635,TIGR00643,TIGR00663,TIGR00717,TIGR00755,TIGR00922,TIGR00959,TIGR00963,TIGR00967,TIGR01009,TIGR01011,TIGR01017,TIGR01021,TIGR01029,TIGR01032,TIGR01039,TIGR01044,TIGR01059,TIGR01063,TIGR01066,TIGR01071,TIGR01079,TIGR01082,TIGR01087,TIGR01128,TIGR01146,TIGR01164,TIGR01169,TIGR01171,TIGR01302,TIGR01391,TIGR01393,TIGR01394,TIGR01510,TIGR01632,TIGR01951,TIGR01953,TIGR02012,TIGR02013,TIGR02027,TIGR02075,TIGR02191,TIGR02273,TIGR02350,TIGR02386,TIGR02397,TIGR02432,TIGR02729,TIGR03263,TIGR03594,TIGR03625,TIGR03632,TIGR03654,TIGR03723,TIGR03725,TIGR03953	TIGR00382,TIGR00928		TIGR00810,TIGR00964
GCF_003629035.1_genome	111	3	0	6	PF00380.20,PF00410.20,PF00466.21,PF01025.20,PF02576.18,PF03726.15,TIGR00006,TIGR00019,TIGR00020,TIGR00029,TIGR00043,TIGR00054,TIGR00059,TIGR00061,TIGR00065,TIGR00082,TIGR00083,TIGR00084,TIGR00086,TIGR00088,TIGR00090,TIGR00092,TIGR00095,TIGR00115,TIGR00116,TIGR00138,TIGR00158,TIGR00166,TIGR00168,TIGR00186,TIGR00194,TIGR00250,TIGR00337,TIGR00344,TIGR00362,TIGR00392,TIGR00396,TIGR00398,TIGR00414,TIGR00416,TIGR00420,TIGR00431,TIGR00435,TIGR00436,TIGR00442,TIGR00445,TIGR00456,TIGR00459,TIGR00460,TIGR00468,TIGR00472,TIGR00487,TIGR00496,TIGR00539,TIGR00580,TIGR00615,TIGR00631,TIGR00634,TIGR00635,TIGR00643,TIGR00663,TIGR00717,TIGR00755,TIGR00922,TIGR00967,TIGR01009,TIGR01011,TIGR01017,TIGR01021,TIGR01029,TIGR01032,TIGR01039,TIGR01044,TIGR01059,TIGR01063,TIGR01066,TIGR01071,TIGR01079,TIGR01082,TIGR01087,TIGR01128,TIGR01146,TIGR01164,TIGR01169,TIGR01171,TIGR01302,TIGR01391,TIGR01393,TIGR01394,TIGR01510,TIGR01632,TIGR01951,TIGR01953,TIGR02012,TIGR02013,TIGR02027,TIGR02075,TIGR02191,TIGR02273,TIGR02350,TIGR02397,TIGR02432,TIGR02729,TIGR03263,TIGR03594,TIGR03625,TIGR03632,TIGR03654,TIGR03723,TIGR03725,TIGR03953	TIGR00382,TIGR00593,TIGR00928		TIGR00064,TIGR00810,TIGR00959,TIGR00963,TIGR00964,TIGR02386
GCF_003629045.1_genome	116	2	0	2	PF00380.20,PF00410.20,PF00466.21,PF01025.20,PF02576.18,PF03726.15,TIGR00006,TIGR00019,TIGR00020,TIGR00029,TIGR00043,TIGR00054,TIGR00059,TIGR00061,TIGR00064,TIGR00065,TIGR00082,TIGR00083,TIGR00084,TIGR00086,TIGR00088,TIGR00090,TIGR00092,TIGR00095,TIGR00115,TIGR00116,TIGR00138,TIGR00158,TIGR00166,TIGR00168,TIGR00186,TIGR00194,TIGR00250,TIGR00337,TIGR00344,TIGR00362,TIGR00392,TIGR00396,TIGR00398,TIGR00414,TIGR00416,TIGR00420,TIGR00431,TIGR00435,TIGR00436,TIGR00442,TIGR00445,TIGR00456,TIGR00459,TIGR00460,TIGR00468,TIGR00472,TIGR00487,TIGR00496,TIGR00539,TIGR00580,TIGR00593,TIGR00615,TIGR00631,TIGR00634,TIGR00635,TIGR00643,TIGR00663,TIGR00717,TIGR00755,TIGR00922,TIGR00959,TIGR00963,TIGR00967,TIGR01009,TIGR01011,TIGR01017,TIGR01021,TIGR01029,TIGR01032,TIGR01039,TIGR01044,TIGR01059,TIGR01063,TIGR01066,TIGR01071,TIGR01079,TIGR01082,TIGR01087,TIGR01128,TIGR01146,TIGR01164,TIGR01169,TIGR01171,TIGR01302,TIGR01391,TIGR01393,TIGR01394,TIGR01510,TIGR01632,TIGR01951,TIGR01953,TIGR02012,TIGR02013,TIGR02027,TIGR02075,TIGR02191,TIGR02273,TIGR02350,TIGR02386,TIGR02397,TIGR02432,TIGR02729,TIGR03263,TIGR03594,TIGR03625,TIGR03632,TIGR03654,TIGR03723,TIGR03725,TIGR03953	TIGR00382,TIGR00928		TIGR00810,TIGR00964
GCF_003629055.1_genome	109	6	0	5	PF00410.20,PF00466.21,PF01025.20,PF02576.18,PF03726.15,TIGR00006,TIGR00019,TIGR00020,TIGR00029,TIGR00043,TIGR00054,TIGR00059,TIGR00061,TIGR00065,TIGR00082,TIGR00083,TIGR00084,TIGR00086,TIGR00088,TIGR00090,TIGR00092,TIGR00095,TIGR00115,TIGR00116,TIGR00138,TIGR00158,TIGR00166,TIGR00168,TIGR00186,TIGR00194,TIGR00250,TIGR00344,TIGR00362,TIGR00392,TIGR00396,TIGR00398,TIGR00414,TIGR00416,TIGR00420,TIGR00435,TIGR00436,TIGR00442,TIGR00445,TIGR00456,TIGR00459,TIGR00460,TIGR00468,TIGR00472,TIGR00487,TIGR00496,TIGR00539,TIGR00580,TIGR00593,TIGR00615,TIGR00631,TIGR00634,TIGR00635,TIGR00643,TIGR00663,TIGR00717,TIGR00755,TIGR00922,TIGR00959,TIGR00963,TIGR00967,TIGR01009,TIGR01011,TIGR01017,TIGR01021,TIGR01029,TIGR01032,TIGR01039,TIGR01044,TIGR01063,TIGR01066,TIGR01071,TIGR01079,TIGR01082,TIGR01087,TIGR01128,TIGR01146,TIGR01164,TIGR01169,TIGR01171,TIGR01302,TIGR01391,TIGR01393,TIGR01510,TIGR01632,TIGR01951,TIGR01953,TIGR02012,TIGR02013,TIGR02027,TIGR02075,TIGR02191,TIGR02273,TIGR02350,TIGR02386,TIGR02397,TIGR02432,TIGR03263,TIGR03594,TIGR03625,TIGR03632,TIGR03654,TIGR03723,TIGR03725,TIGR03953	PF00380.20,TIGR00382,TIGR00431,TIGR00928,TIGR01394,TIGR02729		TIGR00064,TIGR00337,TIGR00810,TIGR00964,TIGR01059
GCF_003629085.1_genome	115	3	0	2	PF00380.20,PF00410.20,PF00466.21,PF01025.20,PF02576.18,PF03726.15,TIGR00006,TIGR00019,TIGR00020,TIGR00029,TIGR00043,TIGR00054,TIGR00059,TIGR00061,TIGR00064,TIGR00065,TIGR00082,TIGR00084,TIGR00086,TIGR00088,TIGR00090,TIGR00092,TIGR00095,TIGR00115,TIGR00116,TIGR00138,TIGR00158,TIGR00166,TIGR00168,TIGR00186,TIGR00194,TIGR00250,TIGR00337,TIGR00344,TIGR00362,TIGR00392,TIGR00396,TIGR00398,TIGR00414,TIGR00416,TIGR00420,TIGR00431,TIGR00435,TIGR00436,TIGR00442,TIGR00445,TIGR00456,TIGR00459,TIGR00460,TIGR00468,TIGR00472,TIGR00487,TIGR00496,TIGR00539,TIGR00580,TIGR00593,TIGR00615,TIGR00631,TIGR00634,TIGR00635,TIGR00643,TIGR00663,TIGR00717,TIGR00755,TIGR00922,TIGR00959,TIGR00963,TIGR00967,TIGR01009,TIGR01011,TIGR01017,TIGR01021,TIGR01029,TIGR01032,TIGR01039,TIGR01044,TIGR01059,TIGR01063,TIGR01066,TIGR01071,TIGR01079,TIGR01082,TIGR01087,TIGR01128,TIGR01146,TIGR01164,TIGR01169,TIGR01171,TIGR01302,TIGR01391,TIGR01393,TIGR01394,TIGR01510,TIGR01632,TIGR01951,TIGR01953,TIGR02012,TIGR02013,TIGR02027,TIGR02075,TIGR02191,TIGR02273,TIGR02350,TIGR02386,TIGR02397,TIGR02432,TIGR02729,TIGR03263,TIGR03594,TIGR03625,TIGR03632,TIGR03654,TIGR03723,TIGR03725,TIGR03953	TIGR00083,TIGR00382,TIGR00928		TIGR00810,TIGR00964
GCF_003629135.1_genome	116	2	0	2	PF00380.20,PF00410.20,PF00466.21,PF01025.20,PF02576.18,PF03726.15,TIGR00006,TIGR00019,TIGR00020,TIGR00029,TIGR00043,TIGR00054,TIGR00059,TIGR00061,TIGR00064,TIGR00065,TIGR00082,TIGR00084,TIGR00086,TIGR00088,TIGR00090,TIGR00092,TIGR00095,TIGR00115,TIGR00116,TIGR00138,TIGR00158,TIGR00166,TIGR00168,TIGR00186,TIGR00194,TIGR00250,TIGR00337,TIGR00344,TIGR00362,TIGR00392,TIGR00396,TIGR00398,TIGR00414,TIGR00416,TIGR00420,TIGR00431,TIGR00435,TIGR00436,TIGR00442,TIGR00445,TIGR00456,TIGR00459,TIGR00460,TIGR00468,TIGR00472,TIGR00487,TIGR00496,TIGR00539,TIGR00580,TIGR00593,TIGR00615,TIGR00631,TIGR00634,TIGR00635,TIGR00643,TIGR00663,TIGR00717,TIGR00755,TIGR00922,TIGR00928,TIGR00959,TIGR00963,TIGR00967,TIGR01009,TIGR01011,TIGR01017,TIGR01021,TIGR01029,TIGR01032,TIGR01039,TIGR01044,TIGR01059,TIGR01063,TIGR01066,TIGR01071,TIGR01079,TIGR01082,TIGR01087,TIGR01128,TIGR01146,TIGR01164,TIGR01169,TIGR01171,TIGR01302,TIGR01391,TIGR01393,TIGR01394,TIGR01510,TIGR01632,TIGR01951,TIGR01953,TIGR02012,TIGR02013,TIGR02027,TIGR02075,TIGR02191,TIGR02273,TIGR02350,TIGR02386,TIGR02397,TIGR02432,TIGR02729,TIGR03263,TIGR03594,TIGR03625,TIGR03632,TIGR03654,TIGR03723,TIGR03725,TIGR03953	TIGR00083,TIGR00382		TIGR00810,TIGR00964
GCF_003629295.1_genome	112	5	0	3	PF00380.20,PF00410.20,PF00466.21,PF01025.20,PF02576.18,PF03726.15,TIGR00006,TIGR00019,TIGR00020,TIGR00029,TIGR00043,TIGR00054,TIGR00059,TIGR00061,TIGR00064,TIGR00065,TIGR00082,TIGR00083,TIGR00084,TIGR00086,TIGR00088,TIGR00090,TIGR00092,TIGR00095,TIGR00115,TIGR00116,TIGR00138,TIGR00158,TIGR00166,TIGR00168,TIGR00186,TIGR00194,TIGR00250,TIGR00337,TIGR00344,TIGR00362,TIGR00382,TIGR00392,TIGR00398,TIGR00414,TIGR00416,TIGR00420,TIGR00431,TIGR00435,TIGR00436,TIGR00442,TIGR00445,TIGR00456,TIGR00460,TIGR00468,TIGR00472,TIGR00487,TIGR00496,TIGR00539,TIGR00580,TIGR00593,TIGR00615,TIGR00631,TIGR00634,TIGR00635,TIGR00663,TIGR00717,TIGR00755,TIGR00922,TIGR00959,TIGR00963,TIGR00967,TIGR01009,TIGR01011,TIGR01017,TIGR01021,TIGR01029,TIGR01032,TIGR01039,TIGR01044,TIGR01059,TIGR01063,TIGR01066,TIGR01071,TIGR01079,TIGR01082,TIGR01087,TIGR01128,TIGR01146,TIGR01164,TIGR01169,TIGR01171,TIGR01302,TIGR01391,TIGR01393,TIGR01394,TIGR01510,TIGR01632,TIGR01951,TIGR01953,TIGR02012,TIGR02013,TIGR02027,TIGR02075,TIGR02191,TIGR02273,TIGR02350,TIGR02386,TIGR02397,TIGR02432,TIGR02729,TIGR03263,TIGR03632,TIGR03654,TIGR03723,TIGR03725,TIGR03953	TIGR00396,TIGR00459,TIGR00928,TIGR03594,TIGR03625		TIGR00643,TIGR00810,TIGR00964
GCF_003629345.1_genome	116	2	0	2	PF00380.20,PF00410.20,PF00466.21,PF01025.20,PF02576.18,PF03726.15,TIGR00006,TIGR00019,TIGR00020,TIGR00029,TIGR00043,TIGR00054,TIGR00059,TIGR00061,TIGR00064,TIGR00065,TIGR00082,TIGR00083,TIGR00084,TIGR00086,TIGR00088,TIGR00090,TIGR00092,TIGR00095,TIGR00115,TIGR00116,TIGR00138,TIGR00158,TIGR00166,TIGR00168,TIGR00186,TIGR00194,TIGR00250,TIGR00337,TIGR00344,TIGR00362,TIGR00392,TIGR00396,TIGR00398,TIGR00414,TIGR00416,TIGR00420,TIGR00431,TIGR00435,TIGR00436,TIGR00442,TIGR00445,TIGR00456,TIGR00459,TIGR00460,TIGR00468,TIGR00472,TIGR00487,TIGR00496,TIGR00539,TIGR00580,TIGR00593,TIGR00615,TIGR00631,TIGR00634,TIGR00635,TIGR00643,TIGR00663,TIGR00717,TIGR00755,TIGR00922,TIGR00959,TIGR00963,TIGR00967,TIGR01009,TIGR01011,TIGR01017,TIGR01021,TIGR01029,TIGR01032,TIGR01039,TIGR01044,TIGR01059,TIGR01063,TIGR01066,TIGR01071,TIGR01079,TIGR01082,TIGR01087,TIGR01128,TIGR01146,TIGR01164,TIGR01169,TIGR01171,TIGR01302,TIGR01391,TIGR01393,TIGR01394,TIGR01510,TIGR01632,TIGR01951,TIGR01953,TIGR02012,TIGR02013,TIGR02027,TIGR02075,TIGR02191,TIGR02273,TIGR02350,TIGR02386,TIGR02397,TIGR02432,TIGR02729,TIGR03263,TIGR03594,TIGR03625,TIGR03632,TIGR03654,TIGR03723,TIGR03725,TIGR03953	TIGR00382,TIGR00928		TIGR00810,TIGR00964
GCF_003629445.1_genome	113	4	0	3	PF00380.20,PF00410.20,PF01025.20,PF02576.18,PF03726.15,TIGR00006,TIGR00019,TIGR00020,TIGR00029,TIGR00043,TIGR00054,TIGR00059,TIGR00061,TIGR00064,TIGR00065,TIGR00082,TIGR00083,TIGR00084,TIGR00086,TIGR00088,TIGR00090,TIGR00092,TIGR00095,TIGR00115,TIGR00116,TIGR00138,TIGR00158,TIGR00166,TIGR00168,TIGR00186,TIGR00194,TIGR00250,TIGR00337,TIGR00344,TIGR00362,TIGR00392,TIGR00396,TIGR00398,TIGR00414,TIGR00416,TIGR00420,TIGR00431,TIGR00435,TIGR00436,TIGR00442,TIGR00445,TIGR00456,TIGR00459,TIGR00460,TIGR00468,TIGR00472,TIGR00487,TIGR00496,TIGR00539,TIGR00580,TIGR00593,TIGR00615,TIGR00631,TIGR00634,TIGR00635,TIGR00643,TIGR00663,TIGR00717,TIGR00755,TIGR00922,TIGR00959,TIGR00963,TIGR00967,TIGR01009,TIGR01011,TIGR01017,TIGR01021,TIGR01029,TIGR01032,TIGR01039,TIGR01044,TIGR01063,TIGR01066,TIGR01071,TIGR01079,TIGR01082,TIGR01087,TIGR01128,TIGR01146,TIGR01164,TIGR01169,TIGR01171,TIGR01302,TIGR01391,TIGR01393,TIGR01510,TIGR01632,TIGR01951,TIGR01953,TIGR02012,TIGR02013,TIGR02027,TIGR02075,TIGR02191,TIGR02273,TIGR02350,TIGR02386,TIGR02397,TIGR02432,TIGR02729,TIGR03263,TIGR03594,TIGR03625,TIGR03632,TIGR03654,TIGR03723,TIGR03725,TIGR03953	PF00466.21,TIGR00382,TIGR00928,TIGR01394		TIGR00810,TIGR00964,TIGR01059
GCF_003629485.1_genome	116	2	0	2	PF00380.20,PF00410.20,PF00466.21,PF01025.20,PF02576.18,PF03726.15,TIGR00006,TIGR00019,TIGR00020,TIGR00029,TIGR00043,TIGR00054,TIGR00059,TIGR00061,TIGR00064,TIGR00065,TIGR00082,TIGR00083,TIGR00084,TIGR00086,TIGR00088,TIGR00090,TIGR00092,TIGR00095,TIGR00115,TIGR00116,TIGR00138,TIGR00158,TIGR00166,TIGR00168,TIGR00186,TIGR00194,TIGR00250,TIGR00337,TIGR00344,TIGR00362,TIGR00392,TIGR00396,TIGR00398,TIGR00414,TIGR00416,TIGR00420,TIGR00431,TIGR00435,TIGR00436,TIGR00442,TIGR00445,TIGR00456,TIGR00459,TIGR00460,TIGR00468,TIGR00472,TIGR00487,TIGR00496,TIGR00539,TIGR00580,TIGR00593,TIGR00615,TIGR00631,TIGR00634,TIGR00635,TIGR00643,TIGR00663,TIGR00717,TIGR00755,TIGR00922,TIGR00959,TIGR00963,TIGR00967,TIGR01009,TIGR01011,TIGR01017,TIGR01021,TIGR01029,TIGR01032,TIGR01039,TIGR01044,TIGR01059,TIGR01063,TIGR01066,TIGR01071,TIGR01079,TIGR01082,TIGR01087,TIGR01128,TIGR01146,TIGR01164,TIGR01169,TIGR01171,TIGR01302,TIGR01391,TIGR01393,TIGR01394,TIGR01510,TIGR01632,TIGR01951,TIGR01953,TIGR02012,TIGR02013,TIGR02027,TIGR02075,TIGR02191,TIGR02273,TIGR02350,TIGR02386,TIGR02397,TIGR02432,TIGR02729,TIGR03263,TIGR03594,TIGR03625,TIGR03632,TIGR03654,TIGR03723,TIGR03725,TIGR03953	TIGR00382,TIGR00928		TIGR00810,TIGR00964
GCF_003629535.1_genome	115	2	0	3	PF00380.20,PF00410.20,PF00466.21,PF01025.20,PF02576.18,PF03726.15,TIGR00006,TIGR00019,TIGR00020,TIGR00029,TIGR00043,TIGR00054,TIGR00059,TIGR00061,TIGR00064,TIGR00065,TIGR00082,TIGR00083,TIGR00084,TIGR00086,TIGR00088,TIGR00090,TIGR00092,TIGR00095,TIGR00115,TIGR00116,TIGR00138,TIGR00158,TIGR00166,TIGR00168,TIGR00186,TIGR00194,TIGR00250,TIGR00337,TIGR00344,TIGR00362,TIGR00392,TIGR00396,TIGR00398,TIGR00414,TIGR00416,TIGR00420,TIGR00431,TIGR00435,TIGR00436,TIGR00442,TIGR00445,TIGR00456,TIGR00459,TIGR00460,TIGR00468,TIGR00472,TIGR00487,TIGR00496,TIGR00539,TIGR00580,TIGR00593,TIGR00615,TIGR00631,TIGR00634,TIGR00635,TIGR00643,TIGR00663,TIGR00717,TIGR00755,TIGR00922,TIGR00959,TIGR00963,TIGR00967,TIGR01009,TIGR01011,TIGR01017,TIGR01021,TIGR01029,TIGR01032,TIGR01039,TIGR01044,TIGR01059,TIGR01063,TIGR01066,TIGR01071,TIGR01079,TIGR01082,TIGR01087,TIGR01128,TIGR01146,TIGR01164,TIGR01169,TIGR01171,TIGR01302,TIGR01391,TIGR01393,TIGR01394,TIGR01510,TIGR01632,TIGR01951,TIGR01953,TIGR02012,TIGR02013,TIGR02027,TIGR02075,TIGR02191,TIGR02273,TIGR02386,TIGR02397,TIGR02432,TIGR02729,TIGR03263,TIGR03594,TIGR03625,TIGR03632,TIGR03654,TIGR03723,TIGR03725,TIGR03953	TIGR00382,TIGR00928		TIGR00810,TIGR00964,TIGR02350
GCF_003629545.1_genome	115	3	0	2	PF00380.20,PF00410.20,PF00466.21,PF01025.20,PF02576.18,PF03726.15,TIGR00006,TIGR00019,TIGR00020,TIGR00029,TIGR00043,TIGR00054,TIGR00059,TIGR00061,TIGR00064,TIGR00065,TIGR00082,TIGR00083,TIGR00084,TIGR00086,TIGR00088,TIGR00090,TIGR00092,TIGR00095,TIGR00115,TIGR00116,TIGR00138,TIGR00158,TIGR00166,TIGR00168,TIGR00186,TIGR00194,TIGR00250,TIGR00337,TIGR00344,TIGR00362,TIGR00392,TIGR00396,TIGR00398,TIGR00414,TIGR00416,TIGR00420,TIGR00431,TIGR00435,TIGR00436,TIGR00442,TIGR00445,TIGR00456,TIGR00459,TIGR00460,TIGR00468,TIGR00472,TIGR00487,TIGR00496,TIGR00539,TIGR00580,TIGR00593,TIGR00615,TIGR00631,TIGR00634,TIGR00635,TIGR00643,TIGR00663,TIGR00717,TIGR00755,TIGR00922,TIGR00959,TIGR00963,TIGR00967,TIGR01009,TIGR01011,TIGR01017,TIGR01021,TIGR01029,TIGR01032,TIGR01039,TIGR01044,TIGR01059,TIGR01063,TIGR01066,TIGR01071,TIGR01079,TIGR01082,TIGR01087,TIGR01128,TIGR01146,TIGR01164,TIGR01169,TIGR01171,TIGR01302,TIGR01391,TIGR01394,TIGR01510,TIGR01632,TIGR01951,TIGR01953,TIGR02012,TIGR02013,TIGR02027,TIGR02075,TIGR02191,TIGR02273,TIGR02350,TIGR02386,TIGR02397,TIGR02432,TIGR02729,TIGR03263,TIGR03594,TIGR03625,TIGR03632,TIGR03654,TIGR03723,TIGR03725,TIGR03953	TIGR00382,TIGR00928,TIGR01393		TIGR00810,TIGR00964
GCF_003629555.1_genome	116	2	0	2	PF00380.20,PF00410.20,PF00466.21,PF01025.20,PF02576.18,PF03726.15,TIGR00006,TIGR00019,TIGR00020,TIGR00029,TIGR00043,TIGR00054,TIGR00059,TIGR00061,TIGR00064,TIGR00065,TIGR00082,TIGR00083,TIGR00084,TIGR00086,TIGR00088,TIGR00090,TIGR00092,TIGR00095,TIGR00115,TIGR00116,TIGR00138,TIGR00158,TIGR00166,TIGR00168,TIGR00186,TIGR00194,TIGR00250,TIGR00337,TIGR00344,TIGR00362,TIGR00392,TIGR00396,TIGR00398,TIGR00414,TIGR00416,TIGR00420,TIGR00431,TIGR00435,TIGR00436,TIGR00442,TIGR00445,TIGR00456,TIGR00459,TIGR00460,TIGR00468,TIGR00472,TIGR00487,TIGR00496,TIGR00539,TIGR00580,TIGR00593,TIGR00615,TIGR00631,TIGR00634,TIGR00635,TIGR00643,TIGR00663,TIGR00717,TIGR00755,TIGR00922,TIGR00959,TIGR00963,TIGR00967,TIGR01009,TIGR01011,TIGR01017,TIGR01021,TIGR01029,TIGR01032,TIGR01039,TIGR01044,TIGR01059,TIGR01063,TIGR01066,TIGR01071,TIGR01079,TIGR01082,TIGR01087,TIGR01128,TIGR01146,TIGR01164,TIGR01169,TIGR01171,TIGR01302,TIGR01391,TIGR01393,TIGR01394,TIGR01510,TIGR01632,TIGR01951,TIGR01953,TIGR02012,TIGR02013,TIGR02027,TIGR02075,TIGR02191,TIGR02273,TIGR02350,TIGR02386,TIGR02397,TIGR02432,TIGR02729,TIGR03263,TIGR03594,TIGR03625,TIGR03632,TIGR03654,TIGR03723,TIGR03725,TIGR03953	TIGR00382,TIGR00928		TIGR00810,TIGR00964
GCF_003629595.1_genome	114	4	0	2	PF00380.20,PF00410.20,PF00466.21,PF01025.20,PF02576.18,PF03726.15,TIGR00006,TIGR00019,TIGR00020,TIGR00029,TIGR00043,TIGR00054,TIGR00059,TIGR00061,TIGR00064,TIGR00065,TIGR00082,TIGR00083,TIGR00084,TIGR00086,TIGR00088,TIGR00090,TIGR00092,TIGR00095,TIGR00115,TIGR00116,TIGR00138,TIGR00158,TIGR00166,TIGR00168,TIGR00186,TIGR00194,TIGR00250,TIGR00337,TIGR00344,TIGR00362,TIGR00392,TIGR00398,TIGR00414,TIGR00416,TIGR00420,TIGR00431,TIGR00435,TIGR00436,TIGR00442,TIGR00445,TIGR00459,TIGR00460,TIGR00468,TIGR00472,TIGR00487,TIGR00496,TIGR00539,TIGR00580,TIGR00593,TIGR00615,TIGR00631,TIGR00634,TIGR00635,TIGR00643,TIGR00663,TIGR00717,TIGR00755,TIGR00922,TIGR00959,TIGR00963,TIGR00967,TIGR01009,TIGR01011,TIGR01017,TIGR01021,TIGR01029,TIGR01032,TIGR01039,TIGR01044,TIGR01059,TIGR01063,TIGR01066,TIGR01071,TIGR01079,TIGR01082,TIGR01087,TIGR01128,TIGR01146,TIGR01164,TIGR01169,TIGR01171,TIGR01302,TIGR01391,TIGR01393,TIGR01394,TIGR01510,TIGR01632,TIGR01951,TIGR01953,TIGR02012,TIGR02013,TIGR02027,TIGR02075,TIGR02191,TIGR02273,TIGR02350,TIGR02386,TIGR02397,TIGR02432,TIGR02729,TIGR03263,TIGR03594,TIGR03625,TIGR03632,TIGR03654,TIGR03723,TIGR03725,TIGR03953	TIGR00382,TIGR00396,TIGR00456,TIGR00928		TIGR00810,TIGR00964
GCF_003629605.1_genome	114	3	0	3	PF00380.20,PF00410.20,PF00466.21,PF01025.20,PF02576.18,PF03726.15,TIGR00006,TIGR00019,TIGR00020,TIGR00029,TIGR00043,TIGR00054,TIGR00059,TIGR00061,TIGR00064,TIGR00065,TIGR00082,TIGR00083,TIGR00084,TIGR00086,TIGR00088,TIGR00090,TIGR00092,TIGR00095,TIGR00115,TIGR00116,TIGR00138,TIGR00158,TIGR00166,TIGR00168,TIGR00186,TIGR00194,TIGR00250,TIGR00337,TIGR00344,TIGR00362,TIGR00392,TIGR00396,TIGR00398,TIGR00414,TIGR00416,TIGR00420,TIGR00431,TIGR00435,TIGR00436,TIGR00442,TIGR00445,TIGR00456,TIGR00459,TIGR00460,TIGR00468,TIGR00472,TIGR00487,TIGR00496,TIGR00539,TIGR00580,TIGR00593,TIGR00615,TIGR00631,TIGR00634,TIGR00635,TIGR00643,TIGR00663,TIGR00717,TIGR00755,TIGR00922,TIGR00959,TIGR00963,TIGR00967,TIGR01009,TIGR01011,TIGR01017,TIGR01021,TIGR01029,TIGR01032,TIGR01039,TIGR01044,TIGR01059,TIGR01063,TIGR01066,TIGR01071,TIGR01079,TIGR01082,TIGR01087,TIGR01128,TIGR01146,TIGR01164,TIGR01169,TIGR01171,TIGR01302,TIGR01391,TIGR01393,TIGR01394,TIGR01510,TIGR01632,TIGR01951,TIGR01953,TIGR02012,TIGR02027,TIGR02075,TIGR02273,TIGR02350,TIGR02386,TIGR02397,TIGR02432,TIGR02729,TIGR03263,TIGR03594,TIGR03625,TIGR03632,TIGR03654,TIGR03723,TIGR03725,TIGR03953	TIGR00382,TIGR00928,TIGR02013		TIGR00810,TIGR00964,TIGR02191
GCF_003629625.1_genome	114	3	0	3	PF00380.20,PF00410.20,PF00466.21,PF01025.20,PF02576.18,PF03726.15,TIGR00006,TIGR00019,TIGR00020,TIGR00029,TIGR00043,TIGR00054,TIGR00059,TIGR00061,TIGR00064,TIGR00065,TIGR00082,TIGR00083,TIGR00084,TIGR00086,TIGR00088,TIGR00090,TIGR00092,TIGR00095,TIGR00115,TIGR00116,TIGR00138,TIGR00158,TIGR00166,TIGR00168,TIGR00186,TIGR00194,TIGR00250,TIGR00337,TIGR00344,TIGR00362,TIGR00392,TIGR00396,TIGR00398,TIGR00414,TIGR00416,TIGR00420,TIGR00431,TIGR00435,TIGR00436,TIGR00442,TIGR00445,TIGR00456,TIGR00459,TIGR00460,TIGR00468,TIGR00472,TIGR00487,TIGR00496,TIGR00539,TIGR00580,TIGR00593,TIGR00615,TIGR00631,TIGR00634,TIGR00635,TIGR00643,TIGR00663,TIGR00717,TIGR00755,TIGR00922,TIGR00959,TIGR00963,TIGR00967,TIGR01009,TIGR01011,TIGR01017,TIGR01021,TIGR01029,TIGR01032,TIGR01039,TIGR01044,TIGR01063,TIGR01066,TIGR01071,TIGR01079,TIGR01082,TIGR01087,TIGR01128,TIGR01146,TIGR01164,TIGR01169,TIGR01171,TIGR01302,TIGR01391,TIGR01393,TIGR01510,TIGR01632,TIGR01951,TIGR01953,TIGR02012,TIGR02013,TIGR02027,TIGR02075,TIGR02191,TIGR02273,TIGR02350,TIGR02386,TIGR02397,TIGR02432,TIGR02729,TIGR03263,TIGR03594,TIGR03625,TIGR03632,TIGR03654,TIGR03723,TIGR03725,TIGR03953	TIGR00382,TIGR00928,TIGR01394		TIGR00810,TIGR00964,TIGR01059
GCF_003629655.1_genome	116	2	0	2	PF00380.20,PF00410.20,PF00466.21,PF01025.20,PF02576.18,PF03726.15,TIGR00006,TIGR00019,TIGR00020,TIGR00029,TIGR00043,TIGR00054,TIGR00059,TIGR00061,TIGR00064,TIGR00065,TIGR00082,TIGR00083,TIGR00084,TIGR00086,TIGR00088,TIGR00090,TIGR00092,TIGR00095,TIGR00115,TIGR00116,TIGR00138,TIGR00158,TIGR00166,TIGR00168,TIGR00186,TIGR00194,TIGR00250,TIGR00337,TIGR00344,TIGR00362,TIGR00392,TIGR00396,TIGR00398,TIGR00414,TIGR00416,TIGR00420,TIGR00431,TIGR00435,TIGR00436,TIGR00442,TIGR00445,TIGR00456,TIGR00459,TIGR00460,TIGR00468,TIGR00472,TIGR00487,TIGR00496,TIGR00539,TIGR00580,TIGR00593,TIGR00615,TIGR00631,TIGR00634,TIGR00635,TIGR00643,TIGR00663,TIGR00717,TIGR00755,TIGR00922,TIGR00959,TIGR00963,TIGR00967,TIGR01009,TIGR01011,TIGR01017,TIGR01021,TIGR01029,TIGR01032,TIGR01039,TIGR01044,TIGR01059,TIGR01063,TIGR01066,TIGR01071,TIGR01079,TIGR01082,TIGR01087,TIGR01128,TIGR01146,TIGR01164,TIGR01169,TIGR01171,TIGR01302,TIGR01391,TIGR01393,TIGR01394,TIGR01510,TIGR01632,TIGR01951,TIGR01953,TIGR02012,TIGR02013,TIGR02027,TIGR02075,TIGR02191,TIGR02273,TIGR02350,TIGR02386,TIGR02397,TIGR02432,TIGR02729,TIGR03263,TIGR03594,TIGR03625,TIGR03632,TIGR03654,TIGR03723,TIGR03725,TIGR03953	TIGR00382,TIGR00928		TIGR00810,TIGR00964
GCF_003629675.1_genome	115	3	0	2	PF00380.20,PF00410.20,PF00466.21,PF01025.20,PF02576.18,PF03726.15,TIGR00006,TIGR00019,TIGR00020,TIGR00029,TIGR00043,TIGR00054,TIGR00059,TIGR00061,TIGR00064,TIGR00065,TIGR00082,TIGR00083,TIGR00084,TIGR00086,TIGR00088,TIGR00090,TIGR00092,TIGR00095,TIGR00115,TIGR00116,TIGR00138,TIGR00158,TIGR00166,TIGR00168,TIGR00186,TIGR00194,TIGR00250,TIGR00337,TIGR00344,TIGR00362,TIGR00392,TIGR00396,TIGR00398,TIGR00414,TIGR00416,TIGR00420,TIGR00431,TIGR00435,TIGR00436,TIGR00442,TIGR00445,TIGR00456,TIGR00459,TIGR00460,TIGR00468,TIGR00472,TIGR00487,TIGR00496,TIGR00539,TIGR00580,TIGR00593,TIGR00615,TIGR00631,TIGR00634,TIGR00635,TIGR00643,TIGR00663,TIGR00717,TIGR00755,TIGR00922,TIGR00959,TIGR00963,TIGR00967,TIGR01009,TIGR01011,TIGR01017,TIGR01021,TIGR01029,TIGR01032,TIGR01039,TIGR01044,TIGR01059,TIGR01063,TIGR01066,TIGR01071,TIGR01079,TIGR01082,TIGR01087,TIGR01128,TIGR01146,TIGR01164,TIGR01169,TIGR01171,TIGR01302,TIGR01391,TIGR01393,TIGR01394,TIGR01510,TIGR01632,TIGR01953,TIGR02012,TIGR02013,TIGR02027,TIGR02075,TIGR02191,TIGR02273,TIGR02350,TIGR02386,TIGR02397,TIGR02432,TIGR02729,TIGR03263,TIGR03594,TIGR03625,TIGR03632,TIGR03654,TIGR03723,TIGR03725,TIGR03953	TIGR00382,TIGR00928,TIGR01951		TIGR00810,TIGR00964
GCF_003629695.1_genome	116	2	0	2	PF00380.20,PF00410.20,PF00466.21,PF01025.20,PF02576.18,PF03726.15,TIGR00006,TIGR00019,TIGR00020,TIGR00029,TIGR00043,TIGR00054,TIGR00059,TIGR00061,TIGR00064,TIGR00065,TIGR00082,TIGR00083,TIGR00084,TIGR00086,TIGR00088,TIGR00090,TIGR00092,TIGR00095,TIGR00115,TIGR00116,TIGR00138,TIGR00158,TIGR00166,TIGR00168,TIGR00186,TIGR00194,TIGR00250,TIGR00337,TIGR00344,TIGR00362,TIGR00392,TIGR00396,TIGR00398,TIGR00414,TIGR00416,TIGR00420,TIGR00431,TIGR00435,TIGR00436,TIGR00442,TIGR00445,TIGR00456,TIGR00459,TIGR00460,TIGR00468,TIGR00472,TIGR00487,TIGR00496,TIGR00539,TIGR00580,TIGR00593,TIGR00615,TIGR00631,TIGR00634,TIGR00635,TIGR00643,TIGR00663,TIGR00717,TIGR00755,TIGR00922,TIGR00959,TIGR00963,TIGR00967,TIGR01009,TIGR01011,TIGR01017,TIGR01021,TIGR01029,TIGR01032,TIGR01039,TIGR01044,TIGR01059,TIGR01063,TIGR01066,TIGR01071,TIGR01079,TIGR01082,TIGR01087,TIGR01128,TIGR01146,TIGR01164,TIGR01169,TIGR01171,TIGR01302,TIGR01391,TIGR01393,TIGR01394,TIGR01510,TIGR01632,TIGR01951,TIGR01953,TIGR02012,TIGR02013,TIGR02027,TIGR02075,TIGR02191,TIGR02273,TIGR02350,TIGR02386,TIGR02397,TIGR02432,TIGR02729,TIGR03263,TIGR03594,TIGR03625,TIGR03632,TIGR03654,TIGR03723,TIGR03725,TIGR03953	TIGR00382,TIGR00928		TIGR00810,TIGR00964
GCF_003629755.1_genome	116	2	0	2	PF00380.20,PF00410.20,PF00466.21,PF01025.20,PF02576.18,PF03726.15,TIGR00006,TIGR00019,TIGR00020,TIGR00029,TIGR00043,TIGR00054,TIGR00059,TIGR00061,TIGR00064,TIGR00065,TIGR00082,TIGR00083,TIGR00084,TIGR00086,TIGR00088,TIGR00090,TIGR00092,TIGR00095,TIGR00115,TIGR00116,TIGR00138,TIGR00158,TIGR00166,TIGR00168,TIGR00186,TIGR00194,TIGR00250,TIGR00337,TIGR00344,TIGR00362,TIGR00392,TIGR00396,TIGR00398,TIGR00414,TIGR00416,TIGR00420,TIGR00431,TIGR00435,TIGR00436,TIGR00442,TIGR00445,TIGR00456,TIGR00459,TIGR00460,TIGR00468,TIGR00472,TIGR00487,TIGR00496,TIGR00539,TIGR00580,TIGR00593,TIGR00615,TIGR00631,TIGR00634,TIGR00635,TIGR00643,TIGR00663,TIGR00717,TIGR00755,TIGR00922,TIGR00959,TIGR00963,TIGR00967,TIGR01009,TIGR01011,TIGR01017,TIGR01021,TIGR01029,TIGR01032,TIGR01039,TIGR01044,TIGR01059,TIGR01063,TIGR01066,TIGR01071,TIGR01079,TIGR01082,TIGR01087,TIGR01128,TIGR01146,TIGR01164,TIGR01169,TIGR01171,TIGR01302,TIGR01391,TIGR01393,TIGR01394,TIGR01510,TIGR01632,TIGR01951,TIGR01953,TIGR02012,TIGR02013,TIGR02027,TIGR02075,TIGR02191,TIGR02273,TIGR02350,TIGR02386,TIGR02397,TIGR02432,TIGR02729,TIGR03263,TIGR03594,TIGR03625,TIGR03632,TIGR03654,TIGR03723,TIGR03725,TIGR03953	TIGR00382,TIGR00928		TIGR00810,TIGR00964
GCF_003629815.1_genome	116	2	0	2	PF00380.20,PF00410.20,PF00466.21,PF01025.20,PF02576.18,PF03726.15,TIGR00006,TIGR00019,TIGR00020,TIGR00029,TIGR00043,TIGR00054,TIGR00059,TIGR00061,TIGR00064,TIGR00065,TIGR00082,TIGR00083,TIGR00084,TIGR00086,TIGR00088,TIGR00090,TIGR00092,TIGR00095,TIGR00115,TIGR00116,TIGR00138,TIGR00158,TIGR00166,TIGR00168,TIGR00186,TIGR00194,TIGR00250,TIGR00337,TIGR00344,TIGR00362,TIGR00392,TIGR00396,TIGR00398,TIGR00414,TIGR00416,TIGR00420,TIGR00431,TIGR00435,TIGR00436,TIGR00442,TIGR00445,TIGR00456,TIGR00459,TIGR00460,TIGR00468,TIGR00472,TIGR00487,TIGR00496,TIGR00539,TIGR00580,TIGR00593,TIGR00615,TIGR00631,TIGR00634,TIGR00635,TIGR00643,TIGR00663,TIGR00717,TIGR00755,TIGR00922,TIGR00959,TIGR00963,TIGR00967,TIGR01009,TIGR01011,TIGR01017,TIGR01021,TIGR01029,TIGR01032,TIGR01039,TIGR01044,TIGR01059,TIGR01063,TIGR01066,TIGR01071,TIGR01079,TIGR01082,TIGR01087,TIGR01128,TIGR01146,TIGR01164,TIGR01169,TIGR01171,TIGR01302,TIGR01391,TIGR01393,TIGR01394,TIGR01510,TIGR01632,TIGR01951,TIGR01953,TIGR02012,TIGR02013,TIGR02027,TIGR02075,TIGR02191,TIGR02273,TIGR02350,TIGR02386,TIGR02397,TIGR02432,TIGR02729,TIGR03263,TIGR03594,TIGR03625,TIGR03632,TIGR03654,TIGR03723,TIGR03725,TIGR03953	TIGR00382,TIGR00928		TIGR00810,TIGR00964
GCF_003629865.1_genome	113	5	0	2	PF00380.20,PF00410.20,PF00466.21,PF01025.20,PF02576.18,PF03726.15,TIGR00006,TIGR00019,TIGR00020,TIGR00029,TIGR00043,TIGR00054,TIGR00059,TIGR00061,TIGR00064,TIGR00065,TIGR00082,TIGR00083,TIGR00084,TIGR00086,TIGR00088,TIGR00090,TIGR00092,TIGR00095,TIGR00115,TIGR00116,TIGR00138,TIGR00158,TIGR00166,TIGR00168,TIGR00186,TIGR00194,TIGR00250,TIGR00337,TIGR00362,TIGR00392,TIGR00396,TIGR00398,TIGR00414,TIGR00416,TIGR00420,TIGR00431,TIGR00435,TIGR00436,TIGR00442,TIGR00445,TIGR00456,TIGR00459,TIGR00460,TIGR00468,TIGR00472,TIGR00487,TIGR00496,TIGR00539,TIGR00580,TIGR00593,TIGR00615,TIGR00631,TIGR00634,TIGR00635,TIGR00643,TIGR00663,TIGR00717,TIGR00755,TIGR00922,TIGR00959,TIGR00963,TIGR00967,TIGR01009,TIGR01011,TIGR01017,TIGR01021,TIGR01029,TIGR01032,TIGR01039,TIGR01044,TIGR01059,TIGR01063,TIGR01066,TIGR01071,TIGR01079,TIGR01082,TIGR01087,TIGR01128,TIGR01146,TIGR01164,TIGR01169,TIGR01171,TIGR01302,TIGR01391,TIGR01394,TIGR01510,TIGR01632,TIGR01951,TIGR01953,TIGR02012,TIGR02027,TIGR02075,TIGR02191,TIGR02273,TIGR02350,TIGR02386,TIGR02397,TIGR02432,TIGR02729,TIGR03263,TIGR03594,TIGR03625,TIGR03632,TIGR03654,TIGR03723,TIGR03725,TIGR03953	TIGR00344,TIGR00382,TIGR00928,TIGR01393,TIGR02013		TIGR00810,TIGR00964
GCF_003629995.1_genome	116	2	0	2	PF00380.20,PF00410.20,PF00466.21,PF01025.20,PF02576.18,PF03726.15,TIGR00006,TIGR00019,TIGR00020,TIGR00029,TIGR00043,TIGR00054,TIGR00059,TIGR00061,TIGR00064,TIGR00065,TIGR00082,TIGR00083,TIGR00084,TIGR00086,TIGR00088,TIGR00090,TIGR00092,TIGR00095,TIGR00115,TIGR00116,TIGR00138,TIGR00158,TIGR00166,TIGR00168,TIGR00186,TIGR00194,TIGR00250,TIGR00337,TIGR00344,TIGR00362,TIGR00392,TIGR00396,TIGR00398,TIGR00414,TIGR00416,TIGR00420,TIGR00431,TIGR00435,TIGR00436,TIGR00442,TIGR00445,TIGR00456,TIGR00459,TIGR00460,TIGR00468,TIGR00472,TIGR00487,TIGR00496,TIGR00539,TIGR00580,TIGR00593,TIGR00615,TIGR00631,TIGR00634,TIGR00635,TIGR00643,TIGR00663,TIGR00717,TIGR00755,TIGR00922,TIGR00959,TIGR00963,TIGR00967,TIGR01009,TIGR01011,TIGR01017,TIGR01021,TIGR01029,TIGR01032,TIGR01039,TIGR01044,TIGR01059,TIGR01063,TIGR01066,TIGR01071,TIGR01079,TIGR01082,TIGR01087,TIGR01128,TIGR01146,TIGR01164,TIGR01169,TIGR01171,TIGR01302,TIGR01391,TIGR01393,TIGR01394,TIGR01510,TIGR01632,TIGR01951,TIGR01953,TIGR02012,TIGR02013,TIGR02027,TIGR02075,TIGR02191,TIGR02273,TIGR02350,TIGR02386,TIGR02397,TIGR02432,TIGR02729,TIGR03263,TIGR03594,TIGR03625,TIGR03632,TIGR03654,TIGR03723,TIGR03725,TIGR03953	TIGR00382,TIGR00928		TIGR00810,TIGR00964
GCF_003630045.1_genome	114	3	0	3	PF00380.20,PF00410.20,PF00466.21,PF01025.20,PF02576.18,PF03726.15,TIGR00006,TIGR00019,TIGR00020,TIGR00029,TIGR00043,TIGR00054,TIGR00059,TIGR00061,TIGR00064,TIGR00065,TIGR00082,TIGR00083,TIGR00084,TIGR00086,TIGR00088,TIGR00090,TIGR00092,TIGR00095,TIGR00115,TIGR00116,TIGR00138,TIGR00158,TIGR00166,TIGR00168,TIGR00186,TIGR00194,TIGR00250,TIGR00337,TIGR00344,TIGR00362,TIGR00392,TIGR00396,TIGR00398,TIGR00414,TIGR00416,TIGR00420,TIGR00431,TIGR00435,TIGR00442,TIGR00445,TIGR00456,TIGR00459,TIGR00460,TIGR00468,TIGR00472,TIGR00487,TIGR00496,TIGR00539,TIGR00580,TIGR00593,TIGR00615,TIGR00631,TIGR00634,TIGR00635,TIGR00643,TIGR00663,TIGR00717,TIGR00755,TIGR00922,TIGR00959,TIGR00963,TIGR00967,TIGR01009,TIGR01011,TIGR01017,TIGR01021,TIGR01029,TIGR01032,TIGR01039,TIGR01044,TIGR01063,TIGR01066,TIGR01071,TIGR01079,TIGR01082,TIGR01087,TIGR01128,TIGR01146,TIGR01164,TIGR01169,TIGR01171,TIGR01302,TIGR01391,TIGR01393,TIGR01394,TIGR01510,TIGR01632,TIGR01951,TIGR01953,TIGR02012,TIGR02013,TIGR02027,TIGR02075,TIGR02191,TIGR02273,TIGR02350,TIGR02386,TIGR02397,TIGR02432,TIGR02729,TIGR03263,TIGR03594,TIGR03625,TIGR03632,TIGR03654,TIGR03723,TIGR03725,TIGR03953	TIGR00382,TIGR00436,TIGR00928		TIGR00810,TIGR00964,TIGR01059
GCF_003630055.1_genome	110	5	0	5	PF00380.20,PF00410.20,PF00466.21,PF02576.18,PF03726.15,TIGR00006,TIGR00019,TIGR00029,TIGR00043,TIGR00054,TIGR00059,TIGR00061,TIGR00064,TIGR00082,TIGR00083,TIGR00084,TIGR00086,TIGR00088,TIGR00090,TIGR00092,TIGR00095,TIGR00115,TIGR00116,TIGR00138,TIGR00158,TIGR00166,TIGR00168,TIGR00186,TIGR00194,TIGR00250,TIGR00337,TIGR00344,TIGR00362,TIGR00392,TIGR00398,TIGR00414,TIGR00416,TIGR00420,TIGR00431,TIGR00435,TIGR00436,TIGR00442,TIGR00456,TIGR00459,TIGR00460,TIGR00468,TIGR00472,TIGR00487,TIGR00496,TIGR00539,TIGR00580,TIGR00593,TIGR00615,TIGR00631,TIGR00634,TIGR00635,TIGR00643,TIGR00663,TIGR00717,TIGR00755,TIGR00922,TIGR00928,TIGR00959,TIGR00967,TIGR01009,TIGR01011,TIGR01017,TIGR01021,TIGR01029,TIGR01032,TIGR01039,TIGR01044,TIGR01059,TIGR01063,TIGR01066,TIGR01071,TIGR01079,TIGR01082,TIGR01087,TIGR01128,TIGR01164,TIGR01169,TIGR01171,TIGR01302,TIGR01391,TIGR01393,TIGR01394,TIGR01510,TIGR01632,TIGR01951,TIGR01953,TIGR02012,TIGR02013,TIGR02027,TIGR02075,TIGR02191,TIGR02273,TIGR02350,TIGR02386,TIGR02397,TIGR02432,TIGR02729,TIGR03263,TIGR03594,TIGR03625,TIGR03632,TIGR03654,TIGR03723,TIGR03725,TIGR03953	PF01025.20,TIGR00382,TIGR00396,TIGR00445,TIGR01146		TIGR00020,TIGR00065,TIGR00810,TIGR00963,TIGR00964
GCF_003630095.1_genome	114	4	0	2	PF00380.20,PF00410.20,PF00466.21,PF01025.20,PF02576.18,PF03726.15,TIGR00006,TIGR00019,TIGR00020,TIGR00029,TIGR00043,TIGR00054,TIGR00059,TIGR00061,TIGR00064,TIGR00065,TIGR00082,TIGR00083,TIGR00084,TIGR00086,TIGR00088,TIGR00090,TIGR00092,TIGR00095,TIGR00115,TIGR00116,TIGR00138,TIGR00158,TIGR00166,TIGR00168,TIGR00186,TIGR00194,TIGR00250,TIGR00337,TIGR00344,TIGR00362,TIGR00392,TIGR00396,TIGR00398,TIGR00414,TIGR00416,TIGR00420,TIGR00431,TIGR00435,TIGR00436,TIGR00442,TIGR00445,TIGR00456,TIGR00460,TIGR00468,TIGR00472,TIGR00487,TIGR00496,TIGR00539,TIGR00580,TIGR00593,TIGR00615,TIGR00631,TIGR00634,TIGR00635,TIGR00643,TIGR00663,TIGR00717,TIGR00755,TIGR00922,TIGR00959,TIGR00963,TIGR00967,TIGR01009,TIGR01011,TIGR01017,TIGR01021,TIGR01029,TIGR01032,TIGR01039,TIGR01044,TIGR01059,TIGR01063,TIGR01066,TIGR01071,TIGR01079,TIGR01082,TIGR01087,TIGR01128,TIGR01146,TIGR01164,TIGR01169,TIGR01171,TIGR01302,TIGR01393,TIGR01394,TIGR01510,TIGR01632,TIGR01951,TIGR01953,TIGR02012,TIGR02013,TIGR02027,TIGR02075,TIGR02191,TIGR02273,TIGR02350,TIGR02386,TIGR02397,TIGR02432,TIGR02729,TIGR03263,TIGR03594,TIGR03625,TIGR03632,TIGR03654,TIGR03723,TIGR03725,TIGR03953	TIGR00382,TIGR00459,TIGR00928,TIGR01391		TIGR00810,TIGR00964
GCF_003630225.1_genome	116	2	0	2	PF00380.20,PF00410.20,PF00466.21,PF01025.20,PF02576.18,PF03726.15,TIGR00006,TIGR00019,TIGR00020,TIGR00029,TIGR00043,TIGR00054,TIGR00059,TIGR00061,TIGR00064,TIGR00065,TIGR00082,TIGR00083,TIGR00084,TIGR00086,TIGR00088,TIGR00090,TIGR00092,TIGR00095,TIGR00115,TIGR00116,TIGR00138,TIGR00158,TIGR00166,TIGR00168,TIGR00186,TIGR00194,TIGR00250,TIGR00337,TIGR00344,TIGR00362,TIGR00382,TIGR00392,TIGR00396,TIGR00398,TIGR00414,TIGR00416,TIGR00420,TIGR00431,TIGR00435,TIGR00436,TIGR00442,TIGR00445,TIGR00456,TIGR00459,TIGR00460,TIGR00468,TIGR00472,TIGR00487,TIGR00496,TIGR00539,TIGR00580,TIGR00593,TIGR00615,TIGR00631,TIGR00634,TIGR00635,TIGR00643,TIGR00663,TIGR00717,TIGR00755,TIGR00922,TIGR00959,TIGR00963,TIGR00967,TIGR01009,TIGR01011,TIGR01017,TIGR01021,TIGR01029,TIGR01032,TIGR01039,TIGR01044,TIGR01059,TIGR01063,TIGR01066,TIGR01071,TIGR01079,TIGR01082,TIGR01087,TIGR01128,TIGR01146,TIGR01164,TIGR01169,TIGR01171,TIGR01302,TIGR01391,TIGR01393,TIGR01394,TIGR01510,TIGR01632,TIGR01951,TIGR01953,TIGR02012,TIGR02027,TIGR02075,TIGR02191,TIGR02273,TIGR02350,TIGR02386,TIGR02397,TIGR02432,TIGR02729,TIGR03263,TIGR03594,TIGR03625,TIGR03632,TIGR03654,TIGR03723,TIGR03725,TIGR03953	TIGR00928,TIGR02013		TIGR00810,TIGR00964
GCF_003630235.1_genome	116	2	0	2	PF00380.20,PF00410.20,PF00466.21,PF01025.20,PF02576.18,PF03726.15,TIGR00006,TIGR00019,TIGR00020,TIGR00029,TIGR00043,TIGR00054,TIGR00059,TIGR00061,TIGR00064,TIGR00065,TIGR00082,TIGR00083,TIGR00084,TIGR00086,TIGR00088,TIGR00090,TIGR00092,TIGR00095,TIGR00115,TIGR00116,TIGR00138,TIGR00158,TIGR00166,TIGR00168,TIGR00186,TIGR00194,TIGR00250,TIGR00337,TIGR00344,TIGR00362,TIGR00392,TIGR00396,TIGR00398,TIGR00414,TIGR00416,TIGR00420,TIGR00431,TIGR00435,TIGR00436,TIGR00442,TIGR00445,TIGR00456,TIGR00459,TIGR00460,TIGR00468,TIGR00472,TIGR00487,TIGR00496,TIGR00539,TIGR00580,TIGR00593,TIGR00615,TIGR00631,TIGR00634,TIGR00635,TIGR00643,TIGR00663,TIGR00717,TIGR00755,TIGR00922,TIGR00959,TIGR00963,TIGR00967,TIGR01009,TIGR01011,TIGR01017,TIGR01021,TIGR01029,TIGR01032,TIGR01039,TIGR01044,TIGR01059,TIGR01063,TIGR01066,TIGR01071,TIGR01079,TIGR01082,TIGR01087,TIGR01128,TIGR01146,TIGR01164,TIGR01169,TIGR01171,TIGR01302,TIGR01391,TIGR01393,TIGR01394,TIGR01510,TIGR01632,TIGR01951,TIGR01953,TIGR02012,TIGR02013,TIGR02027,TIGR02075,TIGR02191,TIGR02273,TIGR02350,TIGR02386,TIGR02397,TIGR02432,TIGR02729,TIGR03263,TIGR03594,TIGR03625,TIGR03632,TIGR03654,TIGR03723,TIGR03725,TIGR03953	TIGR00382,TIGR00928		TIGR00810,TIGR00964
GCF_003630285.1_genome	115	3	0	2	PF00380.20,PF00410.20,PF00466.21,PF01025.20,PF02576.18,PF03726.15,TIGR00006,TIGR00019,TIGR00020,TIGR00029,TIGR00043,TIGR00059,TIGR00061,TIGR00064,TIGR00065,TIGR00082,TIGR00083,TIGR00084,TIGR00086,TIGR00088,TIGR00090,TIGR00092,TIGR00095,TIGR00115,TIGR00116,TIGR00138,TIGR00158,TIGR00166,TIGR00168,TIGR00186,TIGR00194,TIGR00250,TIGR00337,TIGR00344,TIGR00362,TIGR00392,TIGR00396,TIGR00398,TIGR00414,TIGR00416,TIGR00420,TIGR00431,TIGR00435,TIGR00436,TIGR00442,TIGR00445,TIGR00456,TIGR00459,TIGR00460,TIGR00468,TIGR00472,TIGR00487,TIGR00496,TIGR00539,TIGR00580,TIGR00593,TIGR00615,TIGR00631,TIGR00634,TIGR00635,TIGR00643,TIGR00663,TIGR00717,TIGR00755,TIGR00922,TIGR00959,TIGR00963,TIGR00967,TIGR01009,TIGR01011,TIGR01017,TIGR01021,TIGR01029,TIGR01032,TIGR01039,TIGR01044,TIGR01059,TIGR01063,TIGR01066,TIGR01071,TIGR01079,TIGR01082,TIGR01087,TIGR01128,TIGR01146,TIGR01164,TIGR01169,TIGR01171,TIGR01302,TIGR01391,TIGR01393,TIGR01394,TIGR01510,TIGR01632,TIGR01951,TIGR01953,TIGR02012,TIGR02013,TIGR02027,TIGR02075,TIGR02191,TIGR02273,TIGR02350,TIGR02386,TIGR02397,TIGR02432,TIGR02729,TIGR03263,TIGR03594,TIGR03625,TIGR03632,TIGR03654,TIGR03723,TIGR03725,TIGR03953	TIGR00054,TIGR00382,TIGR00928		TIGR00810,TIGR00964
GCF_003630295.1_genome	110	6	0	4	PF00380.20,PF00410.20,PF00466.21,PF01025.20,PF02576.18,PF03726.15,TIGR00006,TIGR00019,TIGR00020,TIGR00029,TIGR00043,TIGR00054,TIGR00059,TIGR00061,TIGR00064,TIGR00065,TIGR00082,TIGR00083,TIGR00084,TIGR00086,TIGR00088,TIGR00090,TIGR00092,TIGR00095,TIGR00115,TIGR00116,TIGR00138,TIGR00158,TIGR00166,TIGR00168,TIGR00186,TIGR00194,TIGR00250,TIGR00337,TIGR00344,TIGR00362,TIGR00392,TIGR00396,TIGR00398,TIGR00414,TIGR00420,TIGR00431,TIGR00435,TIGR00436,TIGR00442,TIGR00456,TIGR00459,TIGR00460,TIGR00468,TIGR00472,TIGR00487,TIGR00496,TIGR00539,TIGR00580,TIGR00593,TIGR00615,TIGR00631,TIGR00634,TIGR00635,TIGR00643,TIGR00663,TIGR00717,TIGR00755,TIGR00922,TIGR00959,TIGR00963,TIGR01009,TIGR01011,TIGR01017,TIGR01021,TIGR01029,TIGR01032,TIGR01039,TIGR01044,TIGR01063,TIGR01066,TIGR01071,TIGR01079,TIGR01082,TIGR01087,TIGR01128,TIGR01146,TIGR01164,TIGR01169,TIGR01171,TIGR01302,TIGR01391,TIGR01394,TIGR01510,TIGR01632,TIGR01951,TIGR02012,TIGR02013,TIGR02027,TIGR02075,TIGR02191,TIGR02273,TIGR02350,TIGR02386,TIGR02397,TIGR02432,TIGR02729,TIGR03263,TIGR03594,TIGR03625,TIGR03632,TIGR03654,TIGR03723,TIGR03725,TIGR03953	TIGR00382,TIGR00416,TIGR00445,TIGR00928,TIGR01393,TIGR01953		TIGR00810,TIGR00964,TIGR00967,TIGR01059
GCF_003630335.1_genome	116	2	0	2	PF00380.20,PF00410.20,PF00466.21,PF01025.20,PF02576.18,PF03726.15,TIGR00006,TIGR00019,TIGR00020,TIGR00029,TIGR00043,TIGR00054,TIGR00059,TIGR00061,TIGR00064,TIGR00065,TIGR00082,TIGR00083,TIGR00084,TIGR00086,TIGR00088,TIGR00090,TIGR00092,TIGR00095,TIGR00115,TIGR00116,TIGR00138,TIGR00158,TIGR00166,TIGR00168,TIGR00186,TIGR00194,TIGR00250,TIGR00337,TIGR00344,TIGR00362,TIGR00392,TIGR00396,TIGR00398,TIGR00414,TIGR00416,TIGR00420,TIGR00431,TIGR00435,TIGR00436,TIGR00442,TIGR00445,TIGR00456,TIGR00459,TIGR00460,TIGR00468,TIGR00472,TIGR00487,TIGR00496,TIGR00539,TIGR00580,TIGR00593,TIGR00615,TIGR00631,TIGR00634,TIGR00635,TIGR00643,TIGR00663,TIGR00717,TIGR00755,TIGR00922,TIGR00959,TIGR00963,TIGR00967,TIGR01009,TIGR01011,TIGR01017,TIGR01021,TIGR01029,TIGR01032,TIGR01039,TIGR01044,TIGR01059,TIGR01063,TIGR01066,TIGR01071,TIGR01079,TIGR01082,TIGR01087,TIGR01128,TIGR01146,TIGR01164,TIGR01169,TIGR01171,TIGR01302,TIGR01391,TIGR01393,TIGR01394,TIGR01510,TIGR01632,TIGR01951,TIGR01953,TIGR02012,TIGR02013,TIGR02027,TIGR02075,TIGR02191,TIGR02273,TIGR02350,TIGR02386,TIGR02397,TIGR02432,TIGR02729,TIGR03263,TIGR03594,TIGR03625,TIGR03632,TIGR03654,TIGR03723,TIGR03725,TIGR03953	TIGR00382,TIGR00928		TIGR00810,TIGR00964
GCF_003630365.1_genome	116	2	0	2	PF00380.20,PF00410.20,PF00466.21,PF01025.20,PF02576.18,PF03726.15,TIGR00006,TIGR00019,TIGR00020,TIGR00029,TIGR00043,TIGR00054,TIGR00059,TIGR00061,TIGR00064,TIGR00065,TIGR00082,TIGR00083,TIGR00084,TIGR00086,TIGR00088,TIGR00090,TIGR00092,TIGR00095,TIGR00115,TIGR00116,TIGR00138,TIGR00158,TIGR00166,TIGR00168,TIGR00186,TIGR00194,TIGR00250,TIGR00337,TIGR00344,TIGR00362,TIGR00392,TIGR00396,TIGR00398,TIGR00414,TIGR00416,TIGR00420,TIGR00431,TIGR00435,TIGR00436,TIGR00442,TIGR00445,TIGR00456,TIGR00459,TIGR00460,TIGR00468,TIGR00472,TIGR00487,TIGR00496,TIGR00539,TIGR00580,TIGR00593,TIGR00615,TIGR00631,TIGR00634,TIGR00635,TIGR00643,TIGR00663,TIGR00717,TIGR00755,TIGR00922,TIGR00959,TIGR00963,TIGR00967,TIGR01009,TIGR01011,TIGR01017,TIGR01021,TIGR01029,TIGR01032,TIGR01039,TIGR01044,TIGR01059,TIGR01063,TIGR01066,TIGR01071,TIGR01079,TIGR01082,TIGR01087,TIGR01128,TIGR01146,TIGR01164,TIGR01169,TIGR01171,TIGR01302,TIGR01391,TIGR01393,TIGR01394,TIGR01510,TIGR01632,TIGR01951,TIGR01953,TIGR02012,TIGR02013,TIGR02027,TIGR02075,TIGR02191,TIGR02273,TIGR02350,TIGR02386,TIGR02397,TIGR02432,TIGR02729,TIGR03263,TIGR03594,TIGR03625,TIGR03632,TIGR03654,TIGR03723,TIGR03725,TIGR03953	TIGR00382,TIGR00928		TIGR00810,TIGR00964
GCF_003630455.1_genome	116	2	0	2	PF00380.20,PF00410.20,PF00466.21,PF01025.20,PF02576.18,PF03726.15,TIGR00006,TIGR00019,TIGR00020,TIGR00029,TIGR00043,TIGR00054,TIGR00059,TIGR00061,TIGR00064,TIGR00065,TIGR00082,TIGR00083,TIGR00084,TIGR00086,TIGR00088,TIGR00090,TIGR00092,TIGR00095,TIGR00115,TIGR00116,TIGR00138,TIGR00158,TIGR00166,TIGR00168,TIGR00186,TIGR00194,TIGR00250,TIGR00337,TIGR00344,TIGR00362,TIGR00392,TIGR00396,TIGR00398,TIGR00414,TIGR00416,TIGR00420,TIGR00431,TIGR00435,TIGR00436,TIGR00442,TIGR00445,TIGR00456,TIGR00459,TIGR00460,TIGR00468,TIGR00472,TIGR00487,TIGR00496,TIGR00539,TIGR00580,TIGR00593,TIGR00615,TIGR00631,TIGR00634,TIGR00635,TIGR00643,TIGR00663,TIGR00717,TIGR00755,TIGR00922,TIGR00959,TIGR00963,TIGR00967,TIGR01009,TIGR01011,TIGR01017,TIGR01021,TIGR01029,TIGR01032,TIGR01039,TIGR01044,TIGR01059,TIGR01063,TIGR01066,TIGR01071,TIGR01079,TIGR01082,TIGR01087,TIGR01128,TIGR01146,TIGR01164,TIGR01169,TIGR01171,TIGR01302,TIGR01391,TIGR01393,TIGR01394,TIGR01510,TIGR01632,TIGR01951,TIGR01953,TIGR02012,TIGR02013,TIGR02027,TIGR02075,TIGR02191,TIGR02273,TIGR02350,TIGR02386,TIGR02397,TIGR02432,TIGR02729,TIGR03263,TIGR03594,TIGR03625,TIGR03632,TIGR03654,TIGR03723,TIGR03725,TIGR03953	TIGR00382,TIGR00928		TIGR00810,TIGR00964
GCF_003630465.2_genome	115	2	0	3	PF00380.20,PF00410.20,PF00466.21,PF01025.20,PF02576.18,PF03726.15,TIGR00006,TIGR00019,TIGR00020,TIGR00029,TIGR00043,TIGR00054,TIGR00059,TIGR00061,TIGR00064,TIGR00065,TIGR00082,TIGR00083,TIGR00084,TIGR00086,TIGR00088,TIGR00090,TIGR00092,TIGR00095,TIGR00115,TIGR00116,TIGR00138,TIGR00158,TIGR00166,TIGR00168,TIGR00186,TIGR00194,TIGR00250,TIGR00337,TIGR00344,TIGR00362,TIGR00392,TIGR00396,TIGR00398,TIGR00414,TIGR00416,TIGR00420,TIGR00431,TIGR00435,TIGR00436,TIGR00442,TIGR00445,TIGR00456,TIGR00459,TIGR00460,TIGR00468,TIGR00472,TIGR00487,TIGR00496,TIGR00539,TIGR00580,TIGR00593,TIGR00615,TIGR00631,TIGR00634,TIGR00635,TIGR00643,TIGR00663,TIGR00717,TIGR00755,TIGR00922,TIGR00959,TIGR00963,TIGR00967,TIGR01009,TIGR01011,TIGR01017,TIGR01021,TIGR01029,TIGR01032,TIGR01039,TIGR01044,TIGR01063,TIGR01066,TIGR01071,TIGR01079,TIGR01082,TIGR01087,TIGR01128,TIGR01146,TIGR01164,TIGR01169,TIGR01171,TIGR01302,TIGR01391,TIGR01393,TIGR01394,TIGR01510,TIGR01632,TIGR01951,TIGR01953,TIGR02012,TIGR02013,TIGR02027,TIGR02075,TIGR02191,TIGR02273,TIGR02350,TIGR02386,TIGR02397,TIGR02432,TIGR02729,TIGR03263,TIGR03594,TIGR03625,TIGR03632,TIGR03654,TIGR03723,TIGR03725,TIGR03953	TIGR00382,TIGR00928		TIGR00810,TIGR00964,TIGR01059
GCF_003630485.1_genome	112	5	0	3	PF00380.20,PF00410.20,PF00466.21,PF01025.20,PF02576.18,PF03726.15,TIGR00006,TIGR00019,TIGR00020,TIGR00029,TIGR00043,TIGR00054,TIGR00059,TIGR00061,TIGR00064,TIGR00065,TIGR00083,TIGR00084,TIGR00086,TIGR00088,TIGR00090,TIGR00092,TIGR00095,TIGR00115,TIGR00116,TIGR00138,TIGR00158,TIGR00166,TIGR00168,TIGR00194,TIGR00250,TIGR00337,TIGR00344,TIGR00362,TIGR00392,TIGR00396,TIGR00398,TIGR00414,TIGR00416,TIGR00420,TIGR00431,TIGR00435,TIGR00436,TIGR00442,TIGR00445,TIGR00456,TIGR00459,TIGR00460,TIGR00468,TIGR00472,TIGR00487,TIGR00496,TIGR00539,TIGR00580,TIGR00593,TIGR00615,TIGR00631,TIGR00634,TIGR00635,TIGR00643,TIGR00663,TIGR00717,TIGR00755,TIGR00922,TIGR00928,TIGR00959,TIGR00963,TIGR00967,TIGR01009,TIGR01017,TIGR01021,TIGR01029,TIGR01032,TIGR01044,TIGR01059,TIGR01063,TIGR01066,TIGR01071,TIGR01079,TIGR01082,TIGR01087,TIGR01128,TIGR01146,TIGR01164,TIGR01169,TIGR01171,TIGR01302,TIGR01391,TIGR01394,TIGR01510,TIGR01632,TIGR01951,TIGR01953,TIGR02012,TIGR02013,TIGR02027,TIGR02075,TIGR02191,TIGR02273,TIGR02350,TIGR02386,TIGR02397,TIGR02432,TIGR02729,TIGR03263,TIGR03594,TIGR03625,TIGR03632,TIGR03654,TIGR03723,TIGR03725,TIGR03953	TIGR00082,TIGR00382,TIGR01011,TIGR01039,TIGR01393		TIGR00186,TIGR00810,TIGR00964
GCF_003630505.1_genome	110	8	0	2	PF00380.20,PF00410.20,PF00466.21,PF01025.20,PF02576.18,TIGR00006,TIGR00019,TIGR00020,TIGR00029,TIGR00043,TIGR00054,TIGR00059,TIGR00061,TIGR00064,TIGR00065,TIGR00082,TIGR00083,TIGR00084,TIGR00086,TIGR00088,TIGR00090,TIGR00092,TIGR00095,TIGR00115,TIGR00116,TIGR00138,TIGR00158,TIGR00166,TIGR00168,TIGR00186,TIGR00194,TIGR00250,TIGR00337,TIGR00362,TIGR00392,TIGR00396,TIGR00398,TIGR00414,TIGR00416,TIGR00420,TIGR00431,TIGR00435,TIGR00436,TIGR00442,TIGR00456,TIGR00459,TIGR00460,TIGR00468,TIGR00472,TIGR00487,TIGR00496,TIGR00539,TIGR00580,TIGR00593,TIGR00615,TIGR00631,TIGR00634,TIGR00635,TIGR00643,TIGR00663,TIGR00717,TIGR00755,TIGR00922,TIGR00928,TIGR00959,TIGR00963,TIGR00967,TIGR01009,TIGR01011,TIGR01017,TIGR01021,TIGR01029,TIGR01032,TIGR01044,TIGR01059,TIGR01063,TIGR01066,TIGR01071,TIGR01079,TIGR01082,TIGR01087,TIGR01128,TIGR01164,TIGR01169,TIGR01171,TIGR01391,TIGR01394,TIGR01510,TIGR01632,TIGR01951,TIGR01953,TIGR02012,TIGR02013,TIGR02027,TIGR02075,TIGR02191,TIGR02273,TIGR02350,TIGR02386,TIGR02397,TIGR02432,TIGR02729,TIGR03263,TIGR03594,TIGR03625,TIGR03632,TIGR03654,TIGR03723,TIGR03725,TIGR03953	PF03726.15,TIGR00344,TIGR00382,TIGR00445,TIGR01039,TIGR01146,TIGR01302,TIGR01393		TIGR00810,TIGR00964
GCF_003630635.1_genome	116	2	0	2	PF00380.20,PF00410.20,PF00466.21,PF01025.20,PF02576.18,PF03726.15,TIGR00006,TIGR00019,TIGR00020,TIGR00029,TIGR00043,TIGR00054,TIGR00059,TIGR00061,TIGR00064,TIGR00065,TIGR00082,TIGR00083,TIGR00084,TIGR00086,TIGR00088,TIGR00090,TIGR00092,TIGR00095,TIGR00115,TIGR00116,TIGR00138,TIGR00158,TIGR00166,TIGR00168,TIGR00186,TIGR00194,TIGR00250,TIGR00337,TIGR00344,TIGR00362,TIGR00392,TIGR00396,TIGR00398,TIGR00414,TIGR00416,TIGR00420,TIGR00431,TIGR00435,TIGR00436,TIGR00442,TIGR00445,TIGR00456,TIGR00459,TIGR00460,TIGR00468,TIGR00472,TIGR00487,TIGR00496,TIGR00539,TIGR00580,TIGR00593,TIGR00615,TIGR00631,TIGR00634,TIGR00635,TIGR00643,TIGR00663,TIGR00717,TIGR00755,TIGR00922,TIGR00959,TIGR00963,TIGR00967,TIGR01009,TIGR01011,TIGR01017,TIGR01021,TIGR01029,TIGR01032,TIGR01039,TIGR01044,TIGR01059,TIGR01063,TIGR01066,TIGR01071,TIGR01079,TIGR01082,TIGR01087,TIGR01128,TIGR01146,TIGR01164,TIGR01169,TIGR01171,TIGR01302,TIGR01391,TIGR01393,TIGR01394,TIGR01510,TIGR01632,TIGR01951,TIGR01953,TIGR02012,TIGR02013,TIGR02027,TIGR02075,TIGR02191,TIGR02273,TIGR02350,TIGR02386,TIGR02397,TIGR02432,TIGR02729,TIGR03263,TIGR03594,TIGR03625,TIGR03632,TIGR03654,TIGR03723,TIGR03725,TIGR03953	TIGR00382,TIGR00928		TIGR00810,TIGR00964
GCF_003630705.1_genome	114	4	0	2	PF00380.20,PF00410.20,PF00466.21,PF01025.20,PF02576.18,PF03726.15,TIGR00006,TIGR00019,TIGR00020,TIGR00029,TIGR00043,TIGR00054,TIGR00059,TIGR00061,TIGR00064,TIGR00065,TIGR00082,TIGR00083,TIGR00084,TIGR00086,TIGR00088,TIGR00090,TIGR00092,TIGR00095,TIGR00115,TIGR00116,TIGR00138,TIGR00158,TIGR00166,TIGR00168,TIGR00186,TIGR00194,TIGR00250,TIGR00337,TIGR00362,TIGR00392,TIGR00396,TIGR00398,TIGR00414,TIGR00416,TIGR00420,TIGR00431,TIGR00435,TIGR00436,TIGR00442,TIGR00445,TIGR00459,TIGR00460,TIGR00468,TIGR00472,TIGR00487,TIGR00496,TIGR00539,TIGR00580,TIGR00593,TIGR00615,TIGR00631,TIGR00634,TIGR00635,TIGR00643,TIGR00663,TIGR00717,TIGR00755,TIGR00922,TIGR00959,TIGR00963,TIGR00967,TIGR01009,TIGR01011,TIGR01017,TIGR01021,TIGR01029,TIGR01032,TIGR01039,TIGR01044,TIGR01059,TIGR01063,TIGR01066,TIGR01071,TIGR01079,TIGR01082,TIGR01087,TIGR01128,TIGR01146,TIGR01164,TIGR01169,TIGR01171,TIGR01302,TIGR01391,TIGR01393,TIGR01394,TIGR01510,TIGR01632,TIGR01951,TIGR01953,TIGR02012,TIGR02013,TIGR02027,TIGR02075,TIGR02191,TIGR02273,TIGR02350,TIGR02386,TIGR02397,TIGR02432,TIGR02729,TIGR03263,TIGR03594,TIGR03625,TIGR03632,TIGR03654,TIGR03723,TIGR03725,TIGR03953	TIGR00344,TIGR00382,TIGR00456,TIGR00928		TIGR00810,TIGR00964
GCF_003631155.1_genome	116	2	0	2	PF00380.20,PF00410.20,PF00466.21,PF01025.20,PF02576.18,PF03726.15,TIGR00006,TIGR00019,TIGR00020,TIGR00029,TIGR00043,TIGR00054,TIGR00059,TIGR00061,TIGR00064,TIGR00065,TIGR00082,TIGR00083,TIGR00084,TIGR00086,TIGR00088,TIGR00090,TIGR00092,TIGR00095,TIGR00115,TIGR00116,TIGR00138,TIGR00158,TIGR00166,TIGR00168,TIGR00186,TIGR00194,TIGR00250,TIGR00337,TIGR00344,TIGR00362,TIGR00392,TIGR00396,TIGR00398,TIGR00414,TIGR00416,TIGR00420,TIGR00431,TIGR00435,TIGR00436,TIGR00442,TIGR00445,TIGR00456,TIGR00459,TIGR00460,TIGR00468,TIGR00472,TIGR00487,TIGR00496,TIGR00539,TIGR00580,TIGR00593,TIGR00615,TIGR00631,TIGR00634,TIGR00635,TIGR00643,TIGR00663,TIGR00717,TIGR00755,TIGR00922,TIGR00959,TIGR00963,TIGR00967,TIGR01009,TIGR01011,TIGR01017,TIGR01021,TIGR01029,TIGR01032,TIGR01039,TIGR01044,TIGR01059,TIGR01063,TIGR01066,TIGR01071,TIGR01079,TIGR01082,TIGR01087,TIGR01128,TIGR01146,TIGR01164,TIGR01169,TIGR01171,TIGR01302,TIGR01391,TIGR01393,TIGR01394,TIGR01510,TIGR01632,TIGR01951,TIGR01953,TIGR02012,TIGR02013,TIGR02027,TIGR02075,TIGR02191,TIGR02273,TIGR02350,TIGR02386,TIGR02397,TIGR02432,TIGR02729,TIGR03263,TIGR03594,TIGR03625,TIGR03632,TIGR03654,TIGR03723,TIGR03725,TIGR03953	TIGR00382,TIGR00928		TIGR00810,TIGR00964
GCF_003631355.1_genome	114	3	0	3	PF00380.20,PF00410.20,PF00466.21,PF01025.20,PF02576.18,PF03726.15,TIGR00006,TIGR00019,TIGR00020,TIGR00029,TIGR00043,TIGR00054,TIGR00059,TIGR00061,TIGR00064,TIGR00065,TIGR00082,TIGR00083,TIGR00084,TIGR00086,TIGR00088,TIGR00090,TIGR00092,TIGR00095,TIGR00115,TIGR00116,TIGR00138,TIGR00158,TIGR00168,TIGR00186,TIGR00194,TIGR00250,TIGR00337,TIGR00344,TIGR00362,TIGR00392,TIGR00396,TIGR00398,TIGR00414,TIGR00416,TIGR00420,TIGR00431,TIGR00435,TIGR00436,TIGR00442,TIGR00445,TIGR00456,TIGR00459,TIGR00460,TIGR00468,TIGR00472,TIGR00487,TIGR00496,TIGR00539,TIGR00580,TIGR00593,TIGR00615,TIGR00631,TIGR00634,TIGR00635,TIGR00643,TIGR00663,TIGR00717,TIGR00922,TIGR00959,TIGR00963,TIGR00967,TIGR01009,TIGR01011,TIGR01017,TIGR01021,TIGR01029,TIGR01032,TIGR01039,TIGR01044,TIGR01059,TIGR01063,TIGR01066,TIGR01071,TIGR01079,TIGR01082,TIGR01087,TIGR01128,TIGR01146,TIGR01164,TIGR01169,TIGR01171,TIGR01302,TIGR01391,TIGR01393,TIGR01394,TIGR01510,TIGR01632,TIGR01951,TIGR01953,TIGR02012,TIGR02013,TIGR02027,TIGR02075,TIGR02191,TIGR02273,TIGR02350,TIGR02386,TIGR02397,TIGR02432,TIGR02729,TIGR03263,TIGR03594,TIGR03625,TIGR03632,TIGR03654,TIGR03723,TIGR03725,TIGR03953	TIGR00166,TIGR00382,TIGR00928		TIGR00755,TIGR00810,TIGR00964
GCF_003631365.1_genome	116	2	0	2	PF00380.20,PF00410.20,PF00466.21,PF01025.20,PF02576.18,PF03726.15,TIGR00006,TIGR00019,TIGR00020,TIGR00029,TIGR00043,TIGR00054,TIGR00059,TIGR00061,TIGR00064,TIGR00065,TIGR00082,TIGR00083,TIGR00084,TIGR00086,TIGR00088,TIGR00090,TIGR00092,TIGR00095,TIGR00115,TIGR00116,TIGR00138,TIGR00158,TIGR00166,TIGR00168,TIGR00186,TIGR00194,TIGR00250,TIGR00337,TIGR00344,TIGR00362,TIGR00392,TIGR00396,TIGR00398,TIGR00414,TIGR00416,TIGR00420,TIGR00431,TIGR00435,TIGR00436,TIGR00442,TIGR00445,TIGR00456,TIGR00459,TIGR00460,TIGR00468,TIGR00472,TIGR00487,TIGR00496,TIGR00539,TIGR00580,TIGR00593,TIGR00615,TIGR00631,TIGR00634,TIGR00635,TIGR00643,TIGR00663,TIGR00717,TIGR00755,TIGR00922,TIGR00959,TIGR00963,TIGR00967,TIGR01009,TIGR01011,TIGR01017,TIGR01021,TIGR01029,TIGR01032,TIGR01039,TIGR01044,TIGR01059,TIGR01063,TIGR01066,TIGR01071,TIGR01079,TIGR01082,TIGR01087,TIGR01128,TIGR01146,TIGR01164,TIGR01169,TIGR01171,TIGR01302,TIGR01391,TIGR01393,TIGR01394,TIGR01510,TIGR01632,TIGR01951,TIGR01953,TIGR02012,TIGR02013,TIGR02027,TIGR02075,TIGR02191,TIGR02273,TIGR02350,TIGR02386,TIGR02397,TIGR02432,TIGR02729,TIGR03263,TIGR03594,TIGR03625,TIGR03632,TIGR03654,TIGR03723,TIGR03725,TIGR03953	TIGR00382,TIGR00928		TIGR00810,TIGR00964
GCF_003631375.1_genome	108	4	4	4	PF00380.20,PF00410.20,PF01025.20,PF02576.18,PF03726.15,TIGR00006,TIGR00019,TIGR00020,TIGR00029,TIGR00043,TIGR00054,TIGR00059,TIGR00061,TIGR00064,TIGR00065,TIGR00082,TIGR00083,TIGR00084,TIGR00086,TIGR00088,TIGR00090,TIGR00092,TIGR00095,TIGR00115,TIGR00116,TIGR00138,TIGR00158,TIGR00166,TIGR00168,TIGR00186,TIGR00194,TIGR00250,TIGR00337,TIGR00344,TIGR00362,TIGR00396,TIGR00398,TIGR00414,TIGR00416,TIGR00420,TIGR00431,TIGR00435,TIGR00436,TIGR00442,TIGR00445,TIGR00459,TIGR00460,TIGR00468,TIGR00472,TIGR00487,TIGR00496,TIGR00539,TIGR00580,TIGR00593,TIGR00615,TIGR00631,TIGR00634,TIGR00635,TIGR00643,TIGR00663,TIGR00717,TIGR00755,TIGR00959,TIGR00963,TIGR00967,TIGR01009,TIGR01011,TIGR01017,TIGR01021,TIGR01029,TIGR01032,TIGR01039,TIGR01044,TIGR01063,TIGR01066,TIGR01071,TIGR01079,TIGR01082,TIGR01087,TIGR01128,TIGR01146,TIGR01164,TIGR01171,TIGR01302,TIGR01391,TIGR01393,TIGR01394,TIGR01510,TIGR01951,TIGR01953,TIGR02012,TIGR02027,TIGR02075,TIGR02191,TIGR02273,TIGR02350,TIGR02386,TIGR02397,TIGR02432,TIGR02729,TIGR03263,TIGR03594,TIGR03625,TIGR03632,TIGR03654,TIGR03723,TIGR03725,TIGR03953	TIGR00382,TIGR00456,TIGR00928,TIGR02013	PF00466.21,TIGR00922,TIGR01169,TIGR01632	TIGR00392,TIGR00810,TIGR00964,TIGR01059
GCF_003631405.1_genome	116	2	0	2	PF00380.20,PF00410.20,PF00466.21,PF01025.20,PF02576.18,PF03726.15,TIGR00006,TIGR00019,TIGR00020,TIGR00029,TIGR00043,TIGR00054,TIGR00059,TIGR00061,TIGR00064,TIGR00065,TIGR00082,TIGR00083,TIGR00084,TIGR00086,TIGR00088,TIGR00090,TIGR00092,TIGR00095,TIGR00115,TIGR00116,TIGR00138,TIGR00158,TIGR00166,TIGR00168,TIGR00186,TIGR00194,TIGR00250,TIGR00337,TIGR00344,TIGR00362,TIGR00392,TIGR00396,TIGR00398,TIGR00414,TIGR00416,TIGR00420,TIGR00431,TIGR00435,TIGR00436,TIGR00442,TIGR00445,TIGR00456,TIGR00459,TIGR00460,TIGR00468,TIGR00472,TIGR00487,TIGR00496,TIGR00539,TIGR00580,TIGR00593,TIGR00615,TIGR00631,TIGR00634,TIGR00635,TIGR00643,TIGR00663,TIGR00717,TIGR00755,TIGR00922,TIGR00959,TIGR00963,TIGR00967,TIGR01009,TIGR01011,TIGR01017,TIGR01021,TIGR01029,TIGR01032,TIGR01039,TIGR01044,TIGR01059,TIGR01063,TIGR01066,TIGR01071,TIGR01079,TIGR01082,TIGR01087,TIGR01128,TIGR01146,TIGR01164,TIGR01169,TIGR01171,TIGR01302,TIGR01391,TIGR01393,TIGR01394,TIGR01510,TIGR01632,TIGR01951,TIGR01953,TIGR02012,TIGR02013,TIGR02027,TIGR02075,TIGR02191,TIGR02273,TIGR02350,TIGR02386,TIGR02397,TIGR02432,TIGR02729,TIGR03263,TIGR03594,TIGR03625,TIGR03632,TIGR03654,TIGR03723,TIGR03725,TIGR03953	TIGR00382,TIGR00928		TIGR00810,TIGR00964
GCF_003631495.1_genome	111	6	0	3	PF00380.20,PF00410.20,PF00466.21,PF01025.20,PF02576.18,PF03726.15,TIGR00006,TIGR00019,TIGR00020,TIGR00029,TIGR00043,TIGR00054,TIGR00059,TIGR00061,TIGR00064,TIGR00065,TIGR00082,TIGR00083,TIGR00084,TIGR00086,TIGR00090,TIGR00092,TIGR00095,TIGR00115,TIGR00116,TIGR00138,TIGR00158,TIGR00166,TIGR00168,TIGR00186,TIGR00194,TIGR00250,TIGR00337,TIGR00344,TIGR00362,TIGR00392,TIGR00396,TIGR00398,TIGR00414,TIGR00416,TIGR00420,TIGR00431,TIGR00435,TIGR00436,TIGR00442,TIGR00445,TIGR00456,TIGR00459,TIGR00460,TIGR00468,TIGR00487,TIGR00496,TIGR00539,TIGR00580,TIGR00593,TIGR00615,TIGR00631,TIGR00635,TIGR00643,TIGR00663,TIGR00717,TIGR00755,TIGR00922,TIGR00959,TIGR00963,TIGR00967,TIGR01009,TIGR01011,TIGR01017,TIGR01021,TIGR01029,TIGR01032,TIGR01039,TIGR01044,TIGR01063,TIGR01066,TIGR01071,TIGR01079,TIGR01082,TIGR01087,TIGR01128,TIGR01146,TIGR01164,TIGR01169,TIGR01171,TIGR01302,TIGR01391,TIGR01393,TIGR01394,TIGR01510,TIGR01632,TIGR01951,TIGR01953,TIGR02012,TIGR02013,TIGR02027,TIGR02075,TIGR02191,TIGR02273,TIGR02350,TIGR02386,TIGR02397,TIGR02432,TIGR02729,TIGR03263,TIGR03594,TIGR03625,TIGR03632,TIGR03654,TIGR03723,TIGR03953	TIGR00088,TIGR00382,TIGR00472,TIGR00634,TIGR00928,TIGR03725		TIGR00810,TIGR00964,TIGR01059
GCF_003631505.1_genome	116	2	0	2	PF00380.20,PF00410.20,PF00466.21,PF01025.20,PF02576.18,PF03726.15,TIGR00006,TIGR00019,TIGR00020,TIGR00029,TIGR00043,TIGR00054,TIGR00059,TIGR00061,TIGR00064,TIGR00065,TIGR00082,TIGR00083,TIGR00084,TIGR00086,TIGR00088,TIGR00090,TIGR00092,TIGR00095,TIGR00115,TIGR00116,TIGR00138,TIGR00158,TIGR00166,TIGR00168,TIGR00186,TIGR00194,TIGR00250,TIGR00337,TIGR00344,TIGR00362,TIGR00392,TIGR00396,TIGR00398,TIGR00414,TIGR00416,TIGR00420,TIGR00431,TIGR00435,TIGR00436,TIGR00442,TIGR00445,TIGR00456,TIGR00459,TIGR00460,TIGR00468,TIGR00472,TIGR00487,TIGR00496,TIGR00539,TIGR00580,TIGR00593,TIGR00615,TIGR00631,TIGR00634,TIGR00635,TIGR00643,TIGR00663,TIGR00717,TIGR00755,TIGR00922,TIGR00959,TIGR00963,TIGR00967,TIGR01009,TIGR01011,TIGR01017,TIGR01021,TIGR01029,TIGR01032,TIGR01039,TIGR01044,TIGR01059,TIGR01063,TIGR01066,TIGR01071,TIGR01079,TIGR01082,TIGR01087,TIGR01128,TIGR01146,TIGR01164,TIGR01169,TIGR01171,TIGR01302,TIGR01391,TIGR01393,TIGR01394,TIGR01510,TIGR01632,TIGR01951,TIGR01953,TIGR02012,TIGR02013,TIGR02027,TIGR02075,TIGR02191,TIGR02273,TIGR02350,TIGR02386,TIGR02397,TIGR02432,TIGR02729,TIGR03263,TIGR03594,TIGR03625,TIGR03632,TIGR03654,TIGR03723,TIGR03725,TIGR03953	TIGR00382,TIGR00928		TIGR00810,TIGR00964
GCF_003631515.1_genome	116	2	0	2	PF00380.20,PF00410.20,PF00466.21,PF01025.20,PF02576.18,PF03726.15,TIGR00006,TIGR00019,TIGR00020,TIGR00029,TIGR00043,TIGR00054,TIGR00059,TIGR00061,TIGR00064,TIGR00065,TIGR00082,TIGR00083,TIGR00084,TIGR00086,TIGR00088,TIGR00090,TIGR00092,TIGR00095,TIGR00115,TIGR00116,TIGR00138,TIGR00158,TIGR00166,TIGR00168,TIGR00186,TIGR00194,TIGR00250,TIGR00337,TIGR00344,TIGR00362,TIGR00392,TIGR00396,TIGR00398,TIGR00414,TIGR00416,TIGR00420,TIGR00431,TIGR00435,TIGR00436,TIGR00442,TIGR00445,TIGR00456,TIGR00459,TIGR00460,TIGR00468,TIGR00472,TIGR00487,TIGR00496,TIGR00539,TIGR00580,TIGR00593,TIGR00615,TIGR00631,TIGR00634,TIGR00635,TIGR00643,TIGR00663,TIGR00717,TIGR00755,TIGR00922,TIGR00959,TIGR00963,TIGR00967,TIGR01009,TIGR01011,TIGR01017,TIGR01021,TIGR01029,TIGR01032,TIGR01039,TIGR01044,TIGR01059,TIGR01063,TIGR01066,TIGR01071,TIGR01079,TIGR01082,TIGR01087,TIGR01128,TIGR01146,TIGR01164,TIGR01169,TIGR01171,TIGR01302,TIGR01391,TIGR01393,TIGR01394,TIGR01510,TIGR01632,TIGR01951,TIGR01953,TIGR02012,TIGR02013,TIGR02027,TIGR02075,TIGR02191,TIGR02273,TIGR02350,TIGR02386,TIGR02397,TIGR02432,TIGR02729,TIGR03263,TIGR03594,TIGR03625,TIGR03632,TIGR03654,TIGR03723,TIGR03725,TIGR03953	TIGR00382,TIGR00928		TIGR00810,TIGR00964
GCF_003631675.1_genome	116	2	0	2	PF00380.20,PF00410.20,PF00466.21,PF01025.20,PF02576.18,PF03726.15,TIGR00006,TIGR00019,TIGR00020,TIGR00029,TIGR00043,TIGR00054,TIGR00059,TIGR00061,TIGR00064,TIGR00065,TIGR00082,TIGR00083,TIGR00084,TIGR00086,TIGR00088,TIGR00090,TIGR00092,TIGR00095,TIGR00115,TIGR00116,TIGR00138,TIGR00158,TIGR00166,TIGR00168,TIGR00186,TIGR00194,TIGR00250,TIGR00337,TIGR00344,TIGR00362,TIGR00392,TIGR00398,TIGR00414,TIGR00416,TIGR00420,TIGR00431,TIGR00435,TIGR00436,TIGR00442,TIGR00445,TIGR00456,TIGR00459,TIGR00460,TIGR00468,TIGR00472,TIGR00487,TIGR00496,TIGR00539,TIGR00580,TIGR00593,TIGR00615,TIGR00631,TIGR00634,TIGR00635,TIGR00643,TIGR00663,TIGR00717,TIGR00755,TIGR00922,TIGR00928,TIGR00959,TIGR00963,TIGR00967,TIGR01009,TIGR01011,TIGR01017,TIGR01021,TIGR01029,TIGR01032,TIGR01039,TIGR01044,TIGR01059,TIGR01063,TIGR01066,TIGR01071,TIGR01079,TIGR01082,TIGR01087,TIGR01128,TIGR01146,TIGR01164,TIGR01169,TIGR01171,TIGR01302,TIGR01391,TIGR01393,TIGR01394,TIGR01510,TIGR01632,TIGR01951,TIGR01953,TIGR02012,TIGR02013,TIGR02027,TIGR02075,TIGR02191,TIGR02273,TIGR02350,TIGR02386,TIGR02397,TIGR02432,TIGR02729,TIGR03263,TIGR03594,TIGR03625,TIGR03632,TIGR03654,TIGR03723,TIGR03725,TIGR03953	TIGR00382,TIGR00396		TIGR00810,TIGR00964
GCF_003632555.1_genome	113	5	0	2	PF00380.20,PF00410.20,PF00466.21,PF01025.20,PF02576.18,PF03726.15,TIGR00006,TIGR00019,TIGR00020,TIGR00029,TIGR00043,TIGR00054,TIGR00059,TIGR00061,TIGR00064,TIGR00065,TIGR00082,TIGR00083,TIGR00084,TIGR00086,TIGR00088,TIGR00090,TIGR00092,TIGR00095,TIGR00115,TIGR00116,TIGR00138,TIGR00158,TIGR00166,TIGR00168,TIGR00186,TIGR00194,TIGR00250,TIGR00337,TIGR00344,TIGR00362,TIGR00392,TIGR00396,TIGR00398,TIGR00414,TIGR00416,TIGR00420,TIGR00435,TIGR00436,TIGR00442,TIGR00445,TIGR00456,TIGR00459,TIGR00460,TIGR00468,TIGR00472,TIGR00487,TIGR00496,TIGR00539,TIGR00580,TIGR00593,TIGR00615,TIGR00631,TIGR00634,TIGR00635,TIGR00643,TIGR00663,TIGR00717,TIGR00755,TIGR00922,TIGR00959,TIGR00963,TIGR00967,TIGR01009,TIGR01011,TIGR01021,TIGR01029,TIGR01032,TIGR01039,TIGR01044,TIGR01059,TIGR01063,TIGR01066,TIGR01071,TIGR01079,TIGR01082,TIGR01087,TIGR01128,TIGR01164,TIGR01169,TIGR01171,TIGR01302,TIGR01391,TIGR01393,TIGR01394,TIGR01510,TIGR01632,TIGR01951,TIGR01953,TIGR02012,TIGR02013,TIGR02027,TIGR02075,TIGR02191,TIGR02273,TIGR02350,TIGR02386,TIGR02397,TIGR02432,TIGR02729,TIGR03263,TIGR03594,TIGR03625,TIGR03632,TIGR03654,TIGR03723,TIGR03725,TIGR03953	TIGR00382,TIGR00431,TIGR00928,TIGR01017,TIGR01146		TIGR00810,TIGR00964
GCF_003632615.1_genome	114	4	0	2	PF00380.20,PF00410.20,PF00466.21,PF01025.20,PF02576.18,PF03726.15,TIGR00006,TIGR00019,TIGR00020,TIGR00029,TIGR00043,TIGR00054,TIGR00059,TIGR00061,TIGR00064,TIGR00065,TIGR00082,TIGR00083,TIGR00084,TIGR00086,TIGR00088,TIGR00090,TIGR00092,TIGR00095,TIGR00115,TIGR00116,TIGR00138,TIGR00158,TIGR00166,TIGR00168,TIGR00186,TIGR00194,TIGR00250,TIGR00337,TIGR00344,TIGR00362,TIGR00392,TIGR00396,TIGR00398,TIGR00414,TIGR00416,TIGR00420,TIGR00431,TIGR00435,TIGR00436,TIGR00442,TIGR00445,TIGR00456,TIGR00459,TIGR00460,TIGR00468,TIGR00472,TIGR00487,TIGR00496,TIGR00539,TIGR00580,TIGR00593,TIGR00615,TIGR00631,TIGR00635,TIGR00643,TIGR00663,TIGR00717,TIGR00755,TIGR00922,TIGR00963,TIGR00964,TIGR00967,TIGR01009,TIGR01011,TIGR01017,TIGR01021,TIGR01029,TIGR01032,TIGR01039,TIGR01044,TIGR01059,TIGR01063,TIGR01066,TIGR01071,TIGR01079,TIGR01082,TIGR01087,TIGR01128,TIGR01164,TIGR01169,TIGR01171,TIGR01302,TIGR01391,TIGR01393,TIGR01394,TIGR01510,TIGR01632,TIGR01951,TIGR01953,TIGR02012,TIGR02013,TIGR02027,TIGR02075,TIGR02191,TIGR02273,TIGR02350,TIGR02386,TIGR02397,TIGR02432,TIGR02729,TIGR03263,TIGR03594,TIGR03625,TIGR03632,TIGR03654,TIGR03723,TIGR03725,TIGR03953	TIGR00382,TIGR00634,TIGR00928,TIGR01146		TIGR00810,TIGR00959
GCF_003632625.1_genome	113	5	0	2	PF00380.20,PF00410.20,PF00466.21,PF01025.20,PF02576.18,TIGR00006,TIGR00019,TIGR00020,TIGR00029,TIGR00043,TIGR00054,TIGR00059,TIGR00061,TIGR00064,TIGR00065,TIGR00082,TIGR00083,TIGR00084,TIGR00086,TIGR00090,TIGR00092,TIGR00095,TIGR00115,TIGR00116,TIGR00138,TIGR00158,TIGR00166,TIGR00168,TIGR00186,TIGR00194,TIGR00250,TIGR00337,TIGR00344,TIGR00362,TIGR00392,TIGR00396,TIGR00398,TIGR00414,TIGR00416,TIGR00420,TIGR00431,TIGR00435,TIGR00436,TIGR00442,TIGR00445,TIGR00456,TIGR00459,TIGR00460,TIGR00468,TIGR00472,TIGR00487,TIGR00496,TIGR00539,TIGR00580,TIGR00593,TIGR00615,TIGR00631,TIGR00634,TIGR00635,TIGR00643,TIGR00717,TIGR00755,TIGR00922,TIGR00959,TIGR00963,TIGR00967,TIGR01009,TIGR01011,TIGR01017,TIGR01021,TIGR01029,TIGR01032,TIGR01039,TIGR01044,TIGR01059,TIGR01063,TIGR01066,TIGR01071,TIGR01079,TIGR01082,TIGR01087,TIGR01128,TIGR01146,TIGR01164,TIGR01169,TIGR01171,TIGR01302,TIGR01391,TIGR01393,TIGR01394,TIGR01510,TIGR01632,TIGR01951,TIGR01953,TIGR02012,TIGR02013,TIGR02027,TIGR02075,TIGR02191,TIGR02273,TIGR02350,TIGR02386,TIGR02397,TIGR02432,TIGR02729,TIGR03263,TIGR03594,TIGR03625,TIGR03632,TIGR03654,TIGR03723,TIGR03725,TIGR03953	PF03726.15,TIGR00088,TIGR00382,TIGR00663,TIGR00928		TIGR00810,TIGR00964
GCF_003632755.1_genome	116	3	0	1	PF00380.20,PF00410.20,PF00466.21,PF01025.20,PF02576.18,PF03726.15,TIGR00006,TIGR00019,TIGR00020,TIGR00029,TIGR00043,TIGR00054,TIGR00059,TIGR00061,TIGR00064,TIGR00065,TIGR00082,TIGR00083,TIGR00084,TIGR00086,TIGR00088,TIGR00090,TIGR00092,TIGR00095,TIGR00115,TIGR00116,TIGR00138,TIGR00158,TIGR00166,TIGR00168,TIGR00186,TIGR00194,TIGR00250,TIGR00337,TIGR00344,TIGR00362,TIGR00392,TIGR00396,TIGR00398,TIGR00414,TIGR00416,TIGR00420,TIGR00431,TIGR00435,TIGR00436,TIGR00442,TIGR00445,TIGR00459,TIGR00460,TIGR00468,TIGR00472,TIGR00487,TIGR00496,TIGR00539,TIGR00580,TIGR00593,TIGR00615,TIGR00631,TIGR00634,TIGR00635,TIGR00643,TIGR00663,TIGR00717,TIGR00755,TIGR00922,TIGR00959,TIGR00963,TIGR00964,TIGR00967,TIGR01009,TIGR01011,TIGR01017,TIGR01021,TIGR01029,TIGR01032,TIGR01039,TIGR01044,TIGR01059,TIGR01063,TIGR01066,TIGR01071,TIGR01079,TIGR01082,TIGR01087,TIGR01128,TIGR01146,TIGR01164,TIGR01169,TIGR01171,TIGR01302,TIGR01391,TIGR01393,TIGR01394,TIGR01510,TIGR01632,TIGR01951,TIGR01953,TIGR02012,TIGR02013,TIGR02027,TIGR02075,TIGR02191,TIGR02273,TIGR02350,TIGR02386,TIGR02397,TIGR02432,TIGR02729,TIGR03263,TIGR03594,TIGR03625,TIGR03632,TIGR03654,TIGR03723,TIGR03725,TIGR03953	TIGR00382,TIGR00456,TIGR00928		TIGR00810
GCF_003632765.1_genome	112	6	0	2	PF00380.20,PF00410.20,PF00466.21,PF02576.18,PF03726.15,TIGR00006,TIGR00019,TIGR00020,TIGR00029,TIGR00043,TIGR00054,TIGR00059,TIGR00061,TIGR00064,TIGR00065,TIGR00082,TIGR00083,TIGR00084,TIGR00086,TIGR00088,TIGR00090,TIGR00092,TIGR00095,TIGR00115,TIGR00116,TIGR00138,TIGR00158,TIGR00166,TIGR00168,TIGR00186,TIGR00194,TIGR00250,TIGR00337,TIGR00344,TIGR00362,TIGR00392,TIGR00396,TIGR00398,TIGR00414,TIGR00416,TIGR00420,TIGR00431,TIGR00435,TIGR00436,TIGR00442,TIGR00445,TIGR00456,TIGR00459,TIGR00460,TIGR00468,TIGR00472,TIGR00487,TIGR00496,TIGR00580,TIGR00593,TIGR00615,TIGR00635,TIGR00643,TIGR00663,TIGR00717,TIGR00755,TIGR00922,TIGR00959,TIGR00963,TIGR00964,TIGR00967,TIGR01009,TIGR01011,TIGR01017,TIGR01021,TIGR01029,TIGR01032,TIGR01039,TIGR01044,TIGR01059,TIGR01063,TIGR01066,TIGR01071,TIGR01079,TIGR01082,TIGR01087,TIGR01128,TIGR01146,TIGR01164,TIGR01169,TIGR01171,TIGR01302,TIGR01391,TIGR01393,TIGR01394,TIGR01510,TIGR01632,TIGR01951,TIGR01953,TIGR02012,TIGR02027,TIGR02075,TIGR02191,TIGR02273,TIGR02350,TIGR02386,TIGR02397,TIGR02432,TIGR02729,TIGR03263,TIGR03594,TIGR03625,TIGR03632,TIGR03654,TIGR03723,TIGR03725,TIGR03953	PF01025.20,TIGR00382,TIGR00631,TIGR00634,TIGR00928,TIGR02013		TIGR00539,TIGR00810
GCF_003632775.2_genome	116	3	0	1	PF00380.20,PF00410.20,PF00466.21,PF01025.20,PF02576.18,PF03726.15,TIGR00006,TIGR00019,TIGR00020,TIGR00029,TIGR00043,TIGR00054,TIGR00059,TIGR00061,TIGR00064,TIGR00065,TIGR00082,TIGR00083,TIGR00084,TIGR00086,TIGR00088,TIGR00090,TIGR00092,TIGR00095,TIGR00115,TIGR00116,TIGR00138,TIGR00158,TIGR00166,TIGR00168,TIGR00186,TIGR00194,TIGR00250,TIGR00337,TIGR00344,TIGR00362,TIGR00392,TIGR00396,TIGR00398,TIGR00414,TIGR00416,TIGR00420,TIGR00431,TIGR00435,TIGR00436,TIGR00442,TIGR00445,TIGR00456,TIGR00459,TIGR00460,TIGR00468,TIGR00472,TIGR00487,TIGR00496,TIGR00539,TIGR00580,TIGR00593,TIGR00615,TIGR00631,TIGR00634,TIGR00635,TIGR00643,TIGR00663,TIGR00717,TIGR00755,TIGR00922,TIGR00959,TIGR00963,TIGR00964,TIGR00967,TIGR01009,TIGR01011,TIGR01017,TIGR01021,TIGR01029,TIGR01032,TIGR01039,TIGR01044,TIGR01059,TIGR01063,TIGR01066,TIGR01071,TIGR01079,TIGR01082,TIGR01087,TIGR01128,TIGR01146,TIGR01169,TIGR01171,TIGR01302,TIGR01391,TIGR01393,TIGR01394,TIGR01510,TIGR01632,TIGR01951,TIGR01953,TIGR02012,TIGR02013,TIGR02027,TIGR02075,TIGR02191,TIGR02273,TIGR02350,TIGR02386,TIGR02397,TIGR02432,TIGR02729,TIGR03263,TIGR03594,TIGR03625,TIGR03632,TIGR03654,TIGR03723,TIGR03725,TIGR03953	TIGR00382,TIGR00928,TIGR01164		TIGR00810
GCF_003632965.1_genome	116	2	0	2	PF00380.20,PF00410.20,PF00466.21,PF01025.20,PF02576.18,PF03726.15,TIGR00006,TIGR00019,TIGR00020,TIGR00029,TIGR00043,TIGR00054,TIGR00059,TIGR00061,TIGR00064,TIGR00065,TIGR00082,TIGR00083,TIGR00084,TIGR00086,TIGR00088,TIGR00090,TIGR00092,TIGR00095,TIGR00115,TIGR00116,TIGR00138,TIGR00158,TIGR00166,TIGR00168,TIGR00186,TIGR00194,TIGR00250,TIGR00337,TIGR00344,TIGR00362,TIGR00392,TIGR00396,TIGR00398,TIGR00414,TIGR00416,TIGR00420,TIGR00431,TIGR00435,TIGR00436,TIGR00442,TIGR00445,TIGR00456,TIGR00459,TIGR00460,TIGR00468,TIGR00472,TIGR00487,TIGR00496,TIGR00539,TIGR00580,TIGR00593,TIGR00615,TIGR00631,TIGR00634,TIGR00635,TIGR00643,TIGR00663,TIGR00717,TIGR00755,TIGR00922,TIGR00959,TIGR00963,TIGR00967,TIGR01009,TIGR01011,TIGR01017,TIGR01021,TIGR01029,TIGR01032,TIGR01039,TIGR01044,TIGR01059,TIGR01063,TIGR01066,TIGR01071,TIGR01079,TIGR01082,TIGR01087,TIGR01128,TIGR01146,TIGR01164,TIGR01169,TIGR01171,TIGR01302,TIGR01391,TIGR01393,TIGR01394,TIGR01510,TIGR01632,TIGR01951,TIGR01953,TIGR02012,TIGR02013,TIGR02027,TIGR02075,TIGR02191,TIGR02273,TIGR02350,TIGR02386,TIGR02397,TIGR02432,TIGR02729,TIGR03263,TIGR03594,TIGR03625,TIGR03632,TIGR03654,TIGR03723,TIGR03725,TIGR03953	TIGR00382,TIGR00928		TIGR00810,TIGR00964
GCF_003633015.1_genome	113	5	0	2	PF00380.20,PF00410.20,PF00466.21,PF01025.20,PF02576.18,PF03726.15,TIGR00006,TIGR00019,TIGR00020,TIGR00029,TIGR00043,TIGR00054,TIGR00059,TIGR00061,TIGR00064,TIGR00065,TIGR00082,TIGR00083,TIGR00084,TIGR00086,TIGR00088,TIGR00090,TIGR00092,TIGR00095,TIGR00115,TIGR00116,TIGR00138,TIGR00158,TIGR00166,TIGR00168,TIGR00186,TIGR00194,TIGR00250,TIGR00337,TIGR00344,TIGR00362,TIGR00392,TIGR00398,TIGR00414,TIGR00416,TIGR00420,TIGR00435,TIGR00436,TIGR00442,TIGR00445,TIGR00456,TIGR00459,TIGR00460,TIGR00468,TIGR00472,TIGR00487,TIGR00496,TIGR00539,TIGR00580,TIGR00593,TIGR00615,TIGR00631,TIGR00634,TIGR00635,TIGR00643,TIGR00717,TIGR00755,TIGR00922,TIGR00959,TIGR00963,TIGR00967,TIGR01009,TIGR01011,TIGR01017,TIGR01021,TIGR01029,TIGR01032,TIGR01039,TIGR01044,TIGR01059,TIGR01063,TIGR01066,TIGR01071,TIGR01079,TIGR01082,TIGR01087,TIGR01128,TIGR01146,TIGR01164,TIGR01169,TIGR01171,TIGR01302,TIGR01391,TIGR01393,TIGR01394,TIGR01510,TIGR01632,TIGR01951,TIGR01953,TIGR02012,TIGR02013,TIGR02027,TIGR02075,TIGR02191,TIGR02273,TIGR02350,TIGR02386,TIGR02397,TIGR02432,TIGR02729,TIGR03263,TIGR03594,TIGR03625,TIGR03632,TIGR03654,TIGR03723,TIGR03725,TIGR03953	TIGR00382,TIGR00396,TIGR00431,TIGR00663,TIGR00928		TIGR00810,TIGR00964
GCF_003633025.1_genome	111	3	0	6	PF00380.20,PF00410.20,PF00466.21,PF01025.20,PF02576.18,PF03726.15,TIGR00006,TIGR00019,TIGR00020,TIGR00029,TIGR00043,TIGR00054,TIGR00059,TIGR00061,TIGR00064,TIGR00065,TIGR00082,TIGR00083,TIGR00084,TIGR00086,TIGR00088,TIGR00090,TIGR00092,TIGR00095,TIGR00115,TIGR00116,TIGR00138,TIGR00158,TIGR00166,TIGR00168,TIGR00186,TIGR00194,TIGR00250,TIGR00337,TIGR00344,TIGR00362,TIGR00392,TIGR00396,TIGR00398,TIGR00414,TIGR00416,TIGR00420,TIGR00431,TIGR00435,TIGR00436,TIGR00442,TIGR00445,TIGR00456,TIGR00459,TIGR00468,TIGR00472,TIGR00487,TIGR00496,TIGR00539,TIGR00580,TIGR00593,TIGR00615,TIGR00631,TIGR00634,TIGR00635,TIGR00643,TIGR00663,TIGR00717,TIGR00755,TIGR00922,TIGR00959,TIGR00967,TIGR01009,TIGR01011,TIGR01017,TIGR01021,TIGR01029,TIGR01032,TIGR01039,TIGR01044,TIGR01059,TIGR01063,TIGR01066,TIGR01071,TIGR01079,TIGR01082,TIGR01087,TIGR01128,TIGR01164,TIGR01169,TIGR01171,TIGR01302,TIGR01391,TIGR01393,TIGR01394,TIGR01510,TIGR01632,TIGR01951,TIGR01953,TIGR02012,TIGR02013,TIGR02027,TIGR02075,TIGR02191,TIGR02273,TIGR02386,TIGR02397,TIGR02432,TIGR02729,TIGR03263,TIGR03594,TIGR03625,TIGR03632,TIGR03654,TIGR03725,TIGR03953	TIGR00382,TIGR00928,TIGR01146		TIGR00460,TIGR00810,TIGR00963,TIGR00964,TIGR02350,TIGR03723
GCF_003633055.1_genome	111	4	0	5	PF00380.20,PF00410.20,PF00466.21,PF01025.20,PF02576.18,PF03726.15,TIGR00006,TIGR00019,TIGR00020,TIGR00029,TIGR00043,TIGR00054,TIGR00059,TIGR00064,TIGR00065,TIGR00082,TIGR00083,TIGR00084,TIGR00086,TIGR00088,TIGR00090,TIGR00092,TIGR00095,TIGR00115,TIGR00116,TIGR00138,TIGR00158,TIGR00166,TIGR00168,TIGR00186,TIGR00194,TIGR00250,TIGR00337,TIGR00344,TIGR00362,TIGR00392,TIGR00396,TIGR00398,TIGR00414,TIGR00416,TIGR00420,TIGR00431,TIGR00435,TIGR00436,TIGR00442,TIGR00445,TIGR00456,TIGR00459,TIGR00460,TIGR00468,TIGR00472,TIGR00487,TIGR00496,TIGR00539,TIGR00580,TIGR00593,TIGR00615,TIGR00631,TIGR00634,TIGR00635,TIGR00643,TIGR00663,TIGR00717,TIGR00755,TIGR00922,TIGR00959,TIGR00967,TIGR01009,TIGR01011,TIGR01017,TIGR01021,TIGR01029,TIGR01032,TIGR01039,TIGR01044,TIGR01059,TIGR01063,TIGR01066,TIGR01071,TIGR01079,TIGR01082,TIGR01087,TIGR01128,TIGR01146,TIGR01164,TIGR01169,TIGR01171,TIGR01302,TIGR01391,TIGR01393,TIGR01394,TIGR01510,TIGR01632,TIGR01951,TIGR01953,TIGR02012,TIGR02013,TIGR02075,TIGR02191,TIGR02273,TIGR02350,TIGR02386,TIGR02397,TIGR02432,TIGR02729,TIGR03263,TIGR03594,TIGR03625,TIGR03632,TIGR03654,TIGR03953	TIGR00382,TIGR00928,TIGR02027,TIGR03725		TIGR00061,TIGR00810,TIGR00963,TIGR00964,TIGR03723
GCF_003633125.1_genome	115	3	0	2	PF00380.20,PF00410.20,PF00466.21,PF01025.20,PF02576.18,PF03726.15,TIGR00006,TIGR00019,TIGR00020,TIGR00029,TIGR00043,TIGR00054,TIGR00059,TIGR00061,TIGR00064,TIGR00065,TIGR00082,TIGR00083,TIGR00084,TIGR00086,TIGR00088,TIGR00090,TIGR00092,TIGR00095,TIGR00115,TIGR00116,TIGR00138,TIGR00158,TIGR00166,TIGR00168,TIGR00186,TIGR00194,TIGR00250,TIGR00337,TIGR00344,TIGR00362,TIGR00392,TIGR00396,TIGR00398,TIGR00414,TIGR00416,TIGR00420,TIGR00431,TIGR00435,TIGR00436,TIGR00442,TIGR00445,TIGR00456,TIGR00459,TIGR00460,TIGR00468,TIGR00472,TIGR00487,TIGR00496,TIGR00539,TIGR00580,TIGR00593,TIGR00615,TIGR00634,TIGR00635,TIGR00643,TIGR00663,TIGR00717,TIGR00755,TIGR00922,TIGR00959,TIGR00963,TIGR00967,TIGR01009,TIGR01011,TIGR01017,TIGR01021,TIGR01029,TIGR01032,TIGR01039,TIGR01044,TIGR01059,TIGR01063,TIGR01066,TIGR01071,TIGR01079,TIGR01082,TIGR01087,TIGR01128,TIGR01146,TIGR01164,TIGR01169,TIGR01171,TIGR01302,TIGR01391,TIGR01393,TIGR01394,TIGR01510,TIGR01632,TIGR01951,TIGR01953,TIGR02012,TIGR02013,TIGR02027,TIGR02075,TIGR02191,TIGR02273,TIGR02350,TIGR02386,TIGR02397,TIGR02432,TIGR02729,TIGR03263,TIGR03594,TIGR03625,TIGR03632,TIGR03654,TIGR03723,TIGR03725,TIGR03953	TIGR00382,TIGR00631,TIGR00928		TIGR00810,TIGR00964
GCF_003633295.1_genome	116	2	0	2	PF00380.20,PF00410.20,PF00466.21,PF01025.20,PF02576.18,PF03726.15,TIGR00006,TIGR00019,TIGR00020,TIGR00029,TIGR00043,TIGR00054,TIGR00059,TIGR00061,TIGR00064,TIGR00065,TIGR00082,TIGR00083,TIGR00084,TIGR00086,TIGR00088,TIGR00090,TIGR00092,TIGR00095,TIGR00115,TIGR00116,TIGR00138,TIGR00158,TIGR00166,TIGR00168,TIGR00186,TIGR00194,TIGR00250,TIGR00337,TIGR00344,TIGR00362,TIGR00392,TIGR00396,TIGR00398,TIGR00414,TIGR00416,TIGR00420,TIGR00431,TIGR00435,TIGR00436,TIGR00442,TIGR00445,TIGR00456,TIGR00459,TIGR00460,TIGR00468,TIGR00472,TIGR00487,TIGR00496,TIGR00539,TIGR00580,TIGR00593,TIGR00615,TIGR00631,TIGR00634,TIGR00635,TIGR00643,TIGR00663,TIGR00717,TIGR00755,TIGR00922,TIGR00959,TIGR00963,TIGR00967,TIGR01009,TIGR01011,TIGR01017,TIGR01021,TIGR01029,TIGR01032,TIGR01039,TIGR01044,TIGR01059,TIGR01063,TIGR01066,TIGR01071,TIGR01079,TIGR01082,TIGR01087,TIGR01128,TIGR01146,TIGR01164,TIGR01169,TIGR01171,TIGR01302,TIGR01391,TIGR01393,TIGR01394,TIGR01510,TIGR01632,TIGR01951,TIGR01953,TIGR02012,TIGR02013,TIGR02027,TIGR02075,TIGR02191,TIGR02273,TIGR02350,TIGR02386,TIGR02397,TIGR02432,TIGR02729,TIGR03263,TIGR03594,TIGR03625,TIGR03632,TIGR03654,TIGR03723,TIGR03725,TIGR03953	TIGR00382,TIGR00928		TIGR00810,TIGR00964
GCF_003633465.1_genome	117	2	0	1	PF00380.20,PF00410.20,PF00466.21,PF01025.20,PF02576.18,PF03726.15,TIGR00006,TIGR00019,TIGR00020,TIGR00029,TIGR00043,TIGR00054,TIGR00059,TIGR00061,TIGR00064,TIGR00065,TIGR00082,TIGR00083,TIGR00084,TIGR00086,TIGR00088,TIGR00090,TIGR00092,TIGR00095,TIGR00115,TIGR00116,TIGR00138,TIGR00158,TIGR00166,TIGR00168,TIGR00186,TIGR00194,TIGR00250,TIGR00337,TIGR00344,TIGR00362,TIGR00392,TIGR00396,TIGR00398,TIGR00414,TIGR00416,TIGR00420,TIGR00431,TIGR00435,TIGR00436,TIGR00442,TIGR00445,TIGR00456,TIGR00459,TIGR00460,TIGR00468,TIGR00472,TIGR00487,TIGR00496,TIGR00539,TIGR00580,TIGR00593,TIGR00615,TIGR00631,TIGR00634,TIGR00635,TIGR00643,TIGR00663,TIGR00717,TIGR00755,TIGR00922,TIGR00959,TIGR00963,TIGR00964,TIGR00967,TIGR01009,TIGR01011,TIGR01017,TIGR01021,TIGR01029,TIGR01032,TIGR01039,TIGR01044,TIGR01059,TIGR01063,TIGR01066,TIGR01071,TIGR01079,TIGR01082,TIGR01087,TIGR01128,TIGR01146,TIGR01164,TIGR01169,TIGR01171,TIGR01302,TIGR01391,TIGR01393,TIGR01394,TIGR01510,TIGR01632,TIGR01951,TIGR01953,TIGR02012,TIGR02013,TIGR02027,TIGR02075,TIGR02191,TIGR02273,TIGR02350,TIGR02386,TIGR02397,TIGR02432,TIGR02729,TIGR03263,TIGR03594,TIGR03625,TIGR03632,TIGR03654,TIGR03723,TIGR03725,TIGR03953	TIGR00382,TIGR00928		TIGR00810
GCF_003633515.1_genome	117	2	0	1	PF00380.20,PF00410.20,PF00466.21,PF01025.20,PF02576.18,PF03726.15,TIGR00006,TIGR00019,TIGR00020,TIGR00029,TIGR00043,TIGR00054,TIGR00059,TIGR00061,TIGR00064,TIGR00065,TIGR00082,TIGR00083,TIGR00084,TIGR00086,TIGR00088,TIGR00090,TIGR00092,TIGR00095,TIGR00115,TIGR00116,TIGR00138,TIGR00158,TIGR00166,TIGR00168,TIGR00186,TIGR00194,TIGR00250,TIGR00337,TIGR00344,TIGR00362,TIGR00392,TIGR00396,TIGR00398,TIGR00414,TIGR00416,TIGR00420,TIGR00431,TIGR00435,TIGR00436,TIGR00442,TIGR00445,TIGR00456,TIGR00459,TIGR00460,TIGR00468,TIGR00472,TIGR00487,TIGR00496,TIGR00539,TIGR00580,TIGR00593,TIGR00615,TIGR00631,TIGR00634,TIGR00635,TIGR00643,TIGR00663,TIGR00717,TIGR00755,TIGR00922,TIGR00959,TIGR00963,TIGR00964,TIGR00967,TIGR01009,TIGR01011,TIGR01017,TIGR01021,TIGR01029,TIGR01032,TIGR01039,TIGR01044,TIGR01059,TIGR01063,TIGR01066,TIGR01071,TIGR01079,TIGR01082,TIGR01087,TIGR01128,TIGR01146,TIGR01164,TIGR01169,TIGR01171,TIGR01302,TIGR01391,TIGR01393,TIGR01394,TIGR01510,TIGR01632,TIGR01951,TIGR01953,TIGR02012,TIGR02013,TIGR02027,TIGR02075,TIGR02191,TIGR02273,TIGR02350,TIGR02386,TIGR02397,TIGR02432,TIGR02729,TIGR03263,TIGR03594,TIGR03625,TIGR03632,TIGR03654,TIGR03723,TIGR03725,TIGR03953	TIGR00382,TIGR00928		TIGR00810
GCF_003836385.1_genome	116	2	0	2	PF00380.20,PF00410.20,PF00466.21,PF01025.20,PF02576.18,PF03726.15,TIGR00006,TIGR00019,TIGR00020,TIGR00029,TIGR00043,TIGR00054,TIGR00059,TIGR00061,TIGR00064,TIGR00065,TIGR00082,TIGR00083,TIGR00084,TIGR00086,TIGR00088,TIGR00090,TIGR00092,TIGR00095,TIGR00115,TIGR00116,TIGR00138,TIGR00158,TIGR00166,TIGR00168,TIGR00186,TIGR00194,TIGR00250,TIGR00337,TIGR00344,TIGR00362,TIGR00392,TIGR00396,TIGR00398,TIGR00414,TIGR00416,TIGR00420,TIGR00431,TIGR00435,TIGR00436,TIGR00442,TIGR00445,TIGR00456,TIGR00459,TIGR00460,TIGR00468,TIGR00472,TIGR00487,TIGR00496,TIGR00539,TIGR00580,TIGR00593,TIGR00615,TIGR00631,TIGR00634,TIGR00635,TIGR00643,TIGR00663,TIGR00717,TIGR00755,TIGR00922,TIGR00959,TIGR00963,TIGR00967,TIGR01009,TIGR01011,TIGR01017,TIGR01021,TIGR01029,TIGR01032,TIGR01039,TIGR01044,TIGR01059,TIGR01063,TIGR01066,TIGR01071,TIGR01079,TIGR01082,TIGR01087,TIGR01128,TIGR01146,TIGR01164,TIGR01169,TIGR01171,TIGR01302,TIGR01391,TIGR01393,TIGR01394,TIGR01510,TIGR01632,TIGR01951,TIGR01953,TIGR02012,TIGR02013,TIGR02027,TIGR02075,TIGR02191,TIGR02273,TIGR02350,TIGR02386,TIGR02397,TIGR02432,TIGR02729,TIGR03263,TIGR03594,TIGR03625,TIGR03632,TIGR03654,TIGR03723,TIGR03725,TIGR03953	TIGR00382,TIGR00928		TIGR00810,TIGR00964
GCF_003836405.1_genome	116	2	0	2	PF00380.20,PF00410.20,PF00466.21,PF01025.20,PF02576.18,PF03726.15,TIGR00006,TIGR00019,TIGR00020,TIGR00029,TIGR00043,TIGR00054,TIGR00059,TIGR00061,TIGR00064,TIGR00065,TIGR00082,TIGR00083,TIGR00084,TIGR00086,TIGR00088,TIGR00090,TIGR00092,TIGR00095,TIGR00115,TIGR00116,TIGR00138,TIGR00158,TIGR00166,TIGR00168,TIGR00186,TIGR00194,TIGR00250,TIGR00337,TIGR00344,TIGR00362,TIGR00392,TIGR00396,TIGR00398,TIGR00414,TIGR00416,TIGR00420,TIGR00431,TIGR00435,TIGR00436,TIGR00442,TIGR00445,TIGR00456,TIGR00459,TIGR00460,TIGR00468,TIGR00472,TIGR00487,TIGR00496,TIGR00539,TIGR00580,TIGR00593,TIGR00615,TIGR00631,TIGR00634,TIGR00635,TIGR00643,TIGR00663,TIGR00717,TIGR00755,TIGR00922,TIGR00959,TIGR00963,TIGR00967,TIGR01009,TIGR01011,TIGR01017,TIGR01021,TIGR01029,TIGR01032,TIGR01039,TIGR01044,TIGR01059,TIGR01063,TIGR01066,TIGR01071,TIGR01079,TIGR01082,TIGR01087,TIGR01128,TIGR01146,TIGR01164,TIGR01169,TIGR01171,TIGR01302,TIGR01391,TIGR01393,TIGR01394,TIGR01510,TIGR01632,TIGR01951,TIGR01953,TIGR02012,TIGR02013,TIGR02027,TIGR02075,TIGR02191,TIGR02273,TIGR02350,TIGR02386,TIGR02397,TIGR02432,TIGR02729,TIGR03263,TIGR03594,TIGR03625,TIGR03632,TIGR03654,TIGR03723,TIGR03725,TIGR03953	TIGR00382,TIGR00928		TIGR00810,TIGR00964
GCF_003836455.1_genome	117	2	0	1	PF00380.20,PF00410.20,PF00466.21,PF01025.20,PF02576.18,PF03726.15,TIGR00006,TIGR00019,TIGR00020,TIGR00029,TIGR00043,TIGR00054,TIGR00059,TIGR00061,TIGR00064,TIGR00065,TIGR00082,TIGR00083,TIGR00084,TIGR00086,TIGR00088,TIGR00090,TIGR00092,TIGR00095,TIGR00115,TIGR00116,TIGR00138,TIGR00158,TIGR00166,TIGR00168,TIGR00186,TIGR00194,TIGR00250,TIGR00337,TIGR00344,TIGR00362,TIGR00392,TIGR00396,TIGR00398,TIGR00414,TIGR00416,TIGR00420,TIGR00431,TIGR00435,TIGR00436,TIGR00442,TIGR00445,TIGR00456,TIGR00459,TIGR00460,TIGR00468,TIGR00472,TIGR00487,TIGR00496,TIGR00539,TIGR00580,TIGR00593,TIGR00615,TIGR00631,TIGR00634,TIGR00635,TIGR00643,TIGR00663,TIGR00717,TIGR00755,TIGR00922,TIGR00959,TIGR00963,TIGR00964,TIGR00967,TIGR01009,TIGR01011,TIGR01017,TIGR01021,TIGR01029,TIGR01032,TIGR01039,TIGR01044,TIGR01059,TIGR01063,TIGR01066,TIGR01071,TIGR01079,TIGR01082,TIGR01087,TIGR01128,TIGR01146,TIGR01164,TIGR01169,TIGR01171,TIGR01302,TIGR01391,TIGR01393,TIGR01394,TIGR01510,TIGR01632,TIGR01951,TIGR01953,TIGR02012,TIGR02013,TIGR02027,TIGR02075,TIGR02191,TIGR02273,TIGR02350,TIGR02386,TIGR02397,TIGR02432,TIGR02729,TIGR03263,TIGR03594,TIGR03625,TIGR03632,TIGR03654,TIGR03723,TIGR03725,TIGR03953	TIGR00382,TIGR00928		TIGR00810
GCF_003836465.1_genome	116	2	0	2	PF00380.20,PF00410.20,PF00466.21,PF01025.20,PF02576.18,PF03726.15,TIGR00006,TIGR00019,TIGR00020,TIGR00029,TIGR00043,TIGR00054,TIGR00059,TIGR00061,TIGR00064,TIGR00065,TIGR00082,TIGR00083,TIGR00084,TIGR00086,TIGR00088,TIGR00090,TIGR00092,TIGR00095,TIGR00115,TIGR00116,TIGR00138,TIGR00158,TIGR00166,TIGR00168,TIGR00186,TIGR00194,TIGR00250,TIGR00337,TIGR00344,TIGR00362,TIGR00392,TIGR00396,TIGR00398,TIGR00414,TIGR00416,TIGR00420,TIGR00431,TIGR00435,TIGR00436,TIGR00442,TIGR00445,TIGR00456,TIGR00459,TIGR00460,TIGR00468,TIGR00472,TIGR00487,TIGR00496,TIGR00539,TIGR00580,TIGR00593,TIGR00615,TIGR00631,TIGR00634,TIGR00635,TIGR00643,TIGR00663,TIGR00717,TIGR00755,TIGR00922,TIGR00959,TIGR00963,TIGR00967,TIGR01009,TIGR01011,TIGR01017,TIGR01021,TIGR01029,TIGR01032,TIGR01039,TIGR01044,TIGR01059,TIGR01063,TIGR01066,TIGR01071,TIGR01079,TIGR01082,TIGR01087,TIGR01128,TIGR01146,TIGR01164,TIGR01169,TIGR01171,TIGR01302,TIGR01391,TIGR01393,TIGR01394,TIGR01510,TIGR01632,TIGR01951,TIGR01953,TIGR02012,TIGR02013,TIGR02027,TIGR02075,TIGR02191,TIGR02273,TIGR02350,TIGR02386,TIGR02397,TIGR02432,TIGR02729,TIGR03263,TIGR03594,TIGR03625,TIGR03632,TIGR03654,TIGR03723,TIGR03725,TIGR03953	TIGR00382,TIGR00928		TIGR00810,TIGR00964
GCF_003836505.1_genome	117	2	0	1	PF00380.20,PF00410.20,PF00466.21,PF01025.20,PF02576.18,PF03726.15,TIGR00006,TIGR00019,TIGR00020,TIGR00029,TIGR00043,TIGR00054,TIGR00059,TIGR00061,TIGR00064,TIGR00065,TIGR00082,TIGR00083,TIGR00084,TIGR00086,TIGR00088,TIGR00090,TIGR00092,TIGR00095,TIGR00115,TIGR00116,TIGR00138,TIGR00158,TIGR00166,TIGR00168,TIGR00186,TIGR00194,TIGR00250,TIGR00337,TIGR00344,TIGR00362,TIGR00392,TIGR00396,TIGR00398,TIGR00414,TIGR00416,TIGR00420,TIGR00431,TIGR00435,TIGR00436,TIGR00442,TIGR00445,TIGR00456,TIGR00459,TIGR00460,TIGR00468,TIGR00472,TIGR00487,TIGR00496,TIGR00539,TIGR00580,TIGR00593,TIGR00615,TIGR00631,TIGR00634,TIGR00635,TIGR00643,TIGR00663,TIGR00717,TIGR00755,TIGR00922,TIGR00959,TIGR00963,TIGR00964,TIGR00967,TIGR01009,TIGR01011,TIGR01017,TIGR01021,TIGR01029,TIGR01032,TIGR01039,TIGR01044,TIGR01059,TIGR01063,TIGR01066,TIGR01071,TIGR01079,TIGR01082,TIGR01087,TIGR01128,TIGR01146,TIGR01164,TIGR01169,TIGR01171,TIGR01302,TIGR01391,TIGR01393,TIGR01394,TIGR01510,TIGR01632,TIGR01951,TIGR01953,TIGR02012,TIGR02013,TIGR02027,TIGR02075,TIGR02191,TIGR02273,TIGR02350,TIGR02386,TIGR02397,TIGR02432,TIGR02729,TIGR03263,TIGR03594,TIGR03625,TIGR03632,TIGR03654,TIGR03723,TIGR03725,TIGR03953	TIGR00382,TIGR00928		TIGR00810
GCF_003836525.1_genome	117	2	0	1	PF00380.20,PF00410.20,PF00466.21,PF01025.20,PF02576.18,PF03726.15,TIGR00006,TIGR00019,TIGR00020,TIGR00029,TIGR00043,TIGR00054,TIGR00059,TIGR00061,TIGR00064,TIGR00065,TIGR00082,TIGR00083,TIGR00084,TIGR00086,TIGR00088,TIGR00090,TIGR00092,TIGR00095,TIGR00115,TIGR00116,TIGR00138,TIGR00158,TIGR00166,TIGR00168,TIGR00186,TIGR00194,TIGR00250,TIGR00337,TIGR00344,TIGR00362,TIGR00392,TIGR00396,TIGR00398,TIGR00414,TIGR00416,TIGR00420,TIGR00431,TIGR00435,TIGR00436,TIGR00442,TIGR00445,TIGR00456,TIGR00459,TIGR00460,TIGR00468,TIGR00472,TIGR00487,TIGR00496,TIGR00539,TIGR00580,TIGR00593,TIGR00615,TIGR00631,TIGR00634,TIGR00635,TIGR00643,TIGR00663,TIGR00717,TIGR00755,TIGR00922,TIGR00959,TIGR00963,TIGR00964,TIGR00967,TIGR01009,TIGR01011,TIGR01017,TIGR01021,TIGR01029,TIGR01032,TIGR01039,TIGR01044,TIGR01059,TIGR01063,TIGR01066,TIGR01071,TIGR01079,TIGR01082,TIGR01087,TIGR01128,TIGR01146,TIGR01164,TIGR01169,TIGR01171,TIGR01302,TIGR01391,TIGR01393,TIGR01394,TIGR01510,TIGR01632,TIGR01951,TIGR01953,TIGR02012,TIGR02013,TIGR02027,TIGR02075,TIGR02191,TIGR02273,TIGR02350,TIGR02386,TIGR02397,TIGR02432,TIGR02729,TIGR03263,TIGR03594,TIGR03625,TIGR03632,TIGR03654,TIGR03723,TIGR03725,TIGR03953	TIGR00382,TIGR00928		TIGR00810
GCF_003836545.1_genome	116	2	0	2	PF00380.20,PF00410.20,PF00466.21,PF01025.20,PF02576.18,PF03726.15,TIGR00006,TIGR00019,TIGR00020,TIGR00029,TIGR00043,TIGR00054,TIGR00059,TIGR00061,TIGR00064,TIGR00065,TIGR00082,TIGR00083,TIGR00084,TIGR00086,TIGR00088,TIGR00090,TIGR00092,TIGR00095,TIGR00115,TIGR00116,TIGR00138,TIGR00158,TIGR00166,TIGR00168,TIGR00186,TIGR00194,TIGR00250,TIGR00337,TIGR00344,TIGR00362,TIGR00392,TIGR00396,TIGR00398,TIGR00414,TIGR00416,TIGR00420,TIGR00431,TIGR00435,TIGR00436,TIGR00442,TIGR00445,TIGR00456,TIGR00459,TIGR00460,TIGR00468,TIGR00472,TIGR00487,TIGR00496,TIGR00539,TIGR00580,TIGR00593,TIGR00615,TIGR00631,TIGR00634,TIGR00635,TIGR00643,TIGR00663,TIGR00717,TIGR00755,TIGR00922,TIGR00959,TIGR00963,TIGR00967,TIGR01009,TIGR01011,TIGR01017,TIGR01021,TIGR01029,TIGR01032,TIGR01039,TIGR01044,TIGR01059,TIGR01063,TIGR01066,TIGR01071,TIGR01079,TIGR01082,TIGR01087,TIGR01128,TIGR01146,TIGR01164,TIGR01169,TIGR01171,TIGR01302,TIGR01391,TIGR01393,TIGR01394,TIGR01510,TIGR01632,TIGR01951,TIGR01953,TIGR02012,TIGR02013,TIGR02027,TIGR02075,TIGR02191,TIGR02273,TIGR02350,TIGR02386,TIGR02397,TIGR02432,TIGR02729,TIGR03263,TIGR03594,TIGR03625,TIGR03632,TIGR03654,TIGR03723,TIGR03725,TIGR03953	TIGR00382,TIGR00928		TIGR00810,TIGR00964
GCF_003836575.1_genome	116	2	0	2	PF00380.20,PF00410.20,PF00466.21,PF01025.20,PF02576.18,PF03726.15,TIGR00006,TIGR00019,TIGR00020,TIGR00029,TIGR00043,TIGR00054,TIGR00059,TIGR00061,TIGR00064,TIGR00065,TIGR00082,TIGR00083,TIGR00084,TIGR00086,TIGR00088,TIGR00090,TIGR00092,TIGR00095,TIGR00115,TIGR00116,TIGR00138,TIGR00158,TIGR00166,TIGR00168,TIGR00186,TIGR00194,TIGR00250,TIGR00337,TIGR00344,TIGR00362,TIGR00392,TIGR00396,TIGR00398,TIGR00414,TIGR00416,TIGR00420,TIGR00431,TIGR00435,TIGR00436,TIGR00442,TIGR00445,TIGR00456,TIGR00459,TIGR00460,TIGR00468,TIGR00472,TIGR00487,TIGR00496,TIGR00539,TIGR00580,TIGR00593,TIGR00615,TIGR00631,TIGR00634,TIGR00635,TIGR00643,TIGR00663,TIGR00717,TIGR00755,TIGR00922,TIGR00959,TIGR00963,TIGR00967,TIGR01009,TIGR01011,TIGR01017,TIGR01021,TIGR01029,TIGR01032,TIGR01039,TIGR01044,TIGR01059,TIGR01063,TIGR01066,TIGR01071,TIGR01079,TIGR01082,TIGR01087,TIGR01128,TIGR01146,TIGR01164,TIGR01169,TIGR01171,TIGR01302,TIGR01391,TIGR01393,TIGR01394,TIGR01510,TIGR01632,TIGR01951,TIGR01953,TIGR02012,TIGR02013,TIGR02027,TIGR02075,TIGR02191,TIGR02273,TIGR02350,TIGR02386,TIGR02397,TIGR02432,TIGR02729,TIGR03263,TIGR03594,TIGR03625,TIGR03632,TIGR03654,TIGR03723,TIGR03725,TIGR03953	TIGR00382,TIGR00928		TIGR00810,TIGR00964
GCF_003836705.1_genome	116	2	0	2	PF00380.20,PF00410.20,PF00466.21,PF01025.20,PF02576.18,PF03726.15,TIGR00006,TIGR00019,TIGR00020,TIGR00029,TIGR00043,TIGR00054,TIGR00059,TIGR00061,TIGR00064,TIGR00065,TIGR00082,TIGR00083,TIGR00084,TIGR00086,TIGR00088,TIGR00090,TIGR00092,TIGR00095,TIGR00115,TIGR00116,TIGR00138,TIGR00158,TIGR00166,TIGR00168,TIGR00186,TIGR00194,TIGR00250,TIGR00337,TIGR00344,TIGR00362,TIGR00392,TIGR00396,TIGR00398,TIGR00414,TIGR00416,TIGR00420,TIGR00431,TIGR00435,TIGR00436,TIGR00442,TIGR00445,TIGR00456,TIGR00459,TIGR00460,TIGR00468,TIGR00472,TIGR00487,TIGR00496,TIGR00539,TIGR00580,TIGR00593,TIGR00615,TIGR00631,TIGR00634,TIGR00635,TIGR00643,TIGR00663,TIGR00717,TIGR00755,TIGR00922,TIGR00959,TIGR00963,TIGR00967,TIGR01009,TIGR01011,TIGR01017,TIGR01021,TIGR01029,TIGR01032,TIGR01039,TIGR01044,TIGR01059,TIGR01063,TIGR01066,TIGR01071,TIGR01079,TIGR01082,TIGR01087,TIGR01128,TIGR01146,TIGR01164,TIGR01169,TIGR01171,TIGR01302,TIGR01391,TIGR01393,TIGR01394,TIGR01510,TIGR01632,TIGR01951,TIGR01953,TIGR02012,TIGR02013,TIGR02027,TIGR02075,TIGR02191,TIGR02273,TIGR02350,TIGR02386,TIGR02397,TIGR02432,TIGR02729,TIGR03263,TIGR03594,TIGR03625,TIGR03632,TIGR03654,TIGR03723,TIGR03725,TIGR03953	TIGR00382,TIGR00928		TIGR00810,TIGR00964
GCF_003836765.1_genome	117	1	0	2	PF00380.20,PF00410.20,PF00466.21,PF01025.20,PF02576.18,PF03726.15,TIGR00006,TIGR00019,TIGR00020,TIGR00029,TIGR00043,TIGR00054,TIGR00059,TIGR00061,TIGR00064,TIGR00065,TIGR00082,TIGR00083,TIGR00084,TIGR00086,TIGR00088,TIGR00090,TIGR00092,TIGR00095,TIGR00115,TIGR00116,TIGR00138,TIGR00158,TIGR00166,TIGR00168,TIGR00186,TIGR00194,TIGR00250,TIGR00337,TIGR00344,TIGR00362,TIGR00392,TIGR00396,TIGR00398,TIGR00414,TIGR00416,TIGR00420,TIGR00431,TIGR00435,TIGR00436,TIGR00442,TIGR00445,TIGR00456,TIGR00459,TIGR00460,TIGR00468,TIGR00472,TIGR00487,TIGR00496,TIGR00539,TIGR00580,TIGR00593,TIGR00615,TIGR00631,TIGR00634,TIGR00635,TIGR00643,TIGR00663,TIGR00717,TIGR00755,TIGR00922,TIGR00928,TIGR00959,TIGR00963,TIGR00967,TIGR01009,TIGR01011,TIGR01017,TIGR01021,TIGR01029,TIGR01032,TIGR01039,TIGR01044,TIGR01059,TIGR01063,TIGR01066,TIGR01071,TIGR01079,TIGR01082,TIGR01087,TIGR01128,TIGR01146,TIGR01164,TIGR01169,TIGR01171,TIGR01302,TIGR01391,TIGR01393,TIGR01394,TIGR01510,TIGR01632,TIGR01951,TIGR01953,TIGR02012,TIGR02013,TIGR02027,TIGR02075,TIGR02191,TIGR02273,TIGR02350,TIGR02386,TIGR02397,TIGR02432,TIGR02729,TIGR03263,TIGR03594,TIGR03625,TIGR03632,TIGR03654,TIGR03723,TIGR03725,TIGR03953	TIGR00382		TIGR00810,TIGR00964
GCF_003836985.1_genome	116	2	0	2	PF00380.20,PF00410.20,PF00466.21,PF01025.20,PF02576.18,PF03726.15,TIGR00006,TIGR00019,TIGR00020,TIGR00029,TIGR00043,TIGR00054,TIGR00059,TIGR00061,TIGR00064,TIGR00065,TIGR00082,TIGR00083,TIGR00084,TIGR00086,TIGR00088,TIGR00090,TIGR00092,TIGR00095,TIGR00115,TIGR00116,TIGR00138,TIGR00158,TIGR00166,TIGR00168,TIGR00186,TIGR00194,TIGR00250,TIGR00337,TIGR00344,TIGR00362,TIGR00392,TIGR00396,TIGR00398,TIGR00414,TIGR00416,TIGR00420,TIGR00431,TIGR00435,TIGR00436,TIGR00442,TIGR00445,TIGR00456,TIGR00459,TIGR00460,TIGR00468,TIGR00472,TIGR00487,TIGR00496,TIGR00539,TIGR00580,TIGR00593,TIGR00615,TIGR00631,TIGR00634,TIGR00635,TIGR00643,TIGR00663,TIGR00717,TIGR00755,TIGR00922,TIGR00959,TIGR00963,TIGR00967,TIGR01009,TIGR01011,TIGR01017,TIGR01021,TIGR01029,TIGR01032,TIGR01039,TIGR01044,TIGR01059,TIGR01063,TIGR01066,TIGR01071,TIGR01079,TIGR01082,TIGR01087,TIGR01128,TIGR01146,TIGR01164,TIGR01169,TIGR01171,TIGR01302,TIGR01391,TIGR01393,TIGR01394,TIGR01510,TIGR01632,TIGR01951,TIGR01953,TIGR02012,TIGR02013,TIGR02027,TIGR02075,TIGR02191,TIGR02273,TIGR02350,TIGR02386,TIGR02397,TIGR02432,TIGR02729,TIGR03263,TIGR03594,TIGR03625,TIGR03632,TIGR03654,TIGR03723,TIGR03725,TIGR03953	TIGR00382,TIGR00928		TIGR00810,TIGR00964
GCF_003837285.1_genome	116	2	0	2	PF00380.20,PF00410.20,PF00466.21,PF01025.20,PF02576.18,PF03726.15,TIGR00006,TIGR00019,TIGR00020,TIGR00029,TIGR00043,TIGR00054,TIGR00059,TIGR00061,TIGR00064,TIGR00065,TIGR00082,TIGR00083,TIGR00084,TIGR00086,TIGR00088,TIGR00090,TIGR00092,TIGR00095,TIGR00115,TIGR00116,TIGR00138,TIGR00158,TIGR00166,TIGR00168,TIGR00186,TIGR00194,TIGR00250,TIGR00337,TIGR00344,TIGR00362,TIGR00392,TIGR00396,TIGR00398,TIGR00414,TIGR00416,TIGR00420,TIGR00431,TIGR00435,TIGR00436,TIGR00442,TIGR00445,TIGR00456,TIGR00459,TIGR00460,TIGR00468,TIGR00472,TIGR00487,TIGR00496,TIGR00539,TIGR00580,TIGR00593,TIGR00615,TIGR00631,TIGR00634,TIGR00635,TIGR00643,TIGR00663,TIGR00717,TIGR00755,TIGR00922,TIGR00959,TIGR00963,TIGR00967,TIGR01009,TIGR01011,TIGR01017,TIGR01021,TIGR01029,TIGR01032,TIGR01039,TIGR01044,TIGR01059,TIGR01063,TIGR01066,TIGR01071,TIGR01079,TIGR01082,TIGR01087,TIGR01128,TIGR01146,TIGR01164,TIGR01169,TIGR01171,TIGR01302,TIGR01391,TIGR01393,TIGR01394,TIGR01510,TIGR01632,TIGR01951,TIGR01953,TIGR02012,TIGR02013,TIGR02027,TIGR02075,TIGR02191,TIGR02273,TIGR02350,TIGR02386,TIGR02397,TIGR02432,TIGR02729,TIGR03263,TIGR03594,TIGR03625,TIGR03632,TIGR03654,TIGR03723,TIGR03725,TIGR03953	TIGR00382,TIGR00928		TIGR00810,TIGR00964
GCF_003837325.1_genome	116	2	0	2	PF00380.20,PF00410.20,PF00466.21,PF01025.20,PF02576.18,PF03726.15,TIGR00006,TIGR00019,TIGR00020,TIGR00029,TIGR00043,TIGR00054,TIGR00059,TIGR00061,TIGR00064,TIGR00065,TIGR00082,TIGR00083,TIGR00084,TIGR00086,TIGR00088,TIGR00090,TIGR00092,TIGR00095,TIGR00115,TIGR00116,TIGR00138,TIGR00158,TIGR00166,TIGR00168,TIGR00186,TIGR00194,TIGR00250,TIGR00337,TIGR00344,TIGR00362,TIGR00392,TIGR00396,TIGR00398,TIGR00414,TIGR00416,TIGR00420,TIGR00431,TIGR00435,TIGR00436,TIGR00442,TIGR00445,TIGR00456,TIGR00459,TIGR00460,TIGR00468,TIGR00472,TIGR00487,TIGR00496,TIGR00539,TIGR00580,TIGR00593,TIGR00615,TIGR00631,TIGR00634,TIGR00635,TIGR00643,TIGR00663,TIGR00717,TIGR00755,TIGR00922,TIGR00959,TIGR00963,TIGR00967,TIGR01009,TIGR01011,TIGR01017,TIGR01021,TIGR01029,TIGR01032,TIGR01039,TIGR01044,TIGR01059,TIGR01063,TIGR01066,TIGR01071,TIGR01079,TIGR01082,TIGR01087,TIGR01128,TIGR01146,TIGR01164,TIGR01169,TIGR01171,TIGR01302,TIGR01391,TIGR01393,TIGR01394,TIGR01510,TIGR01632,TIGR01951,TIGR01953,TIGR02012,TIGR02013,TIGR02027,TIGR02075,TIGR02191,TIGR02273,TIGR02350,TIGR02386,TIGR02397,TIGR02432,TIGR02729,TIGR03263,TIGR03594,TIGR03625,TIGR03632,TIGR03654,TIGR03723,TIGR03725,TIGR03953	TIGR00382,TIGR00928		TIGR00810,TIGR00964
GCF_003837365.1_genome	116	2	0	2	PF00380.20,PF00410.20,PF00466.21,PF01025.20,PF02576.18,PF03726.15,TIGR00006,TIGR00019,TIGR00020,TIGR00029,TIGR00043,TIGR00054,TIGR00059,TIGR00061,TIGR00064,TIGR00065,TIGR00082,TIGR00083,TIGR00084,TIGR00086,TIGR00088,TIGR00090,TIGR00092,TIGR00095,TIGR00115,TIGR00116,TIGR00138,TIGR00158,TIGR00166,TIGR00168,TIGR00186,TIGR00194,TIGR00250,TIGR00337,TIGR00344,TIGR00362,TIGR00392,TIGR00396,TIGR00398,TIGR00414,TIGR00416,TIGR00420,TIGR00431,TIGR00435,TIGR00436,TIGR00442,TIGR00445,TIGR00456,TIGR00459,TIGR00460,TIGR00468,TIGR00472,TIGR00487,TIGR00496,TIGR00539,TIGR00580,TIGR00593,TIGR00615,TIGR00631,TIGR00634,TIGR00635,TIGR00643,TIGR00663,TIGR00717,TIGR00755,TIGR00922,TIGR00959,TIGR00963,TIGR00967,TIGR01009,TIGR01011,TIGR01017,TIGR01021,TIGR01029,TIGR01032,TIGR01039,TIGR01044,TIGR01059,TIGR01063,TIGR01066,TIGR01071,TIGR01079,TIGR01082,TIGR01087,TIGR01128,TIGR01146,TIGR01164,TIGR01169,TIGR01171,TIGR01302,TIGR01391,TIGR01393,TIGR01394,TIGR01510,TIGR01632,TIGR01951,TIGR01953,TIGR02012,TIGR02013,TIGR02027,TIGR02075,TIGR02191,TIGR02273,TIGR02350,TIGR02386,TIGR02397,TIGR02432,TIGR02729,TIGR03263,TIGR03594,TIGR03625,TIGR03632,TIGR03654,TIGR03723,TIGR03725,TIGR03953	TIGR00382,TIGR00928		TIGR00810,TIGR00964
GCF_003837435.1_genome	116	2	0	2	PF00380.20,PF00410.20,PF00466.21,PF01025.20,PF02576.18,PF03726.15,TIGR00006,TIGR00019,TIGR00020,TIGR00029,TIGR00043,TIGR00054,TIGR00059,TIGR00061,TIGR00064,TIGR00065,TIGR00082,TIGR00083,TIGR00084,TIGR00086,TIGR00088,TIGR00090,TIGR00092,TIGR00095,TIGR00115,TIGR00116,TIGR00138,TIGR00158,TIGR00166,TIGR00168,TIGR00186,TIGR00194,TIGR00250,TIGR00337,TIGR00344,TIGR00362,TIGR00392,TIGR00396,TIGR00398,TIGR00414,TIGR00416,TIGR00420,TIGR00431,TIGR00435,TIGR00436,TIGR00442,TIGR00445,TIGR00456,TIGR00459,TIGR00460,TIGR00468,TIGR00472,TIGR00487,TIGR00496,TIGR00539,TIGR00580,TIGR00593,TIGR00615,TIGR00631,TIGR00634,TIGR00635,TIGR00643,TIGR00663,TIGR00717,TIGR00755,TIGR00922,TIGR00959,TIGR00963,TIGR00967,TIGR01009,TIGR01011,TIGR01017,TIGR01021,TIGR01029,TIGR01032,TIGR01039,TIGR01044,TIGR01059,TIGR01063,TIGR01066,TIGR01071,TIGR01079,TIGR01082,TIGR01087,TIGR01128,TIGR01146,TIGR01164,TIGR01169,TIGR01171,TIGR01302,TIGR01391,TIGR01393,TIGR01394,TIGR01510,TIGR01632,TIGR01951,TIGR01953,TIGR02012,TIGR02013,TIGR02027,TIGR02075,TIGR02191,TIGR02273,TIGR02350,TIGR02386,TIGR02397,TIGR02432,TIGR02729,TIGR03263,TIGR03594,TIGR03625,TIGR03632,TIGR03654,TIGR03723,TIGR03725,TIGR03953	TIGR00382,TIGR00928		TIGR00810,TIGR00964
GCF_003837485.1_genome	115	3	0	2	PF00380.20,PF00410.20,PF00466.21,PF01025.20,PF02576.18,PF03726.15,TIGR00006,TIGR00019,TIGR00020,TIGR00029,TIGR00043,TIGR00054,TIGR00059,TIGR00061,TIGR00064,TIGR00065,TIGR00082,TIGR00083,TIGR00084,TIGR00086,TIGR00088,TIGR00090,TIGR00092,TIGR00095,TIGR00115,TIGR00116,TIGR00138,TIGR00158,TIGR00166,TIGR00168,TIGR00186,TIGR00194,TIGR00250,TIGR00337,TIGR00344,TIGR00362,TIGR00392,TIGR00396,TIGR00398,TIGR00414,TIGR00416,TIGR00420,TIGR00431,TIGR00435,TIGR00436,TIGR00442,TIGR00445,TIGR00456,TIGR00459,TIGR00460,TIGR00468,TIGR00472,TIGR00487,TIGR00496,TIGR00539,TIGR00580,TIGR00593,TIGR00615,TIGR00634,TIGR00635,TIGR00643,TIGR00663,TIGR00717,TIGR00755,TIGR00922,TIGR00959,TIGR00963,TIGR00967,TIGR01009,TIGR01011,TIGR01017,TIGR01021,TIGR01029,TIGR01032,TIGR01039,TIGR01044,TIGR01059,TIGR01063,TIGR01066,TIGR01071,TIGR01079,TIGR01082,TIGR01087,TIGR01128,TIGR01146,TIGR01164,TIGR01169,TIGR01171,TIGR01302,TIGR01391,TIGR01393,TIGR01394,TIGR01510,TIGR01632,TIGR01951,TIGR01953,TIGR02012,TIGR02013,TIGR02027,TIGR02075,TIGR02191,TIGR02273,TIGR02350,TIGR02386,TIGR02397,TIGR02432,TIGR02729,TIGR03263,TIGR03594,TIGR03625,TIGR03632,TIGR03654,TIGR03723,TIGR03725,TIGR03953	TIGR00382,TIGR00631,TIGR00928		TIGR00810,TIGR00964
GCF_003837605.1_genome	116	2	0	2	PF00380.20,PF00410.20,PF00466.21,PF01025.20,PF02576.18,PF03726.15,TIGR00006,TIGR00019,TIGR00020,TIGR00029,TIGR00043,TIGR00054,TIGR00059,TIGR00061,TIGR00064,TIGR00065,TIGR00082,TIGR00083,TIGR00084,TIGR00086,TIGR00088,TIGR00090,TIGR00092,TIGR00095,TIGR00115,TIGR00116,TIGR00138,TIGR00158,TIGR00166,TIGR00168,TIGR00186,TIGR00194,TIGR00250,TIGR00337,TIGR00344,TIGR00362,TIGR00392,TIGR00396,TIGR00398,TIGR00414,TIGR00416,TIGR00420,TIGR00431,TIGR00435,TIGR00436,TIGR00442,TIGR00445,TIGR00456,TIGR00459,TIGR00460,TIGR00468,TIGR00472,TIGR00487,TIGR00496,TIGR00539,TIGR00580,TIGR00593,TIGR00615,TIGR00631,TIGR00634,TIGR00635,TIGR00643,TIGR00663,TIGR00717,TIGR00755,TIGR00922,TIGR00959,TIGR00963,TIGR00967,TIGR01009,TIGR01011,TIGR01017,TIGR01021,TIGR01029,TIGR01032,TIGR01039,TIGR01044,TIGR01059,TIGR01063,TIGR01066,TIGR01071,TIGR01079,TIGR01082,TIGR01087,TIGR01128,TIGR01146,TIGR01164,TIGR01169,TIGR01171,TIGR01302,TIGR01391,TIGR01393,TIGR01394,TIGR01510,TIGR01632,TIGR01951,TIGR01953,TIGR02012,TIGR02013,TIGR02027,TIGR02075,TIGR02191,TIGR02273,TIGR02350,TIGR02386,TIGR02397,TIGR02432,TIGR02729,TIGR03263,TIGR03594,TIGR03625,TIGR03632,TIGR03654,TIGR03723,TIGR03725,TIGR03953	TIGR00382,TIGR00928		TIGR00810,TIGR00964
GCF_003838665.1_genome	116	2	0	2	PF00380.20,PF00410.20,PF00466.21,PF01025.20,PF02576.18,PF03726.15,TIGR00006,TIGR00019,TIGR00020,TIGR00029,TIGR00043,TIGR00054,TIGR00059,TIGR00061,TIGR00064,TIGR00065,TIGR00082,TIGR00083,TIGR00084,TIGR00086,TIGR00088,TIGR00090,TIGR00092,TIGR00095,TIGR00115,TIGR00116,TIGR00138,TIGR00158,TIGR00166,TIGR00168,TIGR00186,TIGR00194,TIGR00250,TIGR00337,TIGR00344,TIGR00362,TIGR00392,TIGR00396,TIGR00398,TIGR00414,TIGR00416,TIGR00420,TIGR00431,TIGR00435,TIGR00436,TIGR00442,TIGR00445,TIGR00456,TIGR00459,TIGR00460,TIGR00468,TIGR00472,TIGR00487,TIGR00496,TIGR00539,TIGR00580,TIGR00593,TIGR00615,TIGR00631,TIGR00634,TIGR00635,TIGR00643,TIGR00663,TIGR00717,TIGR00755,TIGR00922,TIGR00959,TIGR00963,TIGR00967,TIGR01009,TIGR01011,TIGR01017,TIGR01021,TIGR01029,TIGR01032,TIGR01039,TIGR01044,TIGR01059,TIGR01063,TIGR01066,TIGR01071,TIGR01079,TIGR01082,TIGR01087,TIGR01128,TIGR01146,TIGR01164,TIGR01169,TIGR01171,TIGR01302,TIGR01391,TIGR01393,TIGR01394,TIGR01510,TIGR01632,TIGR01951,TIGR01953,TIGR02012,TIGR02013,TIGR02027,TIGR02075,TIGR02191,TIGR02273,TIGR02350,TIGR02386,TIGR02397,TIGR02432,TIGR02729,TIGR03263,TIGR03594,TIGR03625,TIGR03632,TIGR03654,TIGR03723,TIGR03725,TIGR03953	TIGR00382,TIGR00928		TIGR00810,TIGR00964
GCF_003838685.1_genome	116	2	0	2	PF00380.20,PF00410.20,PF00466.21,PF01025.20,PF02576.18,PF03726.15,TIGR00006,TIGR00019,TIGR00020,TIGR00029,TIGR00043,TIGR00054,TIGR00059,TIGR00061,TIGR00064,TIGR00065,TIGR00082,TIGR00083,TIGR00084,TIGR00086,TIGR00088,TIGR00090,TIGR00092,TIGR00095,TIGR00115,TIGR00116,TIGR00138,TIGR00158,TIGR00166,TIGR00168,TIGR00186,TIGR00194,TIGR00250,TIGR00337,TIGR00344,TIGR00362,TIGR00392,TIGR00396,TIGR00398,TIGR00414,TIGR00416,TIGR00420,TIGR00431,TIGR00435,TIGR00436,TIGR00442,TIGR00445,TIGR00456,TIGR00459,TIGR00460,TIGR00468,TIGR00472,TIGR00487,TIGR00496,TIGR00539,TIGR00580,TIGR00593,TIGR00615,TIGR00631,TIGR00634,TIGR00635,TIGR00643,TIGR00663,TIGR00717,TIGR00755,TIGR00922,TIGR00959,TIGR00963,TIGR00967,TIGR01009,TIGR01011,TIGR01017,TIGR01021,TIGR01029,TIGR01032,TIGR01039,TIGR01044,TIGR01059,TIGR01063,TIGR01066,TIGR01071,TIGR01079,TIGR01082,TIGR01087,TIGR01128,TIGR01146,TIGR01164,TIGR01169,TIGR01171,TIGR01302,TIGR01391,TIGR01393,TIGR01394,TIGR01510,TIGR01632,TIGR01951,TIGR01953,TIGR02012,TIGR02013,TIGR02027,TIGR02075,TIGR02191,TIGR02273,TIGR02350,TIGR02386,TIGR02397,TIGR02432,TIGR02729,TIGR03263,TIGR03594,TIGR03625,TIGR03632,TIGR03654,TIGR03723,TIGR03725,TIGR03953	TIGR00382,TIGR00928		TIGR00810,TIGR00964
GCF_003838705.1_genome	116	2	0	2	PF00380.20,PF00410.20,PF00466.21,PF01025.20,PF02576.18,PF03726.15,TIGR00006,TIGR00019,TIGR00020,TIGR00029,TIGR00043,TIGR00054,TIGR00059,TIGR00061,TIGR00064,TIGR00065,TIGR00082,TIGR00083,TIGR00084,TIGR00086,TIGR00088,TIGR00090,TIGR00092,TIGR00095,TIGR00115,TIGR00116,TIGR00138,TIGR00158,TIGR00166,TIGR00168,TIGR00186,TIGR00194,TIGR00250,TIGR00337,TIGR00344,TIGR00362,TIGR00392,TIGR00396,TIGR00398,TIGR00414,TIGR00416,TIGR00420,TIGR00431,TIGR00435,TIGR00436,TIGR00442,TIGR00445,TIGR00456,TIGR00459,TIGR00460,TIGR00468,TIGR00472,TIGR00487,TIGR00496,TIGR00539,TIGR00580,TIGR00593,TIGR00615,TIGR00631,TIGR00634,TIGR00635,TIGR00643,TIGR00663,TIGR00717,TIGR00755,TIGR00922,TIGR00959,TIGR00963,TIGR00967,TIGR01009,TIGR01011,TIGR01017,TIGR01021,TIGR01029,TIGR01032,TIGR01039,TIGR01044,TIGR01059,TIGR01063,TIGR01066,TIGR01071,TIGR01079,TIGR01082,TIGR01087,TIGR01128,TIGR01146,TIGR01164,TIGR01169,TIGR01171,TIGR01302,TIGR01391,TIGR01393,TIGR01394,TIGR01510,TIGR01632,TIGR01951,TIGR01953,TIGR02012,TIGR02013,TIGR02027,TIGR02075,TIGR02191,TIGR02273,TIGR02350,TIGR02386,TIGR02397,TIGR02432,TIGR02729,TIGR03263,TIGR03594,TIGR03625,TIGR03632,TIGR03654,TIGR03723,TIGR03725,TIGR03953	TIGR00382,TIGR00928		TIGR00810,TIGR00964
GCF_003838785.1_genome	116	2	0	2	PF00380.20,PF00410.20,PF00466.21,PF01025.20,PF02576.18,PF03726.15,TIGR00006,TIGR00019,TIGR00020,TIGR00029,TIGR00043,TIGR00054,TIGR00059,TIGR00061,TIGR00064,TIGR00065,TIGR00082,TIGR00083,TIGR00084,TIGR00086,TIGR00088,TIGR00090,TIGR00092,TIGR00095,TIGR00115,TIGR00116,TIGR00138,TIGR00158,TIGR00166,TIGR00168,TIGR00186,TIGR00194,TIGR00250,TIGR00337,TIGR00344,TIGR00362,TIGR00392,TIGR00396,TIGR00398,TIGR00414,TIGR00416,TIGR00420,TIGR00431,TIGR00435,TIGR00436,TIGR00442,TIGR00445,TIGR00456,TIGR00459,TIGR00460,TIGR00468,TIGR00472,TIGR00487,TIGR00496,TIGR00539,TIGR00580,TIGR00593,TIGR00615,TIGR00631,TIGR00634,TIGR00635,TIGR00643,TIGR00663,TIGR00717,TIGR00755,TIGR00922,TIGR00959,TIGR00963,TIGR00967,TIGR01009,TIGR01011,TIGR01017,TIGR01021,TIGR01029,TIGR01032,TIGR01039,TIGR01044,TIGR01059,TIGR01063,TIGR01066,TIGR01071,TIGR01079,TIGR01082,TIGR01087,TIGR01128,TIGR01146,TIGR01164,TIGR01169,TIGR01171,TIGR01302,TIGR01391,TIGR01393,TIGR01394,TIGR01510,TIGR01632,TIGR01951,TIGR01953,TIGR02012,TIGR02013,TIGR02027,TIGR02075,TIGR02191,TIGR02273,TIGR02350,TIGR02386,TIGR02397,TIGR02432,TIGR02729,TIGR03263,TIGR03594,TIGR03625,TIGR03632,TIGR03654,TIGR03723,TIGR03725,TIGR03953	TIGR00382,TIGR00928		TIGR00810,TIGR00964
GCF_003838805.1_genome	116	3	0	1	PF00380.20,PF00410.20,PF00466.21,PF01025.20,PF02576.18,PF03726.15,TIGR00006,TIGR00019,TIGR00020,TIGR00029,TIGR00043,TIGR00054,TIGR00059,TIGR00061,TIGR00064,TIGR00065,TIGR00082,TIGR00083,TIGR00084,TIGR00086,TIGR00088,TIGR00090,TIGR00092,TIGR00095,TIGR00115,TIGR00116,TIGR00138,TIGR00158,TIGR00166,TIGR00168,TIGR00186,TIGR00194,TIGR00250,TIGR00337,TIGR00344,TIGR00362,TIGR00392,TIGR00396,TIGR00398,TIGR00414,TIGR00416,TIGR00420,TIGR00431,TIGR00435,TIGR00436,TIGR00442,TIGR00445,TIGR00456,TIGR00459,TIGR00460,TIGR00468,TIGR00472,TIGR00487,TIGR00496,TIGR00539,TIGR00580,TIGR00593,TIGR00615,TIGR00631,TIGR00634,TIGR00635,TIGR00643,TIGR00663,TIGR00717,TIGR00755,TIGR00922,TIGR00959,TIGR00963,TIGR00964,TIGR00967,TIGR01009,TIGR01011,TIGR01017,TIGR01021,TIGR01029,TIGR01032,TIGR01039,TIGR01044,TIGR01059,TIGR01063,TIGR01066,TIGR01071,TIGR01079,TIGR01082,TIGR01087,TIGR01128,TIGR01146,TIGR01164,TIGR01169,TIGR01171,TIGR01302,TIGR01391,TIGR01393,TIGR01394,TIGR01510,TIGR01632,TIGR01951,TIGR01953,TIGR02013,TIGR02027,TIGR02075,TIGR02191,TIGR02273,TIGR02350,TIGR02386,TIGR02397,TIGR02432,TIGR02729,TIGR03263,TIGR03594,TIGR03625,TIGR03632,TIGR03654,TIGR03723,TIGR03725,TIGR03953	TIGR00382,TIGR00928,TIGR02012		TIGR00810
GCF_003838825.1_genome	116	2	0	2	PF00380.20,PF00410.20,PF00466.21,PF01025.20,PF02576.18,PF03726.15,TIGR00006,TIGR00019,TIGR00020,TIGR00029,TIGR00043,TIGR00054,TIGR00059,TIGR00061,TIGR00064,TIGR00065,TIGR00082,TIGR00083,TIGR00084,TIGR00086,TIGR00088,TIGR00090,TIGR00092,TIGR00095,TIGR00115,TIGR00116,TIGR00138,TIGR00158,TIGR00166,TIGR00168,TIGR00186,TIGR00194,TIGR00250,TIGR00337,TIGR00344,TIGR00362,TIGR00392,TIGR00396,TIGR00398,TIGR00414,TIGR00416,TIGR00420,TIGR00431,TIGR00435,TIGR00436,TIGR00442,TIGR00445,TIGR00456,TIGR00459,TIGR00460,TIGR00468,TIGR00472,TIGR00487,TIGR00496,TIGR00539,TIGR00580,TIGR00593,TIGR00615,TIGR00631,TIGR00634,TIGR00635,TIGR00643,TIGR00663,TIGR00717,TIGR00755,TIGR00922,TIGR00959,TIGR00963,TIGR00967,TIGR01009,TIGR01011,TIGR01017,TIGR01021,TIGR01029,TIGR01032,TIGR01039,TIGR01044,TIGR01059,TIGR01063,TIGR01066,TIGR01071,TIGR01079,TIGR01082,TIGR01087,TIGR01128,TIGR01146,TIGR01164,TIGR01169,TIGR01171,TIGR01302,TIGR01391,TIGR01393,TIGR01394,TIGR01510,TIGR01632,TIGR01951,TIGR01953,TIGR02012,TIGR02013,TIGR02027,TIGR02075,TIGR02191,TIGR02273,TIGR02350,TIGR02386,TIGR02397,TIGR02432,TIGR02729,TIGR03263,TIGR03594,TIGR03625,TIGR03632,TIGR03654,TIGR03723,TIGR03725,TIGR03953	TIGR00382,TIGR00928		TIGR00810,TIGR00964
GCF_003839025.1_genome	117	2	0	1	PF00380.20,PF00410.20,PF00466.21,PF01025.20,PF02576.18,PF03726.15,TIGR00006,TIGR00019,TIGR00020,TIGR00029,TIGR00043,TIGR00054,TIGR00059,TIGR00061,TIGR00064,TIGR00065,TIGR00082,TIGR00083,TIGR00084,TIGR00086,TIGR00088,TIGR00090,TIGR00092,TIGR00095,TIGR00115,TIGR00116,TIGR00138,TIGR00158,TIGR00166,TIGR00168,TIGR00186,TIGR00194,TIGR00250,TIGR00337,TIGR00344,TIGR00362,TIGR00392,TIGR00396,TIGR00398,TIGR00414,TIGR00416,TIGR00420,TIGR00431,TIGR00435,TIGR00436,TIGR00442,TIGR00445,TIGR00456,TIGR00459,TIGR00460,TIGR00468,TIGR00472,TIGR00487,TIGR00496,TIGR00539,TIGR00580,TIGR00593,TIGR00615,TIGR00631,TIGR00634,TIGR00635,TIGR00643,TIGR00663,TIGR00717,TIGR00755,TIGR00922,TIGR00959,TIGR00963,TIGR00964,TIGR00967,TIGR01009,TIGR01011,TIGR01017,TIGR01021,TIGR01029,TIGR01032,TIGR01039,TIGR01044,TIGR01059,TIGR01063,TIGR01066,TIGR01071,TIGR01079,TIGR01082,TIGR01087,TIGR01128,TIGR01146,TIGR01164,TIGR01169,TIGR01171,TIGR01302,TIGR01391,TIGR01393,TIGR01394,TIGR01510,TIGR01632,TIGR01951,TIGR01953,TIGR02012,TIGR02013,TIGR02027,TIGR02075,TIGR02191,TIGR02273,TIGR02350,TIGR02386,TIGR02397,TIGR02432,TIGR02729,TIGR03263,TIGR03594,TIGR03625,TIGR03632,TIGR03654,TIGR03723,TIGR03725,TIGR03953	TIGR00382,TIGR00928		TIGR00810
GCF_003839035.1_genome	116	2	0	2	PF00380.20,PF00410.20,PF00466.21,PF01025.20,PF02576.18,PF03726.15,TIGR00006,TIGR00019,TIGR00020,TIGR00029,TIGR00043,TIGR00054,TIGR00059,TIGR00061,TIGR00064,TIGR00065,TIGR00082,TIGR00083,TIGR00084,TIGR00086,TIGR00088,TIGR00090,TIGR00092,TIGR00095,TIGR00115,TIGR00116,TIGR00138,TIGR00158,TIGR00166,TIGR00168,TIGR00186,TIGR00194,TIGR00250,TIGR00337,TIGR00344,TIGR00362,TIGR00392,TIGR00396,TIGR00398,TIGR00414,TIGR00416,TIGR00420,TIGR00431,TIGR00435,TIGR00436,TIGR00442,TIGR00445,TIGR00456,TIGR00459,TIGR00460,TIGR00468,TIGR00472,TIGR00487,TIGR00496,TIGR00539,TIGR00580,TIGR00593,TIGR00615,TIGR00631,TIGR00634,TIGR00635,TIGR00643,TIGR00663,TIGR00717,TIGR00755,TIGR00922,TIGR00959,TIGR00963,TIGR00967,TIGR01009,TIGR01011,TIGR01017,TIGR01021,TIGR01029,TIGR01032,TIGR01039,TIGR01044,TIGR01059,TIGR01063,TIGR01066,TIGR01071,TIGR01079,TIGR01082,TIGR01087,TIGR01128,TIGR01146,TIGR01164,TIGR01169,TIGR01171,TIGR01302,TIGR01391,TIGR01393,TIGR01394,TIGR01510,TIGR01632,TIGR01951,TIGR01953,TIGR02012,TIGR02013,TIGR02027,TIGR02075,TIGR02191,TIGR02273,TIGR02350,TIGR02386,TIGR02397,TIGR02432,TIGR02729,TIGR03263,TIGR03594,TIGR03625,TIGR03632,TIGR03654,TIGR03723,TIGR03725,TIGR03953	TIGR00382,TIGR00928		TIGR00810,TIGR00964
GCF_003839085.1_genome	116	2	0	2	PF00380.20,PF00410.20,PF00466.21,PF01025.20,PF02576.18,PF03726.15,TIGR00006,TIGR00019,TIGR00020,TIGR00029,TIGR00043,TIGR00054,TIGR00059,TIGR00061,TIGR00064,TIGR00065,TIGR00082,TIGR00083,TIGR00084,TIGR00086,TIGR00088,TIGR00090,TIGR00092,TIGR00095,TIGR00115,TIGR00116,TIGR00138,TIGR00158,TIGR00166,TIGR00168,TIGR00186,TIGR00194,TIGR00250,TIGR00337,TIGR00344,TIGR00362,TIGR00392,TIGR00396,TIGR00398,TIGR00414,TIGR00416,TIGR00420,TIGR00431,TIGR00435,TIGR00436,TIGR00442,TIGR00445,TIGR00456,TIGR00459,TIGR00460,TIGR00468,TIGR00472,TIGR00487,TIGR00496,TIGR00539,TIGR00580,TIGR00593,TIGR00615,TIGR00631,TIGR00634,TIGR00635,TIGR00643,TIGR00663,TIGR00717,TIGR00755,TIGR00922,TIGR00959,TIGR00963,TIGR00967,TIGR01009,TIGR01011,TIGR01017,TIGR01021,TIGR01029,TIGR01032,TIGR01039,TIGR01044,TIGR01059,TIGR01063,TIGR01066,TIGR01071,TIGR01079,TIGR01082,TIGR01087,TIGR01128,TIGR01146,TIGR01164,TIGR01169,TIGR01171,TIGR01302,TIGR01391,TIGR01393,TIGR01394,TIGR01510,TIGR01632,TIGR01951,TIGR01953,TIGR02012,TIGR02013,TIGR02027,TIGR02075,TIGR02191,TIGR02273,TIGR02350,TIGR02386,TIGR02397,TIGR02432,TIGR02729,TIGR03263,TIGR03594,TIGR03625,TIGR03632,TIGR03654,TIGR03723,TIGR03725,TIGR03953	TIGR00382,TIGR00928		TIGR00810,TIGR00964
GCF_003839105.1_genome	116	2	0	2	PF00380.20,PF00410.20,PF00466.21,PF01025.20,PF02576.18,PF03726.15,TIGR00006,TIGR00019,TIGR00020,TIGR00029,TIGR00043,TIGR00054,TIGR00059,TIGR00061,TIGR00064,TIGR00065,TIGR00082,TIGR00083,TIGR00084,TIGR00086,TIGR00088,TIGR00090,TIGR00092,TIGR00095,TIGR00115,TIGR00116,TIGR00138,TIGR00158,TIGR00166,TIGR00168,TIGR00186,TIGR00194,TIGR00250,TIGR00337,TIGR00344,TIGR00362,TIGR00392,TIGR00396,TIGR00398,TIGR00414,TIGR00416,TIGR00420,TIGR00431,TIGR00435,TIGR00436,TIGR00442,TIGR00445,TIGR00456,TIGR00459,TIGR00460,TIGR00468,TIGR00472,TIGR00487,TIGR00496,TIGR00539,TIGR00580,TIGR00593,TIGR00615,TIGR00631,TIGR00634,TIGR00635,TIGR00643,TIGR00663,TIGR00717,TIGR00755,TIGR00922,TIGR00959,TIGR00963,TIGR00967,TIGR01009,TIGR01011,TIGR01017,TIGR01021,TIGR01029,TIGR01032,TIGR01039,TIGR01044,TIGR01059,TIGR01063,TIGR01066,TIGR01071,TIGR01079,TIGR01082,TIGR01087,TIGR01128,TIGR01146,TIGR01164,TIGR01169,TIGR01171,TIGR01302,TIGR01391,TIGR01393,TIGR01394,TIGR01510,TIGR01632,TIGR01951,TIGR01953,TIGR02012,TIGR02013,TIGR02027,TIGR02075,TIGR02191,TIGR02273,TIGR02350,TIGR02386,TIGR02397,TIGR02432,TIGR02729,TIGR03263,TIGR03594,TIGR03625,TIGR03632,TIGR03654,TIGR03723,TIGR03725,TIGR03953	TIGR00382,TIGR00928		TIGR00810,TIGR00964
GCF_003839165.1_genome	116	2	0	2	PF00380.20,PF00410.20,PF00466.21,PF01025.20,PF02576.18,PF03726.15,TIGR00006,TIGR00019,TIGR00020,TIGR00029,TIGR00043,TIGR00054,TIGR00059,TIGR00061,TIGR00064,TIGR00065,TIGR00082,TIGR00083,TIGR00084,TIGR00086,TIGR00088,TIGR00090,TIGR00092,TIGR00095,TIGR00115,TIGR00116,TIGR00138,TIGR00158,TIGR00166,TIGR00168,TIGR00186,TIGR00194,TIGR00250,TIGR00337,TIGR00344,TIGR00362,TIGR00392,TIGR00396,TIGR00398,TIGR00414,TIGR00416,TIGR00420,TIGR00431,TIGR00435,TIGR00436,TIGR00442,TIGR00445,TIGR00456,TIGR00459,TIGR00460,TIGR00468,TIGR00472,TIGR00487,TIGR00496,TIGR00539,TIGR00580,TIGR00593,TIGR00615,TIGR00631,TIGR00634,TIGR00635,TIGR00643,TIGR00663,TIGR00717,TIGR00755,TIGR00922,TIGR00959,TIGR00963,TIGR00967,TIGR01009,TIGR01011,TIGR01017,TIGR01021,TIGR01029,TIGR01032,TIGR01039,TIGR01044,TIGR01059,TIGR01063,TIGR01066,TIGR01071,TIGR01079,TIGR01082,TIGR01087,TIGR01128,TIGR01146,TIGR01164,TIGR01169,TIGR01171,TIGR01302,TIGR01391,TIGR01393,TIGR01394,TIGR01510,TIGR01632,TIGR01951,TIGR01953,TIGR02012,TIGR02013,TIGR02027,TIGR02075,TIGR02191,TIGR02273,TIGR02350,TIGR02386,TIGR02397,TIGR02432,TIGR02729,TIGR03263,TIGR03594,TIGR03625,TIGR03632,TIGR03654,TIGR03723,TIGR03725,TIGR03953	TIGR00382,TIGR00928		TIGR00810,TIGR00964
GCF_003839215.1_genome	116	2	0	2	PF00380.20,PF00410.20,PF00466.21,PF01025.20,PF02576.18,PF03726.15,TIGR00006,TIGR00019,TIGR00020,TIGR00029,TIGR00043,TIGR00054,TIGR00059,TIGR00061,TIGR00064,TIGR00065,TIGR00082,TIGR00083,TIGR00084,TIGR00086,TIGR00088,TIGR00090,TIGR00092,TIGR00095,TIGR00115,TIGR00116,TIGR00138,TIGR00158,TIGR00166,TIGR00168,TIGR00186,TIGR00194,TIGR00250,TIGR00337,TIGR00344,TIGR00362,TIGR00392,TIGR00396,TIGR00398,TIGR00414,TIGR00416,TIGR00420,TIGR00431,TIGR00435,TIGR00436,TIGR00442,TIGR00445,TIGR00456,TIGR00459,TIGR00460,TIGR00468,TIGR00472,TIGR00487,TIGR00496,TIGR00539,TIGR00580,TIGR00593,TIGR00615,TIGR00631,TIGR00634,TIGR00635,TIGR00643,TIGR00663,TIGR00717,TIGR00755,TIGR00922,TIGR00959,TIGR00963,TIGR00967,TIGR01009,TIGR01011,TIGR01017,TIGR01021,TIGR01029,TIGR01032,TIGR01039,TIGR01044,TIGR01059,TIGR01063,TIGR01066,TIGR01071,TIGR01079,TIGR01082,TIGR01087,TIGR01128,TIGR01146,TIGR01164,TIGR01169,TIGR01171,TIGR01302,TIGR01391,TIGR01393,TIGR01394,TIGR01510,TIGR01632,TIGR01951,TIGR01953,TIGR02012,TIGR02013,TIGR02027,TIGR02075,TIGR02191,TIGR02273,TIGR02350,TIGR02386,TIGR02397,TIGR02432,TIGR02729,TIGR03263,TIGR03594,TIGR03625,TIGR03632,TIGR03654,TIGR03723,TIGR03725,TIGR03953	TIGR00382,TIGR00928		TIGR00810,TIGR00964
GCF_003839255.1_genome	116	2	0	2	PF00380.20,PF00410.20,PF00466.21,PF01025.20,PF02576.18,PF03726.15,TIGR00006,TIGR00019,TIGR00020,TIGR00029,TIGR00043,TIGR00054,TIGR00059,TIGR00061,TIGR00064,TIGR00065,TIGR00082,TIGR00083,TIGR00084,TIGR00086,TIGR00088,TIGR00090,TIGR00092,TIGR00095,TIGR00115,TIGR00116,TIGR00138,TIGR00158,TIGR00166,TIGR00168,TIGR00186,TIGR00194,TIGR00250,TIGR00337,TIGR00344,TIGR00362,TIGR00392,TIGR00396,TIGR00398,TIGR00414,TIGR00416,TIGR00420,TIGR00431,TIGR00435,TIGR00436,TIGR00442,TIGR00445,TIGR00456,TIGR00459,TIGR00460,TIGR00468,TIGR00472,TIGR00487,TIGR00496,TIGR00539,TIGR00580,TIGR00593,TIGR00615,TIGR00631,TIGR00634,TIGR00635,TIGR00643,TIGR00663,TIGR00717,TIGR00755,TIGR00922,TIGR00959,TIGR00963,TIGR00967,TIGR01009,TIGR01011,TIGR01017,TIGR01021,TIGR01029,TIGR01032,TIGR01039,TIGR01044,TIGR01059,TIGR01063,TIGR01066,TIGR01071,TIGR01079,TIGR01082,TIGR01087,TIGR01128,TIGR01146,TIGR01164,TIGR01169,TIGR01171,TIGR01302,TIGR01391,TIGR01393,TIGR01394,TIGR01510,TIGR01632,TIGR01951,TIGR01953,TIGR02012,TIGR02013,TIGR02027,TIGR02075,TIGR02191,TIGR02273,TIGR02350,TIGR02386,TIGR02397,TIGR02432,TIGR02729,TIGR03263,TIGR03594,TIGR03625,TIGR03632,TIGR03654,TIGR03723,TIGR03725,TIGR03953	TIGR00382,TIGR00928		TIGR00810,TIGR00964
GCF_003839375.1_genome	115	3	0	2	PF00380.20,PF00410.20,PF00466.21,PF01025.20,PF02576.18,PF03726.15,TIGR00006,TIGR00019,TIGR00020,TIGR00029,TIGR00043,TIGR00054,TIGR00059,TIGR00061,TIGR00064,TIGR00065,TIGR00082,TIGR00083,TIGR00084,TIGR00086,TIGR00088,TIGR00090,TIGR00092,TIGR00095,TIGR00115,TIGR00116,TIGR00138,TIGR00158,TIGR00166,TIGR00168,TIGR00186,TIGR00194,TIGR00250,TIGR00337,TIGR00344,TIGR00362,TIGR00392,TIGR00396,TIGR00398,TIGR00414,TIGR00416,TIGR00420,TIGR00431,TIGR00435,TIGR00436,TIGR00442,TIGR00445,TIGR00456,TIGR00459,TIGR00460,TIGR00468,TIGR00472,TIGR00487,TIGR00496,TIGR00539,TIGR00580,TIGR00593,TIGR00615,TIGR00634,TIGR00635,TIGR00643,TIGR00663,TIGR00717,TIGR00755,TIGR00922,TIGR00959,TIGR00963,TIGR00967,TIGR01009,TIGR01011,TIGR01017,TIGR01021,TIGR01029,TIGR01032,TIGR01039,TIGR01044,TIGR01059,TIGR01063,TIGR01066,TIGR01071,TIGR01079,TIGR01082,TIGR01087,TIGR01128,TIGR01146,TIGR01164,TIGR01169,TIGR01171,TIGR01302,TIGR01391,TIGR01393,TIGR01394,TIGR01510,TIGR01632,TIGR01951,TIGR01953,TIGR02012,TIGR02013,TIGR02027,TIGR02075,TIGR02191,TIGR02273,TIGR02350,TIGR02386,TIGR02397,TIGR02432,TIGR02729,TIGR03263,TIGR03594,TIGR03625,TIGR03632,TIGR03654,TIGR03723,TIGR03725,TIGR03953	TIGR00382,TIGR00631,TIGR00928		TIGR00810,TIGR00964
GCF_003839585.1_genome	116	2	0	2	PF00380.20,PF00410.20,PF00466.21,PF01025.20,PF02576.18,PF03726.15,TIGR00006,TIGR00019,TIGR00020,TIGR00029,TIGR00043,TIGR00054,TIGR00059,TIGR00061,TIGR00064,TIGR00065,TIGR00082,TIGR00083,TIGR00084,TIGR00086,TIGR00088,TIGR00090,TIGR00092,TIGR00095,TIGR00115,TIGR00116,TIGR00138,TIGR00158,TIGR00166,TIGR00168,TIGR00186,TIGR00194,TIGR00250,TIGR00337,TIGR00344,TIGR00362,TIGR00392,TIGR00396,TIGR00398,TIGR00414,TIGR00416,TIGR00420,TIGR00431,TIGR00435,TIGR00436,TIGR00442,TIGR00445,TIGR00456,TIGR00459,TIGR00460,TIGR00468,TIGR00472,TIGR00487,TIGR00496,TIGR00539,TIGR00580,TIGR00593,TIGR00615,TIGR00631,TIGR00634,TIGR00635,TIGR00643,TIGR00663,TIGR00717,TIGR00755,TIGR00922,TIGR00959,TIGR00963,TIGR00967,TIGR01009,TIGR01011,TIGR01017,TIGR01021,TIGR01029,TIGR01032,TIGR01039,TIGR01044,TIGR01059,TIGR01063,TIGR01066,TIGR01071,TIGR01079,TIGR01082,TIGR01087,TIGR01128,TIGR01146,TIGR01164,TIGR01169,TIGR01171,TIGR01302,TIGR01391,TIGR01393,TIGR01394,TIGR01510,TIGR01632,TIGR01951,TIGR01953,TIGR02012,TIGR02013,TIGR02027,TIGR02075,TIGR02191,TIGR02273,TIGR02350,TIGR02386,TIGR02397,TIGR02432,TIGR02729,TIGR03263,TIGR03594,TIGR03625,TIGR03632,TIGR03654,TIGR03723,TIGR03725,TIGR03953	TIGR00382,TIGR00928		TIGR00810,TIGR00964
GCF_003839755.1_genome	116	2	0	2	PF00380.20,PF00410.20,PF00466.21,PF01025.20,PF02576.18,PF03726.15,TIGR00006,TIGR00019,TIGR00020,TIGR00029,TIGR00043,TIGR00054,TIGR00059,TIGR00061,TIGR00064,TIGR00065,TIGR00082,TIGR00083,TIGR00084,TIGR00086,TIGR00088,TIGR00090,TIGR00092,TIGR00095,TIGR00115,TIGR00116,TIGR00138,TIGR00158,TIGR00166,TIGR00168,TIGR00186,TIGR00194,TIGR00250,TIGR00337,TIGR00344,TIGR00362,TIGR00392,TIGR00396,TIGR00398,TIGR00414,TIGR00416,TIGR00420,TIGR00431,TIGR00435,TIGR00436,TIGR00442,TIGR00445,TIGR00456,TIGR00459,TIGR00460,TIGR00468,TIGR00472,TIGR00487,TIGR00496,TIGR00539,TIGR00580,TIGR00593,TIGR00615,TIGR00631,TIGR00634,TIGR00635,TIGR00643,TIGR00663,TIGR00717,TIGR00755,TIGR00922,TIGR00959,TIGR00963,TIGR00967,TIGR01009,TIGR01011,TIGR01017,TIGR01021,TIGR01029,TIGR01032,TIGR01039,TIGR01044,TIGR01059,TIGR01063,TIGR01066,TIGR01071,TIGR01079,TIGR01082,TIGR01087,TIGR01128,TIGR01146,TIGR01164,TIGR01169,TIGR01171,TIGR01302,TIGR01391,TIGR01393,TIGR01394,TIGR01510,TIGR01632,TIGR01951,TIGR01953,TIGR02012,TIGR02013,TIGR02027,TIGR02075,TIGR02191,TIGR02273,TIGR02350,TIGR02386,TIGR02397,TIGR02432,TIGR02729,TIGR03263,TIGR03594,TIGR03625,TIGR03632,TIGR03654,TIGR03723,TIGR03725,TIGR03953	TIGR00382,TIGR00928		TIGR00810,TIGR00964
GCF_003839785.1_genome	116	2	0	2	PF00380.20,PF00410.20,PF00466.21,PF01025.20,PF02576.18,PF03726.15,TIGR00006,TIGR00019,TIGR00020,TIGR00029,TIGR00043,TIGR00054,TIGR00059,TIGR00061,TIGR00064,TIGR00065,TIGR00082,TIGR00083,TIGR00084,TIGR00086,TIGR00088,TIGR00090,TIGR00092,TIGR00095,TIGR00115,TIGR00116,TIGR00138,TIGR00158,TIGR00166,TIGR00168,TIGR00186,TIGR00194,TIGR00250,TIGR00337,TIGR00344,TIGR00362,TIGR00392,TIGR00396,TIGR00398,TIGR00414,TIGR00416,TIGR00420,TIGR00431,TIGR00435,TIGR00436,TIGR00442,TIGR00445,TIGR00456,TIGR00459,TIGR00460,TIGR00468,TIGR00472,TIGR00487,TIGR00496,TIGR00539,TIGR00580,TIGR00593,TIGR00615,TIGR00631,TIGR00634,TIGR00635,TIGR00643,TIGR00663,TIGR00717,TIGR00755,TIGR00922,TIGR00959,TIGR00963,TIGR00967,TIGR01009,TIGR01011,TIGR01017,TIGR01021,TIGR01029,TIGR01032,TIGR01039,TIGR01044,TIGR01059,TIGR01063,TIGR01066,TIGR01071,TIGR01079,TIGR01082,TIGR01087,TIGR01128,TIGR01146,TIGR01164,TIGR01169,TIGR01171,TIGR01302,TIGR01391,TIGR01393,TIGR01394,TIGR01510,TIGR01632,TIGR01951,TIGR01953,TIGR02012,TIGR02013,TIGR02027,TIGR02075,TIGR02191,TIGR02273,TIGR02350,TIGR02386,TIGR02397,TIGR02432,TIGR02729,TIGR03263,TIGR03594,TIGR03625,TIGR03632,TIGR03654,TIGR03723,TIGR03725,TIGR03953	TIGR00382,TIGR00928		TIGR00810,TIGR00964
GCF_003839865.1_genome	116	2	0	2	PF00380.20,PF00410.20,PF00466.21,PF01025.20,PF02576.18,PF03726.15,TIGR00006,TIGR00019,TIGR00020,TIGR00029,TIGR00043,TIGR00054,TIGR00059,TIGR00061,TIGR00064,TIGR00065,TIGR00082,TIGR00083,TIGR00084,TIGR00086,TIGR00088,TIGR00090,TIGR00092,TIGR00095,TIGR00115,TIGR00116,TIGR00138,TIGR00158,TIGR00166,TIGR00168,TIGR00186,TIGR00194,TIGR00250,TIGR00337,TIGR00344,TIGR00362,TIGR00392,TIGR00396,TIGR00398,TIGR00414,TIGR00416,TIGR00420,TIGR00431,TIGR00435,TIGR00436,TIGR00442,TIGR00445,TIGR00456,TIGR00459,TIGR00460,TIGR00468,TIGR00472,TIGR00487,TIGR00496,TIGR00539,TIGR00580,TIGR00593,TIGR00615,TIGR00631,TIGR00634,TIGR00635,TIGR00643,TIGR00663,TIGR00717,TIGR00755,TIGR00922,TIGR00959,TIGR00963,TIGR00967,TIGR01009,TIGR01011,TIGR01017,TIGR01021,TIGR01029,TIGR01032,TIGR01039,TIGR01044,TIGR01059,TIGR01063,TIGR01066,TIGR01071,TIGR01079,TIGR01082,TIGR01087,TIGR01128,TIGR01146,TIGR01164,TIGR01169,TIGR01171,TIGR01302,TIGR01391,TIGR01393,TIGR01394,TIGR01510,TIGR01632,TIGR01951,TIGR01953,TIGR02012,TIGR02013,TIGR02027,TIGR02075,TIGR02191,TIGR02273,TIGR02350,TIGR02386,TIGR02397,TIGR02432,TIGR02729,TIGR03263,TIGR03594,TIGR03625,TIGR03632,TIGR03654,TIGR03723,TIGR03725,TIGR03953	TIGR00382,TIGR00928		TIGR00810,TIGR00964
GCF_003840005.1_genome	116	2	0	2	PF00380.20,PF00410.20,PF00466.21,PF01025.20,PF02576.18,PF03726.15,TIGR00006,TIGR00019,TIGR00020,TIGR00029,TIGR00043,TIGR00054,TIGR00059,TIGR00061,TIGR00064,TIGR00065,TIGR00082,TIGR00083,TIGR00084,TIGR00086,TIGR00088,TIGR00090,TIGR00092,TIGR00095,TIGR00115,TIGR00116,TIGR00138,TIGR00158,TIGR00166,TIGR00168,TIGR00186,TIGR00194,TIGR00250,TIGR00337,TIGR00344,TIGR00362,TIGR00392,TIGR00396,TIGR00398,TIGR00414,TIGR00416,TIGR00420,TIGR00431,TIGR00435,TIGR00436,TIGR00442,TIGR00445,TIGR00456,TIGR00459,TIGR00460,TIGR00468,TIGR00472,TIGR00487,TIGR00496,TIGR00539,TIGR00580,TIGR00593,TIGR00615,TIGR00631,TIGR00634,TIGR00635,TIGR00643,TIGR00663,TIGR00717,TIGR00755,TIGR00922,TIGR00959,TIGR00963,TIGR00967,TIGR01009,TIGR01011,TIGR01017,TIGR01021,TIGR01029,TIGR01032,TIGR01039,TIGR01044,TIGR01059,TIGR01063,TIGR01066,TIGR01071,TIGR01079,TIGR01082,TIGR01087,TIGR01128,TIGR01146,TIGR01164,TIGR01169,TIGR01171,TIGR01302,TIGR01391,TIGR01393,TIGR01394,TIGR01510,TIGR01632,TIGR01951,TIGR01953,TIGR02012,TIGR02013,TIGR02027,TIGR02075,TIGR02191,TIGR02273,TIGR02350,TIGR02386,TIGR02397,TIGR02432,TIGR02729,TIGR03263,TIGR03594,TIGR03625,TIGR03632,TIGR03654,TIGR03723,TIGR03725,TIGR03953	TIGR00382,TIGR00928		TIGR00810,TIGR00964
GCF_003840105.1_genome	116	2	0	2	PF00380.20,PF00410.20,PF00466.21,PF01025.20,PF02576.18,PF03726.15,TIGR00006,TIGR00019,TIGR00020,TIGR00029,TIGR00043,TIGR00054,TIGR00059,TIGR00061,TIGR00064,TIGR00065,TIGR00082,TIGR00083,TIGR00084,TIGR00086,TIGR00088,TIGR00090,TIGR00092,TIGR00095,TIGR00115,TIGR00116,TIGR00138,TIGR00158,TIGR00166,TIGR00168,TIGR00186,TIGR00194,TIGR00250,TIGR00337,TIGR00344,TIGR00362,TIGR00392,TIGR00396,TIGR00398,TIGR00414,TIGR00416,TIGR00420,TIGR00431,TIGR00435,TIGR00436,TIGR00442,TIGR00445,TIGR00456,TIGR00459,TIGR00460,TIGR00468,TIGR00472,TIGR00487,TIGR00496,TIGR00539,TIGR00580,TIGR00593,TIGR00615,TIGR00631,TIGR00634,TIGR00635,TIGR00643,TIGR00663,TIGR00717,TIGR00755,TIGR00922,TIGR00959,TIGR00963,TIGR00967,TIGR01009,TIGR01011,TIGR01017,TIGR01021,TIGR01029,TIGR01032,TIGR01039,TIGR01044,TIGR01059,TIGR01063,TIGR01066,TIGR01071,TIGR01079,TIGR01082,TIGR01087,TIGR01128,TIGR01146,TIGR01164,TIGR01169,TIGR01171,TIGR01302,TIGR01391,TIGR01393,TIGR01394,TIGR01510,TIGR01632,TIGR01951,TIGR01953,TIGR02012,TIGR02013,TIGR02027,TIGR02075,TIGR02191,TIGR02273,TIGR02350,TIGR02386,TIGR02397,TIGR02432,TIGR02729,TIGR03263,TIGR03594,TIGR03625,TIGR03632,TIGR03654,TIGR03723,TIGR03725,TIGR03953	TIGR00382,TIGR00928		TIGR00810,TIGR00964
GCF_003840145.1_genome	116	2	0	2	PF00380.20,PF00410.20,PF00466.21,PF01025.20,PF02576.18,PF03726.15,TIGR00006,TIGR00019,TIGR00020,TIGR00029,TIGR00043,TIGR00054,TIGR00059,TIGR00061,TIGR00064,TIGR00065,TIGR00082,TIGR00083,TIGR00084,TIGR00086,TIGR00088,TIGR00090,TIGR00092,TIGR00095,TIGR00115,TIGR00116,TIGR00138,TIGR00158,TIGR00166,TIGR00168,TIGR00186,TIGR00194,TIGR00250,TIGR00337,TIGR00344,TIGR00362,TIGR00392,TIGR00396,TIGR00398,TIGR00414,TIGR00416,TIGR00420,TIGR00431,TIGR00435,TIGR00436,TIGR00442,TIGR00445,TIGR00456,TIGR00459,TIGR00460,TIGR00468,TIGR00472,TIGR00487,TIGR00496,TIGR00539,TIGR00580,TIGR00593,TIGR00615,TIGR00631,TIGR00634,TIGR00635,TIGR00643,TIGR00663,TIGR00717,TIGR00755,TIGR00922,TIGR00959,TIGR00963,TIGR00967,TIGR01009,TIGR01011,TIGR01017,TIGR01021,TIGR01029,TIGR01032,TIGR01039,TIGR01044,TIGR01059,TIGR01063,TIGR01066,TIGR01071,TIGR01079,TIGR01082,TIGR01087,TIGR01128,TIGR01146,TIGR01164,TIGR01169,TIGR01171,TIGR01302,TIGR01391,TIGR01393,TIGR01394,TIGR01510,TIGR01632,TIGR01951,TIGR01953,TIGR02012,TIGR02013,TIGR02027,TIGR02075,TIGR02191,TIGR02273,TIGR02350,TIGR02386,TIGR02397,TIGR02432,TIGR02729,TIGR03263,TIGR03594,TIGR03625,TIGR03632,TIGR03654,TIGR03723,TIGR03725,TIGR03953	TIGR00382,TIGR00928		TIGR00810,TIGR00964
GCF_003840155.1_genome	116	2	0	2	PF00380.20,PF00410.20,PF00466.21,PF01025.20,PF02576.18,PF03726.15,TIGR00006,TIGR00019,TIGR00020,TIGR00029,TIGR00043,TIGR00054,TIGR00059,TIGR00061,TIGR00064,TIGR00065,TIGR00082,TIGR00083,TIGR00084,TIGR00086,TIGR00088,TIGR00090,TIGR00092,TIGR00095,TIGR00115,TIGR00116,TIGR00138,TIGR00158,TIGR00166,TIGR00168,TIGR00186,TIGR00194,TIGR00250,TIGR00337,TIGR00344,TIGR00362,TIGR00392,TIGR00396,TIGR00398,TIGR00414,TIGR00416,TIGR00420,TIGR00431,TIGR00435,TIGR00436,TIGR00442,TIGR00445,TIGR00456,TIGR00459,TIGR00460,TIGR00468,TIGR00472,TIGR00487,TIGR00496,TIGR00539,TIGR00580,TIGR00593,TIGR00615,TIGR00631,TIGR00634,TIGR00635,TIGR00643,TIGR00663,TIGR00717,TIGR00755,TIGR00922,TIGR00959,TIGR00963,TIGR00967,TIGR01009,TIGR01011,TIGR01017,TIGR01021,TIGR01029,TIGR01032,TIGR01039,TIGR01044,TIGR01059,TIGR01063,TIGR01066,TIGR01071,TIGR01079,TIGR01082,TIGR01087,TIGR01128,TIGR01146,TIGR01164,TIGR01169,TIGR01171,TIGR01302,TIGR01391,TIGR01393,TIGR01394,TIGR01510,TIGR01632,TIGR01951,TIGR01953,TIGR02012,TIGR02013,TIGR02027,TIGR02075,TIGR02191,TIGR02273,TIGR02350,TIGR02386,TIGR02397,TIGR02432,TIGR02729,TIGR03263,TIGR03594,TIGR03625,TIGR03632,TIGR03654,TIGR03723,TIGR03725,TIGR03953	TIGR00382,TIGR00928		TIGR00810,TIGR00964
GCF_003840165.1_genome	116	2	0	2	PF00380.20,PF00410.20,PF00466.21,PF01025.20,PF02576.18,PF03726.15,TIGR00006,TIGR00019,TIGR00020,TIGR00029,TIGR00043,TIGR00054,TIGR00059,TIGR00061,TIGR00064,TIGR00065,TIGR00082,TIGR00083,TIGR00084,TIGR00086,TIGR00088,TIGR00090,TIGR00092,TIGR00095,TIGR00115,TIGR00116,TIGR00138,TIGR00158,TIGR00166,TIGR00168,TIGR00186,TIGR00194,TIGR00250,TIGR00337,TIGR00344,TIGR00362,TIGR00392,TIGR00396,TIGR00398,TIGR00414,TIGR00416,TIGR00420,TIGR00431,TIGR00435,TIGR00436,TIGR00442,TIGR00445,TIGR00456,TIGR00459,TIGR00460,TIGR00468,TIGR00472,TIGR00487,TIGR00496,TIGR00539,TIGR00580,TIGR00593,TIGR00615,TIGR00631,TIGR00634,TIGR00635,TIGR00643,TIGR00663,TIGR00717,TIGR00755,TIGR00922,TIGR00959,TIGR00963,TIGR00967,TIGR01009,TIGR01011,TIGR01017,TIGR01021,TIGR01029,TIGR01032,TIGR01039,TIGR01044,TIGR01059,TIGR01063,TIGR01066,TIGR01071,TIGR01079,TIGR01082,TIGR01087,TIGR01128,TIGR01146,TIGR01164,TIGR01169,TIGR01171,TIGR01302,TIGR01391,TIGR01393,TIGR01394,TIGR01510,TIGR01632,TIGR01951,TIGR01953,TIGR02012,TIGR02013,TIGR02027,TIGR02075,TIGR02191,TIGR02273,TIGR02350,TIGR02386,TIGR02397,TIGR02432,TIGR02729,TIGR03263,TIGR03594,TIGR03625,TIGR03632,TIGR03654,TIGR03723,TIGR03725,TIGR03953	TIGR00382,TIGR00928		TIGR00810,TIGR00964
GCF_003840205.1_genome	117	2	0	1	PF00380.20,PF00410.20,PF00466.21,PF01025.20,PF02576.18,PF03726.15,TIGR00006,TIGR00019,TIGR00020,TIGR00029,TIGR00043,TIGR00054,TIGR00059,TIGR00061,TIGR00064,TIGR00065,TIGR00082,TIGR00083,TIGR00084,TIGR00086,TIGR00088,TIGR00090,TIGR00092,TIGR00095,TIGR00115,TIGR00116,TIGR00138,TIGR00158,TIGR00166,TIGR00168,TIGR00186,TIGR00194,TIGR00250,TIGR00337,TIGR00344,TIGR00362,TIGR00392,TIGR00396,TIGR00398,TIGR00414,TIGR00416,TIGR00420,TIGR00431,TIGR00435,TIGR00436,TIGR00442,TIGR00445,TIGR00456,TIGR00459,TIGR00460,TIGR00468,TIGR00472,TIGR00487,TIGR00496,TIGR00539,TIGR00580,TIGR00593,TIGR00615,TIGR00631,TIGR00634,TIGR00635,TIGR00643,TIGR00663,TIGR00717,TIGR00755,TIGR00922,TIGR00959,TIGR00963,TIGR00964,TIGR00967,TIGR01009,TIGR01011,TIGR01017,TIGR01021,TIGR01029,TIGR01032,TIGR01039,TIGR01044,TIGR01059,TIGR01063,TIGR01066,TIGR01071,TIGR01079,TIGR01082,TIGR01087,TIGR01128,TIGR01146,TIGR01164,TIGR01169,TIGR01171,TIGR01302,TIGR01391,TIGR01393,TIGR01394,TIGR01510,TIGR01632,TIGR01951,TIGR01953,TIGR02012,TIGR02013,TIGR02027,TIGR02075,TIGR02191,TIGR02273,TIGR02350,TIGR02386,TIGR02397,TIGR02432,TIGR02729,TIGR03263,TIGR03594,TIGR03625,TIGR03632,TIGR03654,TIGR03723,TIGR03725,TIGR03953	TIGR00382,TIGR00928		TIGR00810
GCF_003840215.1_genome	116	2	0	2	PF00380.20,PF00410.20,PF00466.21,PF01025.20,PF02576.18,PF03726.15,TIGR00006,TIGR00019,TIGR00020,TIGR00029,TIGR00043,TIGR00054,TIGR00059,TIGR00061,TIGR00064,TIGR00065,TIGR00082,TIGR00083,TIGR00084,TIGR00086,TIGR00088,TIGR00090,TIGR00092,TIGR00095,TIGR00115,TIGR00116,TIGR00138,TIGR00158,TIGR00166,TIGR00168,TIGR00186,TIGR00194,TIGR00250,TIGR00337,TIGR00344,TIGR00362,TIGR00392,TIGR00396,TIGR00398,TIGR00414,TIGR00416,TIGR00420,TIGR00431,TIGR00435,TIGR00436,TIGR00442,TIGR00445,TIGR00456,TIGR00459,TIGR00460,TIGR00468,TIGR00472,TIGR00487,TIGR00496,TIGR00539,TIGR00580,TIGR00593,TIGR00615,TIGR00631,TIGR00634,TIGR00635,TIGR00643,TIGR00663,TIGR00717,TIGR00755,TIGR00922,TIGR00959,TIGR00963,TIGR00967,TIGR01009,TIGR01011,TIGR01017,TIGR01021,TIGR01029,TIGR01032,TIGR01039,TIGR01044,TIGR01059,TIGR01063,TIGR01066,TIGR01071,TIGR01079,TIGR01082,TIGR01087,TIGR01128,TIGR01146,TIGR01164,TIGR01169,TIGR01171,TIGR01302,TIGR01391,TIGR01393,TIGR01394,TIGR01510,TIGR01632,TIGR01951,TIGR01953,TIGR02012,TIGR02013,TIGR02027,TIGR02075,TIGR02191,TIGR02273,TIGR02350,TIGR02386,TIGR02397,TIGR02432,TIGR02729,TIGR03263,TIGR03594,TIGR03625,TIGR03632,TIGR03654,TIGR03723,TIGR03725,TIGR03953	TIGR00382,TIGR00928		TIGR00810,TIGR00964
GCF_003840225.1_genome	116	2	0	2	PF00380.20,PF00410.20,PF00466.21,PF01025.20,PF02576.18,PF03726.15,TIGR00006,TIGR00019,TIGR00020,TIGR00029,TIGR00043,TIGR00054,TIGR00059,TIGR00061,TIGR00064,TIGR00065,TIGR00082,TIGR00083,TIGR00084,TIGR00086,TIGR00088,TIGR00090,TIGR00092,TIGR00095,TIGR00115,TIGR00116,TIGR00138,TIGR00158,TIGR00166,TIGR00168,TIGR00186,TIGR00194,TIGR00250,TIGR00337,TIGR00344,TIGR00362,TIGR00392,TIGR00396,TIGR00398,TIGR00414,TIGR00416,TIGR00420,TIGR00431,TIGR00435,TIGR00436,TIGR00442,TIGR00445,TIGR00456,TIGR00459,TIGR00460,TIGR00468,TIGR00472,TIGR00487,TIGR00496,TIGR00539,TIGR00580,TIGR00593,TIGR00615,TIGR00631,TIGR00634,TIGR00635,TIGR00643,TIGR00663,TIGR00717,TIGR00755,TIGR00922,TIGR00959,TIGR00963,TIGR00967,TIGR01009,TIGR01011,TIGR01017,TIGR01021,TIGR01029,TIGR01032,TIGR01039,TIGR01044,TIGR01059,TIGR01063,TIGR01066,TIGR01071,TIGR01079,TIGR01082,TIGR01087,TIGR01128,TIGR01146,TIGR01164,TIGR01169,TIGR01171,TIGR01302,TIGR01391,TIGR01393,TIGR01394,TIGR01510,TIGR01632,TIGR01951,TIGR01953,TIGR02012,TIGR02013,TIGR02027,TIGR02075,TIGR02191,TIGR02273,TIGR02350,TIGR02386,TIGR02397,TIGR02432,TIGR02729,TIGR03263,TIGR03594,TIGR03625,TIGR03632,TIGR03654,TIGR03723,TIGR03725,TIGR03953	TIGR00382,TIGR00928		TIGR00810,TIGR00964
GCF_003840475.1_genome	116	2	0	2	PF00380.20,PF00410.20,PF00466.21,PF01025.20,PF02576.18,PF03726.15,TIGR00006,TIGR00019,TIGR00020,TIGR00029,TIGR00043,TIGR00054,TIGR00059,TIGR00061,TIGR00064,TIGR00065,TIGR00082,TIGR00083,TIGR00084,TIGR00086,TIGR00088,TIGR00090,TIGR00092,TIGR00095,TIGR00115,TIGR00116,TIGR00138,TIGR00158,TIGR00166,TIGR00168,TIGR00186,TIGR00194,TIGR00250,TIGR00337,TIGR00344,TIGR00362,TIGR00392,TIGR00396,TIGR00398,TIGR00414,TIGR00416,TIGR00420,TIGR00431,TIGR00435,TIGR00436,TIGR00442,TIGR00445,TIGR00456,TIGR00459,TIGR00460,TIGR00468,TIGR00472,TIGR00487,TIGR00496,TIGR00539,TIGR00580,TIGR00593,TIGR00615,TIGR00631,TIGR00634,TIGR00635,TIGR00643,TIGR00663,TIGR00717,TIGR00755,TIGR00922,TIGR00959,TIGR00963,TIGR00967,TIGR01009,TIGR01011,TIGR01017,TIGR01021,TIGR01029,TIGR01032,TIGR01039,TIGR01044,TIGR01059,TIGR01063,TIGR01066,TIGR01071,TIGR01079,TIGR01082,TIGR01087,TIGR01128,TIGR01146,TIGR01164,TIGR01169,TIGR01171,TIGR01302,TIGR01391,TIGR01393,TIGR01394,TIGR01510,TIGR01632,TIGR01951,TIGR01953,TIGR02012,TIGR02013,TIGR02027,TIGR02075,TIGR02191,TIGR02273,TIGR02350,TIGR02386,TIGR02397,TIGR02432,TIGR02729,TIGR03263,TIGR03594,TIGR03625,TIGR03632,TIGR03654,TIGR03723,TIGR03725,TIGR03953	TIGR00382,TIGR00928		TIGR00810,TIGR00964
GCF_003840555.1_genome	116	2	0	2	PF00380.20,PF00410.20,PF00466.21,PF01025.20,PF02576.18,PF03726.15,TIGR00006,TIGR00019,TIGR00020,TIGR00029,TIGR00043,TIGR00054,TIGR00059,TIGR00061,TIGR00064,TIGR00065,TIGR00082,TIGR00083,TIGR00084,TIGR00086,TIGR00088,TIGR00090,TIGR00092,TIGR00095,TIGR00115,TIGR00116,TIGR00138,TIGR00158,TIGR00166,TIGR00168,TIGR00186,TIGR00194,TIGR00250,TIGR00337,TIGR00344,TIGR00362,TIGR00392,TIGR00396,TIGR00398,TIGR00414,TIGR00416,TIGR00420,TIGR00431,TIGR00435,TIGR00436,TIGR00442,TIGR00445,TIGR00456,TIGR00459,TIGR00460,TIGR00468,TIGR00472,TIGR00487,TIGR00496,TIGR00539,TIGR00580,TIGR00593,TIGR00615,TIGR00631,TIGR00634,TIGR00635,TIGR00643,TIGR00663,TIGR00717,TIGR00755,TIGR00922,TIGR00959,TIGR00963,TIGR00967,TIGR01009,TIGR01011,TIGR01017,TIGR01021,TIGR01029,TIGR01032,TIGR01039,TIGR01044,TIGR01059,TIGR01063,TIGR01066,TIGR01071,TIGR01079,TIGR01082,TIGR01087,TIGR01128,TIGR01146,TIGR01164,TIGR01169,TIGR01171,TIGR01302,TIGR01391,TIGR01393,TIGR01394,TIGR01510,TIGR01632,TIGR01951,TIGR01953,TIGR02012,TIGR02013,TIGR02027,TIGR02075,TIGR02191,TIGR02273,TIGR02350,TIGR02386,TIGR02397,TIGR02432,TIGR02729,TIGR03263,TIGR03594,TIGR03625,TIGR03632,TIGR03654,TIGR03723,TIGR03725,TIGR03953	TIGR00382,TIGR00928		TIGR00810,TIGR00964
GCF_003840655.1_genome	117	2	0	1	PF00380.20,PF00410.20,PF00466.21,PF01025.20,PF02576.18,PF03726.15,TIGR00006,TIGR00019,TIGR00020,TIGR00029,TIGR00043,TIGR00054,TIGR00059,TIGR00061,TIGR00064,TIGR00065,TIGR00082,TIGR00083,TIGR00084,TIGR00086,TIGR00088,TIGR00090,TIGR00092,TIGR00095,TIGR00115,TIGR00116,TIGR00138,TIGR00158,TIGR00166,TIGR00168,TIGR00186,TIGR00194,TIGR00250,TIGR00337,TIGR00344,TIGR00362,TIGR00392,TIGR00396,TIGR00398,TIGR00414,TIGR00416,TIGR00420,TIGR00431,TIGR00435,TIGR00436,TIGR00442,TIGR00445,TIGR00456,TIGR00459,TIGR00460,TIGR00468,TIGR00472,TIGR00487,TIGR00496,TIGR00539,TIGR00580,TIGR00593,TIGR00615,TIGR00631,TIGR00634,TIGR00635,TIGR00643,TIGR00663,TIGR00717,TIGR00755,TIGR00922,TIGR00959,TIGR00963,TIGR00964,TIGR00967,TIGR01009,TIGR01011,TIGR01017,TIGR01021,TIGR01029,TIGR01032,TIGR01039,TIGR01044,TIGR01059,TIGR01063,TIGR01066,TIGR01071,TIGR01079,TIGR01082,TIGR01087,TIGR01128,TIGR01146,TIGR01164,TIGR01169,TIGR01171,TIGR01302,TIGR01391,TIGR01393,TIGR01394,TIGR01510,TIGR01632,TIGR01951,TIGR01953,TIGR02012,TIGR02013,TIGR02027,TIGR02075,TIGR02191,TIGR02273,TIGR02350,TIGR02386,TIGR02397,TIGR02432,TIGR02729,TIGR03263,TIGR03594,TIGR03625,TIGR03632,TIGR03654,TIGR03723,TIGR03725,TIGR03953	TIGR00382,TIGR00928		TIGR00810
GCF_003840685.1_genome	116	2	0	2	PF00380.20,PF00410.20,PF00466.21,PF01025.20,PF02576.18,PF03726.15,TIGR00006,TIGR00019,TIGR00020,TIGR00029,TIGR00043,TIGR00054,TIGR00059,TIGR00061,TIGR00064,TIGR00065,TIGR00082,TIGR00083,TIGR00084,TIGR00086,TIGR00088,TIGR00090,TIGR00092,TIGR00095,TIGR00115,TIGR00116,TIGR00138,TIGR00158,TIGR00166,TIGR00168,TIGR00186,TIGR00194,TIGR00250,TIGR00337,TIGR00344,TIGR00362,TIGR00392,TIGR00396,TIGR00398,TIGR00414,TIGR00416,TIGR00420,TIGR00431,TIGR00435,TIGR00436,TIGR00442,TIGR00445,TIGR00456,TIGR00459,TIGR00460,TIGR00468,TIGR00472,TIGR00487,TIGR00496,TIGR00539,TIGR00580,TIGR00593,TIGR00615,TIGR00631,TIGR00634,TIGR00635,TIGR00643,TIGR00663,TIGR00717,TIGR00755,TIGR00922,TIGR00959,TIGR00963,TIGR00967,TIGR01009,TIGR01011,TIGR01017,TIGR01021,TIGR01029,TIGR01032,TIGR01039,TIGR01044,TIGR01059,TIGR01063,TIGR01066,TIGR01071,TIGR01079,TIGR01082,TIGR01087,TIGR01128,TIGR01146,TIGR01164,TIGR01169,TIGR01171,TIGR01302,TIGR01391,TIGR01393,TIGR01394,TIGR01510,TIGR01632,TIGR01951,TIGR01953,TIGR02012,TIGR02013,TIGR02027,TIGR02075,TIGR02191,TIGR02273,TIGR02350,TIGR02386,TIGR02397,TIGR02432,TIGR02729,TIGR03263,TIGR03594,TIGR03625,TIGR03632,TIGR03654,TIGR03723,TIGR03725,TIGR03953	TIGR00382,TIGR00928		TIGR00810,TIGR00964
GCF_003840695.1_genome	116	2	0	2	PF00380.20,PF00410.20,PF00466.21,PF01025.20,PF02576.18,PF03726.15,TIGR00006,TIGR00019,TIGR00020,TIGR00029,TIGR00043,TIGR00054,TIGR00059,TIGR00061,TIGR00064,TIGR00065,TIGR00082,TIGR00083,TIGR00084,TIGR00086,TIGR00088,TIGR00090,TIGR00092,TIGR00095,TIGR00115,TIGR00116,TIGR00138,TIGR00158,TIGR00166,TIGR00168,TIGR00186,TIGR00194,TIGR00250,TIGR00337,TIGR00344,TIGR00362,TIGR00392,TIGR00396,TIGR00398,TIGR00414,TIGR00416,TIGR00420,TIGR00431,TIGR00435,TIGR00436,TIGR00442,TIGR00445,TIGR00456,TIGR00459,TIGR00460,TIGR00468,TIGR00472,TIGR00487,TIGR00496,TIGR00539,TIGR00580,TIGR00593,TIGR00615,TIGR00631,TIGR00634,TIGR00635,TIGR00643,TIGR00663,TIGR00717,TIGR00755,TIGR00922,TIGR00959,TIGR00963,TIGR00967,TIGR01009,TIGR01011,TIGR01017,TIGR01021,TIGR01029,TIGR01032,TIGR01039,TIGR01044,TIGR01059,TIGR01063,TIGR01066,TIGR01071,TIGR01079,TIGR01082,TIGR01087,TIGR01128,TIGR01146,TIGR01164,TIGR01169,TIGR01171,TIGR01302,TIGR01391,TIGR01393,TIGR01394,TIGR01510,TIGR01632,TIGR01951,TIGR01953,TIGR02012,TIGR02013,TIGR02027,TIGR02075,TIGR02191,TIGR02273,TIGR02350,TIGR02386,TIGR02397,TIGR02432,TIGR02729,TIGR03263,TIGR03594,TIGR03625,TIGR03632,TIGR03654,TIGR03723,TIGR03725,TIGR03953	TIGR00382,TIGR00928		TIGR00810,TIGR00964
GCF_003840835.1_genome	116	2	0	2	PF00380.20,PF00410.20,PF00466.21,PF01025.20,PF02576.18,PF03726.15,TIGR00006,TIGR00019,TIGR00020,TIGR00029,TIGR00043,TIGR00054,TIGR00059,TIGR00061,TIGR00064,TIGR00065,TIGR00082,TIGR00083,TIGR00084,TIGR00086,TIGR00088,TIGR00090,TIGR00092,TIGR00095,TIGR00115,TIGR00116,TIGR00138,TIGR00158,TIGR00166,TIGR00168,TIGR00186,TIGR00194,TIGR00250,TIGR00337,TIGR00344,TIGR00362,TIGR00392,TIGR00396,TIGR00398,TIGR00414,TIGR00416,TIGR00420,TIGR00431,TIGR00435,TIGR00436,TIGR00442,TIGR00445,TIGR00456,TIGR00459,TIGR00460,TIGR00468,TIGR00472,TIGR00487,TIGR00496,TIGR00539,TIGR00580,TIGR00593,TIGR00615,TIGR00631,TIGR00634,TIGR00635,TIGR00643,TIGR00663,TIGR00717,TIGR00755,TIGR00922,TIGR00959,TIGR00963,TIGR00967,TIGR01009,TIGR01011,TIGR01017,TIGR01021,TIGR01029,TIGR01032,TIGR01039,TIGR01044,TIGR01059,TIGR01063,TIGR01066,TIGR01071,TIGR01079,TIGR01082,TIGR01087,TIGR01128,TIGR01146,TIGR01164,TIGR01169,TIGR01171,TIGR01302,TIGR01391,TIGR01393,TIGR01394,TIGR01510,TIGR01632,TIGR01951,TIGR01953,TIGR02012,TIGR02013,TIGR02027,TIGR02075,TIGR02191,TIGR02273,TIGR02350,TIGR02386,TIGR02397,TIGR02432,TIGR02729,TIGR03263,TIGR03594,TIGR03625,TIGR03632,TIGR03654,TIGR03723,TIGR03725,TIGR03953	TIGR00382,TIGR00928		TIGR00810,TIGR00964
GCF_003840895.1_genome	116	2	0	2	PF00380.20,PF00410.20,PF00466.21,PF01025.20,PF02576.18,PF03726.15,TIGR00006,TIGR00019,TIGR00020,TIGR00029,TIGR00043,TIGR00054,TIGR00059,TIGR00061,TIGR00064,TIGR00065,TIGR00082,TIGR00083,TIGR00084,TIGR00086,TIGR00088,TIGR00090,TIGR00092,TIGR00095,TIGR00115,TIGR00116,TIGR00138,TIGR00158,TIGR00166,TIGR00168,TIGR00186,TIGR00194,TIGR00250,TIGR00337,TIGR00344,TIGR00362,TIGR00392,TIGR00396,TIGR00398,TIGR00414,TIGR00416,TIGR00420,TIGR00431,TIGR00435,TIGR00436,TIGR00442,TIGR00445,TIGR00456,TIGR00459,TIGR00460,TIGR00468,TIGR00472,TIGR00487,TIGR00496,TIGR00539,TIGR00580,TIGR00593,TIGR00615,TIGR00631,TIGR00634,TIGR00635,TIGR00643,TIGR00663,TIGR00717,TIGR00755,TIGR00922,TIGR00959,TIGR00963,TIGR00967,TIGR01009,TIGR01011,TIGR01017,TIGR01021,TIGR01029,TIGR01032,TIGR01039,TIGR01044,TIGR01059,TIGR01063,TIGR01066,TIGR01071,TIGR01079,TIGR01082,TIGR01087,TIGR01128,TIGR01146,TIGR01164,TIGR01169,TIGR01171,TIGR01302,TIGR01391,TIGR01393,TIGR01394,TIGR01510,TIGR01632,TIGR01951,TIGR01953,TIGR02012,TIGR02013,TIGR02027,TIGR02075,TIGR02191,TIGR02273,TIGR02350,TIGR02386,TIGR02397,TIGR02432,TIGR02729,TIGR03263,TIGR03594,TIGR03625,TIGR03632,TIGR03654,TIGR03723,TIGR03725,TIGR03953	TIGR00382,TIGR00928		TIGR00810,TIGR00964
GCF_003840965.1_genome	116	2	0	2	PF00380.20,PF00410.20,PF00466.21,PF01025.20,PF02576.18,PF03726.15,TIGR00006,TIGR00019,TIGR00020,TIGR00029,TIGR00043,TIGR00054,TIGR00059,TIGR00061,TIGR00064,TIGR00065,TIGR00082,TIGR00083,TIGR00084,TIGR00086,TIGR00088,TIGR00090,TIGR00092,TIGR00095,TIGR00115,TIGR00116,TIGR00138,TIGR00158,TIGR00166,TIGR00168,TIGR00186,TIGR00194,TIGR00250,TIGR00337,TIGR00344,TIGR00362,TIGR00392,TIGR00396,TIGR00398,TIGR00414,TIGR00416,TIGR00420,TIGR00431,TIGR00435,TIGR00436,TIGR00442,TIGR00445,TIGR00456,TIGR00459,TIGR00460,TIGR00468,TIGR00472,TIGR00487,TIGR00496,TIGR00539,TIGR00580,TIGR00593,TIGR00615,TIGR00631,TIGR00634,TIGR00635,TIGR00643,TIGR00663,TIGR00717,TIGR00755,TIGR00922,TIGR00959,TIGR00963,TIGR00967,TIGR01009,TIGR01011,TIGR01017,TIGR01021,TIGR01029,TIGR01032,TIGR01039,TIGR01044,TIGR01059,TIGR01063,TIGR01066,TIGR01071,TIGR01079,TIGR01082,TIGR01087,TIGR01128,TIGR01146,TIGR01164,TIGR01169,TIGR01171,TIGR01302,TIGR01391,TIGR01393,TIGR01394,TIGR01510,TIGR01632,TIGR01951,TIGR01953,TIGR02012,TIGR02013,TIGR02027,TIGR02075,TIGR02191,TIGR02273,TIGR02350,TIGR02386,TIGR02397,TIGR02432,TIGR02729,TIGR03263,TIGR03594,TIGR03625,TIGR03632,TIGR03654,TIGR03723,TIGR03725,TIGR03953	TIGR00382,TIGR00928		TIGR00810,TIGR00964
GCF_003840975.1_genome	116	2	0	2	PF00380.20,PF00410.20,PF00466.21,PF01025.20,PF02576.18,PF03726.15,TIGR00006,TIGR00019,TIGR00020,TIGR00029,TIGR00043,TIGR00054,TIGR00059,TIGR00061,TIGR00064,TIGR00065,TIGR00082,TIGR00083,TIGR00084,TIGR00086,TIGR00088,TIGR00090,TIGR00092,TIGR00095,TIGR00115,TIGR00116,TIGR00138,TIGR00158,TIGR00166,TIGR00168,TIGR00186,TIGR00194,TIGR00250,TIGR00337,TIGR00344,TIGR00362,TIGR00392,TIGR00396,TIGR00398,TIGR00414,TIGR00416,TIGR00420,TIGR00431,TIGR00435,TIGR00436,TIGR00442,TIGR00445,TIGR00456,TIGR00459,TIGR00460,TIGR00468,TIGR00472,TIGR00487,TIGR00496,TIGR00539,TIGR00580,TIGR00593,TIGR00615,TIGR00631,TIGR00634,TIGR00635,TIGR00643,TIGR00663,TIGR00717,TIGR00755,TIGR00922,TIGR00959,TIGR00963,TIGR00967,TIGR01009,TIGR01011,TIGR01017,TIGR01021,TIGR01029,TIGR01032,TIGR01039,TIGR01044,TIGR01059,TIGR01063,TIGR01066,TIGR01071,TIGR01079,TIGR01082,TIGR01087,TIGR01128,TIGR01146,TIGR01164,TIGR01169,TIGR01171,TIGR01302,TIGR01391,TIGR01393,TIGR01394,TIGR01510,TIGR01632,TIGR01951,TIGR01953,TIGR02012,TIGR02013,TIGR02027,TIGR02075,TIGR02191,TIGR02273,TIGR02350,TIGR02386,TIGR02397,TIGR02432,TIGR02729,TIGR03263,TIGR03594,TIGR03625,TIGR03632,TIGR03654,TIGR03723,TIGR03725,TIGR03953	TIGR00382,TIGR00928		TIGR00810,TIGR00964
GCF_003841055.1_genome	116	2	0	2	PF00380.20,PF00410.20,PF00466.21,PF01025.20,PF02576.18,PF03726.15,TIGR00006,TIGR00019,TIGR00020,TIGR00029,TIGR00043,TIGR00054,TIGR00059,TIGR00061,TIGR00064,TIGR00065,TIGR00082,TIGR00083,TIGR00084,TIGR00086,TIGR00088,TIGR00090,TIGR00092,TIGR00095,TIGR00115,TIGR00116,TIGR00138,TIGR00158,TIGR00166,TIGR00168,TIGR00186,TIGR00194,TIGR00250,TIGR00337,TIGR00344,TIGR00362,TIGR00392,TIGR00396,TIGR00398,TIGR00414,TIGR00416,TIGR00420,TIGR00431,TIGR00435,TIGR00436,TIGR00442,TIGR00445,TIGR00456,TIGR00459,TIGR00460,TIGR00468,TIGR00472,TIGR00487,TIGR00496,TIGR00539,TIGR00580,TIGR00593,TIGR00615,TIGR00631,TIGR00634,TIGR00635,TIGR00643,TIGR00663,TIGR00717,TIGR00755,TIGR00922,TIGR00959,TIGR00963,TIGR00967,TIGR01009,TIGR01011,TIGR01017,TIGR01021,TIGR01029,TIGR01032,TIGR01039,TIGR01044,TIGR01059,TIGR01063,TIGR01066,TIGR01071,TIGR01079,TIGR01082,TIGR01087,TIGR01128,TIGR01146,TIGR01164,TIGR01169,TIGR01171,TIGR01302,TIGR01391,TIGR01393,TIGR01394,TIGR01510,TIGR01632,TIGR01951,TIGR01953,TIGR02012,TIGR02013,TIGR02027,TIGR02075,TIGR02191,TIGR02273,TIGR02350,TIGR02386,TIGR02397,TIGR02432,TIGR02729,TIGR03263,TIGR03594,TIGR03625,TIGR03632,TIGR03654,TIGR03723,TIGR03725,TIGR03953	TIGR00382,TIGR00928		TIGR00810,TIGR00964
GCF_003976335.1_genome	115	3	0	2	PF00380.20,PF00410.20,PF00466.21,PF01025.20,PF02576.18,PF03726.15,TIGR00006,TIGR00019,TIGR00020,TIGR00029,TIGR00043,TIGR00059,TIGR00061,TIGR00064,TIGR00065,TIGR00082,TIGR00083,TIGR00084,TIGR00086,TIGR00088,TIGR00090,TIGR00092,TIGR00095,TIGR00115,TIGR00116,TIGR00138,TIGR00158,TIGR00166,TIGR00168,TIGR00186,TIGR00194,TIGR00250,TIGR00337,TIGR00344,TIGR00362,TIGR00392,TIGR00396,TIGR00398,TIGR00414,TIGR00416,TIGR00420,TIGR00431,TIGR00435,TIGR00436,TIGR00442,TIGR00445,TIGR00456,TIGR00459,TIGR00460,TIGR00468,TIGR00472,TIGR00487,TIGR00496,TIGR00539,TIGR00580,TIGR00593,TIGR00615,TIGR00631,TIGR00634,TIGR00635,TIGR00643,TIGR00663,TIGR00717,TIGR00755,TIGR00922,TIGR00959,TIGR00963,TIGR00967,TIGR01009,TIGR01011,TIGR01017,TIGR01021,TIGR01029,TIGR01032,TIGR01039,TIGR01044,TIGR01059,TIGR01063,TIGR01066,TIGR01071,TIGR01079,TIGR01082,TIGR01087,TIGR01128,TIGR01146,TIGR01164,TIGR01169,TIGR01171,TIGR01302,TIGR01391,TIGR01393,TIGR01394,TIGR01510,TIGR01632,TIGR01951,TIGR01953,TIGR02012,TIGR02013,TIGR02027,TIGR02075,TIGR02191,TIGR02273,TIGR02350,TIGR02386,TIGR02397,TIGR02432,TIGR02729,TIGR03263,TIGR03594,TIGR03625,TIGR03632,TIGR03654,TIGR03723,TIGR03725,TIGR03953	TIGR00054,TIGR00382,TIGR00928		TIGR00810,TIGR00964
GCF_007896855.1_genome	115	3	0	2	PF00380.20,PF00410.20,PF00466.21,PF01025.20,PF02576.18,PF03726.15,TIGR00006,TIGR00019,TIGR00020,TIGR00029,TIGR00043,TIGR00054,TIGR00059,TIGR00061,TIGR00064,TIGR00065,TIGR00082,TIGR00083,TIGR00084,TIGR00086,TIGR00088,TIGR00090,TIGR00092,TIGR00095,TIGR00115,TIGR00116,TIGR00138,TIGR00158,TIGR00166,TIGR00168,TIGR00186,TIGR00194,TIGR00250,TIGR00337,TIGR00344,TIGR00362,TIGR00392,TIGR00396,TIGR00398,TIGR00414,TIGR00416,TIGR00420,TIGR00431,TIGR00435,TIGR00436,TIGR00442,TIGR00445,TIGR00456,TIGR00459,TIGR00460,TIGR00468,TIGR00472,TIGR00487,TIGR00496,TIGR00539,TIGR00580,TIGR00593,TIGR00615,TIGR00631,TIGR00634,TIGR00635,TIGR00643,TIGR00663,TIGR00717,TIGR00755,TIGR00922,TIGR00959,TIGR00963,TIGR00967,TIGR01009,TIGR01011,TIGR01017,TIGR01021,TIGR01029,TIGR01032,TIGR01039,TIGR01044,TIGR01059,TIGR01063,TIGR01066,TIGR01071,TIGR01079,TIGR01082,TIGR01087,TIGR01128,TIGR01146,TIGR01164,TIGR01169,TIGR01171,TIGR01302,TIGR01391,TIGR01393,TIGR01394,TIGR01510,TIGR01632,TIGR01951,TIGR01953,TIGR02013,TIGR02027,TIGR02075,TIGR02191,TIGR02273,TIGR02350,TIGR02386,TIGR02397,TIGR02432,TIGR02729,TIGR03263,TIGR03594,TIGR03625,TIGR03632,TIGR03654,TIGR03723,TIGR03725,TIGR03953	TIGR00382,TIGR00928,TIGR02012		TIGR00810,TIGR00964
GCF_009497675.1_genome	116	2	0	2	PF00380.20,PF00410.20,PF00466.21,PF01025.20,PF02576.18,PF03726.15,TIGR00006,TIGR00019,TIGR00020,TIGR00029,TIGR00043,TIGR00054,TIGR00059,TIGR00061,TIGR00064,TIGR00065,TIGR00082,TIGR00083,TIGR00084,TIGR00086,TIGR00088,TIGR00090,TIGR00092,TIGR00095,TIGR00115,TIGR00116,TIGR00138,TIGR00158,TIGR00166,TIGR00168,TIGR00186,TIGR00194,TIGR00250,TIGR00337,TIGR00344,TIGR00362,TIGR00392,TIGR00396,TIGR00398,TIGR00414,TIGR00416,TIGR00420,TIGR00431,TIGR00435,TIGR00436,TIGR00442,TIGR00445,TIGR00456,TIGR00459,TIGR00460,TIGR00468,TIGR00472,TIGR00487,TIGR00496,TIGR00539,TIGR00580,TIGR00593,TIGR00615,TIGR00631,TIGR00634,TIGR00635,TIGR00643,TIGR00663,TIGR00717,TIGR00755,TIGR00922,TIGR00959,TIGR00963,TIGR00967,TIGR01009,TIGR01011,TIGR01017,TIGR01021,TIGR01029,TIGR01032,TIGR01039,TIGR01044,TIGR01059,TIGR01063,TIGR01066,TIGR01071,TIGR01079,TIGR01082,TIGR01087,TIGR01128,TIGR01146,TIGR01164,TIGR01169,TIGR01171,TIGR01302,TIGR01391,TIGR01393,TIGR01394,TIGR01510,TIGR01632,TIGR01951,TIGR01953,TIGR02012,TIGR02013,TIGR02027,TIGR02075,TIGR02191,TIGR02273,TIGR02350,TIGR02386,TIGR02397,TIGR02432,TIGR02729,TIGR03263,TIGR03594,TIGR03625,TIGR03632,TIGR03654,TIGR03723,TIGR03725,TIGR03953	TIGR00382,TIGR00928		TIGR00810,TIGR00964
GCF_009914965.1_genome	116	1	0	3	PF00380.20,PF00410.20,PF00466.21,PF01025.20,PF02576.18,PF03726.15,TIGR00006,TIGR00019,TIGR00020,TIGR00029,TIGR00043,TIGR00054,TIGR00059,TIGR00061,TIGR00064,TIGR00065,TIGR00082,TIGR00083,TIGR00084,TIGR00086,TIGR00088,TIGR00090,TIGR00092,TIGR00095,TIGR00115,TIGR00116,TIGR00138,TIGR00158,TIGR00166,TIGR00168,TIGR00186,TIGR00194,TIGR00250,TIGR00337,TIGR00344,TIGR00362,TIGR00382,TIGR00392,TIGR00396,TIGR00398,TIGR00414,TIGR00416,TIGR00420,TIGR00431,TIGR00435,TIGR00436,TIGR00442,TIGR00445,TIGR00456,TIGR00459,TIGR00460,TIGR00468,TIGR00472,TIGR00487,TIGR00496,TIGR00539,TIGR00580,TIGR00593,TIGR00615,TIGR00631,TIGR00634,TIGR00635,TIGR00643,TIGR00663,TIGR00717,TIGR00755,TIGR00922,TIGR00959,TIGR00963,TIGR00967,TIGR01009,TIGR01011,TIGR01017,TIGR01021,TIGR01029,TIGR01032,TIGR01039,TIGR01044,TIGR01059,TIGR01063,TIGR01066,TIGR01071,TIGR01079,TIGR01082,TIGR01087,TIGR01128,TIGR01146,TIGR01164,TIGR01169,TIGR01171,TIGR01302,TIGR01391,TIGR01393,TIGR01394,TIGR01510,TIGR01632,TIGR01951,TIGR01953,TIGR02012,TIGR02013,TIGR02027,TIGR02075,TIGR02273,TIGR02350,TIGR02386,TIGR02397,TIGR02432,TIGR02729,TIGR03263,TIGR03594,TIGR03625,TIGR03632,TIGR03654,TIGR03723,TIGR03725,TIGR03953	TIGR00928		TIGR00810,TIGR00964,TIGR02191
GCF_009916345.1_genome	116	2	0	2	PF00380.20,PF00410.20,PF00466.21,PF01025.20,PF02576.18,PF03726.15,TIGR00006,TIGR00019,TIGR00020,TIGR00029,TIGR00043,TIGR00054,TIGR00059,TIGR00061,TIGR00064,TIGR00065,TIGR00082,TIGR00083,TIGR00084,TIGR00086,TIGR00088,TIGR00090,TIGR00092,TIGR00095,TIGR00115,TIGR00116,TIGR00138,TIGR00158,TIGR00166,TIGR00168,TIGR00186,TIGR00194,TIGR00250,TIGR00337,TIGR00344,TIGR00362,TIGR00392,TIGR00396,TIGR00398,TIGR00414,TIGR00416,TIGR00420,TIGR00431,TIGR00435,TIGR00436,TIGR00442,TIGR00445,TIGR00456,TIGR00459,TIGR00460,TIGR00468,TIGR00472,TIGR00487,TIGR00496,TIGR00539,TIGR00580,TIGR00593,TIGR00615,TIGR00631,TIGR00634,TIGR00635,TIGR00643,TIGR00663,TIGR00717,TIGR00755,TIGR00922,TIGR00959,TIGR00963,TIGR00967,TIGR01009,TIGR01011,TIGR01017,TIGR01021,TIGR01029,TIGR01032,TIGR01039,TIGR01044,TIGR01059,TIGR01063,TIGR01066,TIGR01071,TIGR01079,TIGR01082,TIGR01087,TIGR01128,TIGR01146,TIGR01164,TIGR01169,TIGR01171,TIGR01302,TIGR01391,TIGR01393,TIGR01394,TIGR01510,TIGR01632,TIGR01951,TIGR01953,TIGR02012,TIGR02013,TIGR02027,TIGR02075,TIGR02191,TIGR02273,TIGR02350,TIGR02386,TIGR02397,TIGR02432,TIGR02729,TIGR03263,TIGR03594,TIGR03625,TIGR03632,TIGR03654,TIGR03723,TIGR03725,TIGR03953	TIGR00382,TIGR00928		TIGR00810,TIGR00964
GCF_009925095.1_genome	116	2	0	2	PF00380.20,PF00410.20,PF00466.21,PF01025.20,PF02576.18,PF03726.15,TIGR00006,TIGR00019,TIGR00020,TIGR00029,TIGR00043,TIGR00054,TIGR00059,TIGR00061,TIGR00064,TIGR00065,TIGR00082,TIGR00083,TIGR00084,TIGR00086,TIGR00088,TIGR00090,TIGR00092,TIGR00095,TIGR00115,TIGR00116,TIGR00138,TIGR00158,TIGR00166,TIGR00168,TIGR00186,TIGR00194,TIGR00250,TIGR00337,TIGR00344,TIGR00362,TIGR00392,TIGR00396,TIGR00398,TIGR00414,TIGR00416,TIGR00420,TIGR00431,TIGR00435,TIGR00436,TIGR00442,TIGR00445,TIGR00456,TIGR00459,TIGR00460,TIGR00468,TIGR00472,TIGR00487,TIGR00496,TIGR00539,TIGR00580,TIGR00593,TIGR00615,TIGR00631,TIGR00634,TIGR00635,TIGR00643,TIGR00663,TIGR00717,TIGR00755,TIGR00922,TIGR00959,TIGR00963,TIGR00967,TIGR01009,TIGR01011,TIGR01017,TIGR01021,TIGR01029,TIGR01032,TIGR01039,TIGR01044,TIGR01059,TIGR01063,TIGR01066,TIGR01071,TIGR01079,TIGR01082,TIGR01087,TIGR01128,TIGR01146,TIGR01164,TIGR01169,TIGR01171,TIGR01302,TIGR01391,TIGR01393,TIGR01394,TIGR01510,TIGR01632,TIGR01951,TIGR01953,TIGR02012,TIGR02013,TIGR02027,TIGR02075,TIGR02191,TIGR02273,TIGR02350,TIGR02386,TIGR02397,TIGR02432,TIGR02729,TIGR03263,TIGR03594,TIGR03625,TIGR03632,TIGR03654,TIGR03723,TIGR03725,TIGR03953	TIGR00382,TIGR00928		TIGR00810,TIGR00964
GCF_012102115.1_genome	116	2	0	2	PF00380.20,PF00410.20,PF00466.21,PF01025.20,PF02576.18,PF03726.15,TIGR00006,TIGR00019,TIGR00020,TIGR00029,TIGR00043,TIGR00054,TIGR00059,TIGR00061,TIGR00064,TIGR00065,TIGR00082,TIGR00083,TIGR00084,TIGR00086,TIGR00088,TIGR00090,TIGR00092,TIGR00095,TIGR00115,TIGR00116,TIGR00138,TIGR00158,TIGR00166,TIGR00168,TIGR00186,TIGR00194,TIGR00250,TIGR00337,TIGR00344,TIGR00362,TIGR00392,TIGR00396,TIGR00398,TIGR00414,TIGR00416,TIGR00420,TIGR00431,TIGR00435,TIGR00436,TIGR00442,TIGR00445,TIGR00456,TIGR00459,TIGR00460,TIGR00468,TIGR00472,TIGR00487,TIGR00496,TIGR00539,TIGR00580,TIGR00593,TIGR00615,TIGR00631,TIGR00634,TIGR00635,TIGR00643,TIGR00663,TIGR00717,TIGR00755,TIGR00922,TIGR00959,TIGR00963,TIGR00967,TIGR01009,TIGR01011,TIGR01017,TIGR01021,TIGR01029,TIGR01032,TIGR01039,TIGR01044,TIGR01059,TIGR01063,TIGR01066,TIGR01071,TIGR01079,TIGR01082,TIGR01087,TIGR01128,TIGR01146,TIGR01164,TIGR01169,TIGR01171,TIGR01302,TIGR01391,TIGR01393,TIGR01394,TIGR01510,TIGR01632,TIGR01951,TIGR01953,TIGR02012,TIGR02013,TIGR02027,TIGR02075,TIGR02191,TIGR02273,TIGR02350,TIGR02386,TIGR02397,TIGR02432,TIGR02729,TIGR03263,TIGR03594,TIGR03625,TIGR03632,TIGR03654,TIGR03723,TIGR03725,TIGR03953	TIGR00382,TIGR00928		TIGR00810,TIGR00964
GCF_012102135.1_genome	116	2	0	2	PF00380.20,PF00410.20,PF00466.21,PF01025.20,PF02576.18,PF03726.15,TIGR00006,TIGR00019,TIGR00020,TIGR00029,TIGR00043,TIGR00054,TIGR00059,TIGR00061,TIGR00064,TIGR00065,TIGR00082,TIGR00083,TIGR00084,TIGR00086,TIGR00088,TIGR00090,TIGR00092,TIGR00095,TIGR00115,TIGR00116,TIGR00138,TIGR00158,TIGR00166,TIGR00168,TIGR00186,TIGR00194,TIGR00250,TIGR00337,TIGR00344,TIGR00362,TIGR00392,TIGR00396,TIGR00398,TIGR00414,TIGR00416,TIGR00420,TIGR00431,TIGR00435,TIGR00436,TIGR00442,TIGR00445,TIGR00456,TIGR00459,TIGR00460,TIGR00468,TIGR00472,TIGR00487,TIGR00496,TIGR00539,TIGR00580,TIGR00593,TIGR00615,TIGR00631,TIGR00634,TIGR00635,TIGR00643,TIGR00663,TIGR00717,TIGR00755,TIGR00922,TIGR00959,TIGR00963,TIGR00967,TIGR01009,TIGR01011,TIGR01017,TIGR01021,TIGR01029,TIGR01032,TIGR01039,TIGR01044,TIGR01059,TIGR01063,TIGR01066,TIGR01071,TIGR01079,TIGR01082,TIGR01087,TIGR01128,TIGR01146,TIGR01164,TIGR01169,TIGR01171,TIGR01302,TIGR01391,TIGR01393,TIGR01394,TIGR01510,TIGR01632,TIGR01951,TIGR01953,TIGR02012,TIGR02013,TIGR02027,TIGR02075,TIGR02191,TIGR02273,TIGR02350,TIGR02386,TIGR02397,TIGR02432,TIGR02729,TIGR03263,TIGR03594,TIGR03625,TIGR03632,TIGR03654,TIGR03723,TIGR03725,TIGR03953	TIGR00382,TIGR00928		TIGR00810,TIGR00964
GCF_012102215.1_genome	116	2	0	2	PF00380.20,PF00410.20,PF00466.21,PF01025.20,PF02576.18,PF03726.15,TIGR00006,TIGR00019,TIGR00020,TIGR00029,TIGR00043,TIGR00054,TIGR00059,TIGR00061,TIGR00064,TIGR00065,TIGR00082,TIGR00083,TIGR00084,TIGR00086,TIGR00088,TIGR00090,TIGR00092,TIGR00095,TIGR00115,TIGR00116,TIGR00138,TIGR00158,TIGR00166,TIGR00168,TIGR00186,TIGR00194,TIGR00250,TIGR00337,TIGR00344,TIGR00362,TIGR00392,TIGR00396,TIGR00398,TIGR00414,TIGR00416,TIGR00420,TIGR00431,TIGR00435,TIGR00436,TIGR00442,TIGR00445,TIGR00456,TIGR00459,TIGR00460,TIGR00468,TIGR00472,TIGR00487,TIGR00496,TIGR00539,TIGR00580,TIGR00593,TIGR00615,TIGR00631,TIGR00634,TIGR00635,TIGR00643,TIGR00663,TIGR00717,TIGR00755,TIGR00922,TIGR00959,TIGR00963,TIGR00967,TIGR01009,TIGR01011,TIGR01017,TIGR01021,TIGR01029,TIGR01032,TIGR01039,TIGR01044,TIGR01059,TIGR01063,TIGR01066,TIGR01071,TIGR01079,TIGR01082,TIGR01087,TIGR01128,TIGR01146,TIGR01164,TIGR01169,TIGR01171,TIGR01302,TIGR01391,TIGR01393,TIGR01394,TIGR01510,TIGR01632,TIGR01951,TIGR01953,TIGR02012,TIGR02013,TIGR02027,TIGR02075,TIGR02191,TIGR02273,TIGR02350,TIGR02386,TIGR02397,TIGR02432,TIGR02729,TIGR03263,TIGR03594,TIGR03625,TIGR03632,TIGR03654,TIGR03723,TIGR03725,TIGR03953	TIGR00382,TIGR00928		TIGR00810,TIGR00964
GCF_012102225.1_genome	116	2	0	2	PF00380.20,PF00410.20,PF00466.21,PF01025.20,PF02576.18,PF03726.15,TIGR00006,TIGR00019,TIGR00020,TIGR00029,TIGR00043,TIGR00054,TIGR00059,TIGR00061,TIGR00064,TIGR00065,TIGR00082,TIGR00083,TIGR00084,TIGR00086,TIGR00088,TIGR00090,TIGR00092,TIGR00095,TIGR00115,TIGR00116,TIGR00138,TIGR00158,TIGR00166,TIGR00168,TIGR00186,TIGR00194,TIGR00250,TIGR00337,TIGR00344,TIGR00362,TIGR00392,TIGR00396,TIGR00398,TIGR00414,TIGR00416,TIGR00420,TIGR00431,TIGR00435,TIGR00436,TIGR00442,TIGR00445,TIGR00456,TIGR00459,TIGR00460,TIGR00468,TIGR00472,TIGR00487,TIGR00496,TIGR00539,TIGR00580,TIGR00593,TIGR00615,TIGR00631,TIGR00634,TIGR00635,TIGR00643,TIGR00663,TIGR00717,TIGR00755,TIGR00922,TIGR00959,TIGR00963,TIGR00967,TIGR01009,TIGR01011,TIGR01017,TIGR01021,TIGR01029,TIGR01032,TIGR01039,TIGR01044,TIGR01059,TIGR01063,TIGR01066,TIGR01071,TIGR01079,TIGR01082,TIGR01087,TIGR01128,TIGR01146,TIGR01164,TIGR01169,TIGR01171,TIGR01302,TIGR01391,TIGR01393,TIGR01394,TIGR01510,TIGR01632,TIGR01951,TIGR01953,TIGR02012,TIGR02013,TIGR02027,TIGR02075,TIGR02191,TIGR02273,TIGR02350,TIGR02386,TIGR02397,TIGR02432,TIGR02729,TIGR03263,TIGR03594,TIGR03625,TIGR03632,TIGR03654,TIGR03723,TIGR03725,TIGR03953	TIGR00382,TIGR00928		TIGR00810,TIGR00964
GCF_013619435.1_genome	116	2	0	2	PF00380.20,PF00410.20,PF00466.21,PF01025.20,PF02576.18,PF03726.15,TIGR00006,TIGR00019,TIGR00020,TIGR00029,TIGR00043,TIGR00054,TIGR00059,TIGR00061,TIGR00064,TIGR00065,TIGR00082,TIGR00083,TIGR00084,TIGR00086,TIGR00088,TIGR00090,TIGR00092,TIGR00095,TIGR00115,TIGR00116,TIGR00138,TIGR00158,TIGR00166,TIGR00168,TIGR00186,TIGR00194,TIGR00250,TIGR00337,TIGR00344,TIGR00362,TIGR00392,TIGR00396,TIGR00398,TIGR00414,TIGR00416,TIGR00420,TIGR00431,TIGR00435,TIGR00436,TIGR00442,TIGR00445,TIGR00456,TIGR00459,TIGR00460,TIGR00468,TIGR00472,TIGR00487,TIGR00496,TIGR00539,TIGR00580,TIGR00593,TIGR00615,TIGR00631,TIGR00634,TIGR00635,TIGR00643,TIGR00663,TIGR00717,TIGR00755,TIGR00922,TIGR00959,TIGR00963,TIGR00967,TIGR01009,TIGR01011,TIGR01017,TIGR01021,TIGR01029,TIGR01032,TIGR01039,TIGR01044,TIGR01059,TIGR01063,TIGR01066,TIGR01071,TIGR01079,TIGR01082,TIGR01087,TIGR01128,TIGR01146,TIGR01164,TIGR01169,TIGR01171,TIGR01302,TIGR01391,TIGR01393,TIGR01394,TIGR01510,TIGR01632,TIGR01951,TIGR01953,TIGR02012,TIGR02013,TIGR02027,TIGR02075,TIGR02191,TIGR02273,TIGR02350,TIGR02386,TIGR02397,TIGR02432,TIGR02729,TIGR03263,TIGR03594,TIGR03625,TIGR03632,TIGR03654,TIGR03723,TIGR03725,TIGR03953	TIGR00382,TIGR00928		TIGR00810,TIGR00964
GCF_014596255.1_genome	116	2	0	2	PF00380.20,PF00410.20,PF00466.21,PF01025.20,PF02576.18,PF03726.15,TIGR00006,TIGR00019,TIGR00020,TIGR00029,TIGR00043,TIGR00054,TIGR00059,TIGR00061,TIGR00064,TIGR00065,TIGR00082,TIGR00083,TIGR00084,TIGR00086,TIGR00088,TIGR00090,TIGR00092,TIGR00095,TIGR00115,TIGR00116,TIGR00138,TIGR00158,TIGR00166,TIGR00168,TIGR00186,TIGR00194,TIGR00250,TIGR00337,TIGR00344,TIGR00362,TIGR00392,TIGR00396,TIGR00398,TIGR00414,TIGR00416,TIGR00420,TIGR00431,TIGR00435,TIGR00436,TIGR00442,TIGR00445,TIGR00456,TIGR00459,TIGR00460,TIGR00468,TIGR00472,TIGR00487,TIGR00496,TIGR00539,TIGR00580,TIGR00593,TIGR00615,TIGR00631,TIGR00634,TIGR00635,TIGR00643,TIGR00663,TIGR00717,TIGR00755,TIGR00922,TIGR00959,TIGR00963,TIGR00967,TIGR01009,TIGR01011,TIGR01017,TIGR01021,TIGR01029,TIGR01032,TIGR01039,TIGR01044,TIGR01059,TIGR01063,TIGR01066,TIGR01071,TIGR01079,TIGR01082,TIGR01087,TIGR01128,TIGR01146,TIGR01164,TIGR01169,TIGR01171,TIGR01302,TIGR01391,TIGR01393,TIGR01394,TIGR01510,TIGR01632,TIGR01951,TIGR01953,TIGR02012,TIGR02013,TIGR02027,TIGR02075,TIGR02191,TIGR02273,TIGR02350,TIGR02386,TIGR02397,TIGR02432,TIGR02729,TIGR03263,TIGR03594,TIGR03625,TIGR03632,TIGR03654,TIGR03723,TIGR03725,TIGR03953	TIGR00382,TIGR00928		TIGR00810,TIGR00964
GCF_014596275.1_genome	115	3	0	2	PF00380.20,PF00410.20,PF00466.21,PF01025.20,PF02576.18,PF03726.15,TIGR00006,TIGR00019,TIGR00020,TIGR00029,TIGR00043,TIGR00054,TIGR00059,TIGR00061,TIGR00064,TIGR00065,TIGR00082,TIGR00083,TIGR00084,TIGR00086,TIGR00088,TIGR00090,TIGR00092,TIGR00095,TIGR00115,TIGR00116,TIGR00138,TIGR00158,TIGR00166,TIGR00168,TIGR00186,TIGR00194,TIGR00250,TIGR00337,TIGR00344,TIGR00362,TIGR00392,TIGR00396,TIGR00398,TIGR00414,TIGR00416,TIGR00420,TIGR00431,TIGR00435,TIGR00436,TIGR00442,TIGR00445,TIGR00456,TIGR00459,TIGR00460,TIGR00468,TIGR00472,TIGR00487,TIGR00496,TIGR00539,TIGR00580,TIGR00593,TIGR00615,TIGR00634,TIGR00635,TIGR00643,TIGR00663,TIGR00717,TIGR00755,TIGR00922,TIGR00959,TIGR00963,TIGR00967,TIGR01009,TIGR01011,TIGR01017,TIGR01021,TIGR01029,TIGR01032,TIGR01039,TIGR01044,TIGR01059,TIGR01063,TIGR01066,TIGR01071,TIGR01079,TIGR01082,TIGR01087,TIGR01128,TIGR01146,TIGR01164,TIGR01169,TIGR01171,TIGR01302,TIGR01391,TIGR01393,TIGR01394,TIGR01510,TIGR01632,TIGR01951,TIGR01953,TIGR02012,TIGR02013,TIGR02027,TIGR02075,TIGR02191,TIGR02273,TIGR02350,TIGR02386,TIGR02397,TIGR02432,TIGR02729,TIGR03263,TIGR03594,TIGR03625,TIGR03632,TIGR03654,TIGR03723,TIGR03725,TIGR03953	TIGR00382,TIGR00631,TIGR00928		TIGR00810,TIGR00964
GCF_015626645.1_genome	116	2	0	2	PF00380.20,PF00410.20,PF00466.21,PF01025.20,PF02576.18,PF03726.15,TIGR00006,TIGR00019,TIGR00020,TIGR00029,TIGR00043,TIGR00054,TIGR00059,TIGR00061,TIGR00064,TIGR00065,TIGR00082,TIGR00083,TIGR00084,TIGR00086,TIGR00088,TIGR00090,TIGR00092,TIGR00095,TIGR00115,TIGR00116,TIGR00138,TIGR00158,TIGR00166,TIGR00168,TIGR00186,TIGR00194,TIGR00250,TIGR00337,TIGR00344,TIGR00362,TIGR00392,TIGR00396,TIGR00398,TIGR00414,TIGR00416,TIGR00420,TIGR00431,TIGR00435,TIGR00436,TIGR00442,TIGR00445,TIGR00456,TIGR00459,TIGR00460,TIGR00468,TIGR00472,TIGR00487,TIGR00496,TIGR00539,TIGR00580,TIGR00593,TIGR00615,TIGR00631,TIGR00634,TIGR00635,TIGR00643,TIGR00663,TIGR00717,TIGR00755,TIGR00922,TIGR00959,TIGR00963,TIGR00967,TIGR01009,TIGR01011,TIGR01017,TIGR01021,TIGR01029,TIGR01032,TIGR01039,TIGR01044,TIGR01059,TIGR01063,TIGR01066,TIGR01071,TIGR01079,TIGR01082,TIGR01087,TIGR01128,TIGR01146,TIGR01164,TIGR01169,TIGR01171,TIGR01302,TIGR01391,TIGR01393,TIGR01394,TIGR01510,TIGR01632,TIGR01951,TIGR01953,TIGR02012,TIGR02013,TIGR02027,TIGR02075,TIGR02191,TIGR02273,TIGR02350,TIGR02386,TIGR02397,TIGR02432,TIGR02729,TIGR03263,TIGR03594,TIGR03625,TIGR03632,TIGR03654,TIGR03723,TIGR03725,TIGR03953	TIGR00382,TIGR00928		TIGR00810,TIGR00964
GCF_015626655.1_genome	116	2	0	2	PF00380.20,PF00410.20,PF00466.21,PF01025.20,PF02576.18,PF03726.15,TIGR00006,TIGR00019,TIGR00020,TIGR00029,TIGR00043,TIGR00054,TIGR00059,TIGR00061,TIGR00064,TIGR00065,TIGR00082,TIGR00083,TIGR00084,TIGR00086,TIGR00088,TIGR00090,TIGR00092,TIGR00095,TIGR00115,TIGR00116,TIGR00138,TIGR00158,TIGR00166,TIGR00168,TIGR00186,TIGR00194,TIGR00250,TIGR00337,TIGR00344,TIGR00362,TIGR00392,TIGR00396,TIGR00398,TIGR00414,TIGR00416,TIGR00420,TIGR00431,TIGR00435,TIGR00436,TIGR00442,TIGR00445,TIGR00456,TIGR00459,TIGR00460,TIGR00468,TIGR00472,TIGR00487,TIGR00496,TIGR00539,TIGR00580,TIGR00593,TIGR00615,TIGR00631,TIGR00634,TIGR00635,TIGR00643,TIGR00663,TIGR00717,TIGR00755,TIGR00922,TIGR00959,TIGR00963,TIGR00967,TIGR01009,TIGR01011,TIGR01017,TIGR01021,TIGR01029,TIGR01032,TIGR01039,TIGR01044,TIGR01059,TIGR01063,TIGR01066,TIGR01071,TIGR01079,TIGR01082,TIGR01087,TIGR01128,TIGR01146,TIGR01164,TIGR01169,TIGR01171,TIGR01302,TIGR01391,TIGR01393,TIGR01394,TIGR01510,TIGR01632,TIGR01951,TIGR01953,TIGR02012,TIGR02013,TIGR02027,TIGR02075,TIGR02191,TIGR02273,TIGR02350,TIGR02386,TIGR02397,TIGR02432,TIGR02729,TIGR03263,TIGR03594,TIGR03625,TIGR03632,TIGR03654,TIGR03723,TIGR03725,TIGR03953	TIGR00382,TIGR00928		TIGR00810,TIGR00964
GCF_015626675.1_genome	116	2	0	2	PF00380.20,PF00410.20,PF00466.21,PF01025.20,PF02576.18,PF03726.15,TIGR00006,TIGR00019,TIGR00020,TIGR00029,TIGR00043,TIGR00054,TIGR00059,TIGR00061,TIGR00064,TIGR00065,TIGR00082,TIGR00083,TIGR00084,TIGR00086,TIGR00088,TIGR00090,TIGR00092,TIGR00095,TIGR00115,TIGR00116,TIGR00138,TIGR00158,TIGR00166,TIGR00168,TIGR00186,TIGR00194,TIGR00250,TIGR00337,TIGR00344,TIGR00362,TIGR00392,TIGR00396,TIGR00398,TIGR00414,TIGR00416,TIGR00420,TIGR00431,TIGR00435,TIGR00436,TIGR00442,TIGR00445,TIGR00456,TIGR00459,TIGR00460,TIGR00468,TIGR00472,TIGR00487,TIGR00496,TIGR00539,TIGR00580,TIGR00593,TIGR00615,TIGR00631,TIGR00634,TIGR00635,TIGR00643,TIGR00663,TIGR00717,TIGR00755,TIGR00922,TIGR00959,TIGR00963,TIGR00967,TIGR01009,TIGR01011,TIGR01017,TIGR01021,TIGR01029,TIGR01032,TIGR01039,TIGR01044,TIGR01059,TIGR01063,TIGR01066,TIGR01071,TIGR01079,TIGR01082,TIGR01087,TIGR01128,TIGR01146,TIGR01164,TIGR01169,TIGR01171,TIGR01302,TIGR01391,TIGR01393,TIGR01394,TIGR01510,TIGR01632,TIGR01951,TIGR01953,TIGR02012,TIGR02013,TIGR02027,TIGR02075,TIGR02191,TIGR02273,TIGR02350,TIGR02386,TIGR02397,TIGR02432,TIGR02729,TIGR03263,TIGR03594,TIGR03625,TIGR03632,TIGR03654,TIGR03723,TIGR03725,TIGR03953	TIGR00382,TIGR00928		TIGR00810,TIGR00964
GCF_015626695.1_genome	116	2	0	2	PF00380.20,PF00410.20,PF00466.21,PF01025.20,PF02576.18,PF03726.15,TIGR00006,TIGR00019,TIGR00020,TIGR00029,TIGR00043,TIGR00054,TIGR00059,TIGR00061,TIGR00064,TIGR00065,TIGR00082,TIGR00083,TIGR00084,TIGR00086,TIGR00088,TIGR00090,TIGR00092,TIGR00095,TIGR00115,TIGR00116,TIGR00138,TIGR00158,TIGR00166,TIGR00168,TIGR00186,TIGR00194,TIGR00250,TIGR00337,TIGR00344,TIGR00362,TIGR00392,TIGR00396,TIGR00398,TIGR00414,TIGR00416,TIGR00420,TIGR00431,TIGR00435,TIGR00436,TIGR00442,TIGR00445,TIGR00456,TIGR00459,TIGR00460,TIGR00468,TIGR00472,TIGR00487,TIGR00496,TIGR00539,TIGR00580,TIGR00593,TIGR00615,TIGR00631,TIGR00634,TIGR00635,TIGR00643,TIGR00663,TIGR00717,TIGR00755,TIGR00922,TIGR00959,TIGR00963,TIGR00967,TIGR01009,TIGR01011,TIGR01017,TIGR01021,TIGR01029,TIGR01032,TIGR01039,TIGR01044,TIGR01059,TIGR01063,TIGR01066,TIGR01071,TIGR01079,TIGR01082,TIGR01087,TIGR01128,TIGR01146,TIGR01164,TIGR01169,TIGR01171,TIGR01302,TIGR01391,TIGR01393,TIGR01394,TIGR01510,TIGR01632,TIGR01951,TIGR01953,TIGR02012,TIGR02013,TIGR02027,TIGR02075,TIGR02191,TIGR02273,TIGR02350,TIGR02386,TIGR02397,TIGR02432,TIGR02729,TIGR03263,TIGR03594,TIGR03625,TIGR03632,TIGR03654,TIGR03723,TIGR03725,TIGR03953	TIGR00382,TIGR00928		TIGR00810,TIGR00964
GCF_015704805.1_genome	116	2	0	2	PF00380.20,PF00410.20,PF00466.21,PF01025.20,PF02576.18,PF03726.15,TIGR00006,TIGR00019,TIGR00020,TIGR00029,TIGR00043,TIGR00054,TIGR00059,TIGR00061,TIGR00064,TIGR00065,TIGR00082,TIGR00083,TIGR00084,TIGR00086,TIGR00088,TIGR00090,TIGR00092,TIGR00095,TIGR00115,TIGR00116,TIGR00138,TIGR00158,TIGR00166,TIGR00168,TIGR00186,TIGR00194,TIGR00250,TIGR00337,TIGR00344,TIGR00362,TIGR00392,TIGR00396,TIGR00398,TIGR00414,TIGR00416,TIGR00420,TIGR00431,TIGR00435,TIGR00436,TIGR00442,TIGR00445,TIGR00456,TIGR00459,TIGR00460,TIGR00468,TIGR00472,TIGR00487,TIGR00496,TIGR00539,TIGR00580,TIGR00593,TIGR00615,TIGR00631,TIGR00634,TIGR00635,TIGR00643,TIGR00663,TIGR00717,TIGR00755,TIGR00922,TIGR00959,TIGR00963,TIGR00967,TIGR01009,TIGR01011,TIGR01017,TIGR01021,TIGR01029,TIGR01032,TIGR01039,TIGR01044,TIGR01059,TIGR01063,TIGR01066,TIGR01071,TIGR01079,TIGR01082,TIGR01087,TIGR01128,TIGR01146,TIGR01164,TIGR01169,TIGR01171,TIGR01302,TIGR01391,TIGR01393,TIGR01394,TIGR01510,TIGR01632,TIGR01951,TIGR01953,TIGR02012,TIGR02013,TIGR02027,TIGR02075,TIGR02191,TIGR02273,TIGR02350,TIGR02386,TIGR02397,TIGR02432,TIGR02729,TIGR03263,TIGR03594,TIGR03625,TIGR03632,TIGR03654,TIGR03723,TIGR03725,TIGR03953	TIGR00382,TIGR00928		TIGR00810,TIGR00964
GCF_017592095.1_genome	116	2	0	2	PF00380.20,PF00410.20,PF00466.21,PF01025.20,PF02576.18,PF03726.15,TIGR00006,TIGR00019,TIGR00020,TIGR00029,TIGR00043,TIGR00054,TIGR00059,TIGR00061,TIGR00064,TIGR00065,TIGR00082,TIGR00083,TIGR00084,TIGR00086,TIGR00088,TIGR00090,TIGR00092,TIGR00095,TIGR00115,TIGR00116,TIGR00138,TIGR00158,TIGR00166,TIGR00168,TIGR00186,TIGR00194,TIGR00250,TIGR00337,TIGR00344,TIGR00362,TIGR00392,TIGR00396,TIGR00398,TIGR00414,TIGR00416,TIGR00420,TIGR00431,TIGR00435,TIGR00436,TIGR00442,TIGR00445,TIGR00456,TIGR00459,TIGR00460,TIGR00468,TIGR00472,TIGR00487,TIGR00496,TIGR00539,TIGR00580,TIGR00593,TIGR00615,TIGR00631,TIGR00634,TIGR00635,TIGR00643,TIGR00663,TIGR00717,TIGR00755,TIGR00922,TIGR00959,TIGR00963,TIGR00967,TIGR01009,TIGR01011,TIGR01017,TIGR01021,TIGR01029,TIGR01032,TIGR01039,TIGR01044,TIGR01059,TIGR01063,TIGR01066,TIGR01071,TIGR01079,TIGR01082,TIGR01087,TIGR01128,TIGR01146,TIGR01164,TIGR01169,TIGR01171,TIGR01302,TIGR01391,TIGR01393,TIGR01394,TIGR01510,TIGR01632,TIGR01951,TIGR01953,TIGR02012,TIGR02013,TIGR02027,TIGR02075,TIGR02191,TIGR02273,TIGR02350,TIGR02386,TIGR02397,TIGR02432,TIGR02729,TIGR03263,TIGR03594,TIGR03625,TIGR03632,TIGR03654,TIGR03723,TIGR03725,TIGR03953	TIGR00382,TIGR00928		TIGR00810,TIGR00964
GCF_017592315.1_genome	116	2	0	2	PF00380.20,PF00410.20,PF00466.21,PF01025.20,PF02576.18,PF03726.15,TIGR00006,TIGR00019,TIGR00020,TIGR00029,TIGR00043,TIGR00054,TIGR00059,TIGR00061,TIGR00064,TIGR00065,TIGR00082,TIGR00083,TIGR00084,TIGR00086,TIGR00088,TIGR00090,TIGR00092,TIGR00095,TIGR00115,TIGR00116,TIGR00138,TIGR00158,TIGR00166,TIGR00168,TIGR00186,TIGR00194,TIGR00250,TIGR00337,TIGR00344,TIGR00362,TIGR00392,TIGR00396,TIGR00398,TIGR00414,TIGR00416,TIGR00420,TIGR00431,TIGR00435,TIGR00436,TIGR00442,TIGR00445,TIGR00456,TIGR00459,TIGR00460,TIGR00468,TIGR00472,TIGR00487,TIGR00496,TIGR00539,TIGR00580,TIGR00593,TIGR00615,TIGR00631,TIGR00634,TIGR00635,TIGR00643,TIGR00663,TIGR00717,TIGR00755,TIGR00922,TIGR00959,TIGR00963,TIGR00967,TIGR01009,TIGR01011,TIGR01017,TIGR01021,TIGR01029,TIGR01032,TIGR01039,TIGR01044,TIGR01059,TIGR01063,TIGR01066,TIGR01071,TIGR01079,TIGR01082,TIGR01087,TIGR01128,TIGR01146,TIGR01164,TIGR01169,TIGR01171,TIGR01302,TIGR01391,TIGR01393,TIGR01394,TIGR01510,TIGR01632,TIGR01951,TIGR01953,TIGR02012,TIGR02013,TIGR02027,TIGR02075,TIGR02191,TIGR02273,TIGR02350,TIGR02386,TIGR02397,TIGR02432,TIGR02729,TIGR03263,TIGR03594,TIGR03625,TIGR03632,TIGR03654,TIGR03723,TIGR03725,TIGR03953	TIGR00382,TIGR00928		TIGR00810,TIGR00964
GCF_019084125.3_genome	116	2	0	2	PF00380.20,PF00410.20,PF00466.21,PF01025.20,PF02576.18,PF03726.15,TIGR00006,TIGR00019,TIGR00020,TIGR00029,TIGR00043,TIGR00054,TIGR00059,TIGR00061,TIGR00064,TIGR00065,TIGR00082,TIGR00083,TIGR00084,TIGR00086,TIGR00088,TIGR00090,TIGR00092,TIGR00095,TIGR00115,TIGR00116,TIGR00138,TIGR00158,TIGR00166,TIGR00168,TIGR00186,TIGR00194,TIGR00250,TIGR00337,TIGR00344,TIGR00362,TIGR00392,TIGR00396,TIGR00398,TIGR00414,TIGR00416,TIGR00420,TIGR00431,TIGR00435,TIGR00436,TIGR00442,TIGR00445,TIGR00456,TIGR00459,TIGR00460,TIGR00468,TIGR00472,TIGR00487,TIGR00496,TIGR00539,TIGR00580,TIGR00593,TIGR00615,TIGR00631,TIGR00634,TIGR00635,TIGR00643,TIGR00663,TIGR00717,TIGR00755,TIGR00922,TIGR00959,TIGR00963,TIGR00967,TIGR01009,TIGR01011,TIGR01017,TIGR01021,TIGR01029,TIGR01032,TIGR01039,TIGR01044,TIGR01059,TIGR01063,TIGR01066,TIGR01071,TIGR01079,TIGR01082,TIGR01087,TIGR01128,TIGR01146,TIGR01164,TIGR01169,TIGR01171,TIGR01302,TIGR01391,TIGR01393,TIGR01394,TIGR01510,TIGR01632,TIGR01951,TIGR01953,TIGR02012,TIGR02013,TIGR02027,TIGR02075,TIGR02191,TIGR02273,TIGR02350,TIGR02386,TIGR02397,TIGR02432,TIGR02729,TIGR03263,TIGR03594,TIGR03625,TIGR03632,TIGR03654,TIGR03723,TIGR03725,TIGR03953	TIGR00382,TIGR00928		TIGR00810,TIGR00964
GCF_020011175.1_genome	116	2	0	2	PF00380.20,PF00410.20,PF00466.21,PF01025.20,PF02576.18,PF03726.15,TIGR00006,TIGR00019,TIGR00020,TIGR00029,TIGR00043,TIGR00054,TIGR00059,TIGR00061,TIGR00064,TIGR00065,TIGR00082,TIGR00083,TIGR00084,TIGR00086,TIGR00088,TIGR00090,TIGR00092,TIGR00095,TIGR00115,TIGR00116,TIGR00138,TIGR00158,TIGR00166,TIGR00168,TIGR00186,TIGR00194,TIGR00250,TIGR00337,TIGR00344,TIGR00362,TIGR00392,TIGR00396,TIGR00398,TIGR00414,TIGR00416,TIGR00420,TIGR00431,TIGR00435,TIGR00436,TIGR00442,TIGR00445,TIGR00456,TIGR00459,TIGR00460,TIGR00468,TIGR00472,TIGR00487,TIGR00496,TIGR00539,TIGR00580,TIGR00593,TIGR00615,TIGR00631,TIGR00634,TIGR00635,TIGR00643,TIGR00663,TIGR00717,TIGR00755,TIGR00922,TIGR00959,TIGR00963,TIGR00967,TIGR01009,TIGR01011,TIGR01017,TIGR01021,TIGR01029,TIGR01032,TIGR01039,TIGR01044,TIGR01059,TIGR01063,TIGR01066,TIGR01071,TIGR01079,TIGR01082,TIGR01087,TIGR01128,TIGR01146,TIGR01164,TIGR01169,TIGR01171,TIGR01302,TIGR01391,TIGR01393,TIGR01394,TIGR01510,TIGR01632,TIGR01951,TIGR01953,TIGR02012,TIGR02013,TIGR02027,TIGR02075,TIGR02191,TIGR02273,TIGR02350,TIGR02386,TIGR02397,TIGR02432,TIGR02729,TIGR03263,TIGR03594,TIGR03625,TIGR03632,TIGR03654,TIGR03723,TIGR03725,TIGR03953	TIGR00382,TIGR00928		TIGR00810,TIGR00964
GCF_020882555.1_genome	116	2	0	2	PF00380.20,PF00410.20,PF00466.21,PF01025.20,PF02576.18,PF03726.15,TIGR00006,TIGR00019,TIGR00020,TIGR00029,TIGR00043,TIGR00054,TIGR00059,TIGR00061,TIGR00064,TIGR00065,TIGR00082,TIGR00083,TIGR00084,TIGR00086,TIGR00088,TIGR00090,TIGR00092,TIGR00095,TIGR00115,TIGR00116,TIGR00138,TIGR00158,TIGR00166,TIGR00168,TIGR00186,TIGR00194,TIGR00250,TIGR00337,TIGR00344,TIGR00362,TIGR00392,TIGR00396,TIGR00398,TIGR00414,TIGR00416,TIGR00420,TIGR00431,TIGR00435,TIGR00436,TIGR00442,TIGR00445,TIGR00456,TIGR00459,TIGR00460,TIGR00468,TIGR00472,TIGR00487,TIGR00496,TIGR00539,TIGR00580,TIGR00593,TIGR00615,TIGR00631,TIGR00634,TIGR00635,TIGR00643,TIGR00663,TIGR00717,TIGR00755,TIGR00922,TIGR00959,TIGR00963,TIGR00967,TIGR01009,TIGR01011,TIGR01017,TIGR01021,TIGR01029,TIGR01032,TIGR01039,TIGR01044,TIGR01059,TIGR01063,TIGR01066,TIGR01071,TIGR01079,TIGR01082,TIGR01087,TIGR01128,TIGR01146,TIGR01164,TIGR01169,TIGR01171,TIGR01302,TIGR01391,TIGR01393,TIGR01394,TIGR01510,TIGR01632,TIGR01951,TIGR01953,TIGR02012,TIGR02013,TIGR02027,TIGR02075,TIGR02191,TIGR02273,TIGR02350,TIGR02386,TIGR02397,TIGR02432,TIGR02729,TIGR03263,TIGR03594,TIGR03625,TIGR03632,TIGR03654,TIGR03723,TIGR03725,TIGR03953	TIGR00382,TIGR00928		TIGR00810,TIGR00964
GCF_021556505.1_genome	114	4	0	2	PF00380.20,PF00410.20,PF00466.21,PF01025.20,PF02576.18,PF03726.15,TIGR00006,TIGR00019,TIGR00020,TIGR00029,TIGR00043,TIGR00054,TIGR00059,TIGR00061,TIGR00064,TIGR00065,TIGR00082,TIGR00083,TIGR00084,TIGR00086,TIGR00088,TIGR00090,TIGR00092,TIGR00095,TIGR00115,TIGR00116,TIGR00138,TIGR00158,TIGR00166,TIGR00168,TIGR00186,TIGR00194,TIGR00250,TIGR00337,TIGR00344,TIGR00362,TIGR00392,TIGR00396,TIGR00398,TIGR00414,TIGR00416,TIGR00420,TIGR00431,TIGR00435,TIGR00436,TIGR00442,TIGR00445,TIGR00456,TIGR00459,TIGR00460,TIGR00468,TIGR00472,TIGR00487,TIGR00496,TIGR00539,TIGR00580,TIGR00593,TIGR00615,TIGR00631,TIGR00634,TIGR00635,TIGR00643,TIGR00663,TIGR00717,TIGR00755,TIGR00922,TIGR00959,TIGR00963,TIGR00967,TIGR01011,TIGR01017,TIGR01021,TIGR01029,TIGR01032,TIGR01039,TIGR01044,TIGR01059,TIGR01063,TIGR01066,TIGR01071,TIGR01079,TIGR01082,TIGR01087,TIGR01128,TIGR01146,TIGR01164,TIGR01169,TIGR01171,TIGR01302,TIGR01393,TIGR01394,TIGR01510,TIGR01632,TIGR01951,TIGR01953,TIGR02012,TIGR02013,TIGR02027,TIGR02075,TIGR02191,TIGR02273,TIGR02350,TIGR02386,TIGR02397,TIGR02432,TIGR02729,TIGR03263,TIGR03594,TIGR03625,TIGR03632,TIGR03654,TIGR03723,TIGR03725,TIGR03953	TIGR00382,TIGR00928,TIGR01009,TIGR01391		TIGR00810,TIGR00964
GCF_021556555.1_genome	114	4	0	2	PF00380.20,PF00410.20,PF00466.21,PF01025.20,PF02576.18,PF03726.15,TIGR00006,TIGR00019,TIGR00020,TIGR00029,TIGR00043,TIGR00054,TIGR00059,TIGR00061,TIGR00064,TIGR00065,TIGR00082,TIGR00083,TIGR00084,TIGR00086,TIGR00088,TIGR00090,TIGR00092,TIGR00095,TIGR00115,TIGR00116,TIGR00138,TIGR00158,TIGR00166,TIGR00168,TIGR00186,TIGR00194,TIGR00250,TIGR00337,TIGR00344,TIGR00362,TIGR00392,TIGR00396,TIGR00398,TIGR00414,TIGR00416,TIGR00420,TIGR00431,TIGR00435,TIGR00436,TIGR00442,TIGR00445,TIGR00456,TIGR00459,TIGR00460,TIGR00468,TIGR00472,TIGR00487,TIGR00496,TIGR00539,TIGR00580,TIGR00593,TIGR00615,TIGR00631,TIGR00634,TIGR00635,TIGR00643,TIGR00717,TIGR00755,TIGR00922,TIGR00959,TIGR00963,TIGR00967,TIGR01009,TIGR01011,TIGR01017,TIGR01021,TIGR01029,TIGR01032,TIGR01039,TIGR01044,TIGR01059,TIGR01063,TIGR01066,TIGR01071,TIGR01079,TIGR01082,TIGR01087,TIGR01128,TIGR01146,TIGR01164,TIGR01169,TIGR01171,TIGR01302,TIGR01391,TIGR01393,TIGR01394,TIGR01510,TIGR01632,TIGR01951,TIGR01953,TIGR02013,TIGR02027,TIGR02075,TIGR02191,TIGR02273,TIGR02350,TIGR02386,TIGR02397,TIGR02432,TIGR02729,TIGR03263,TIGR03594,TIGR03625,TIGR03632,TIGR03654,TIGR03723,TIGR03725,TIGR03953	TIGR00382,TIGR00663,TIGR00928,TIGR02012		TIGR00810,TIGR00964
GCF_021556565.1_genome	115	3	0	2	PF00380.20,PF00410.20,PF00466.21,PF01025.20,PF02576.18,PF03726.15,TIGR00006,TIGR00019,TIGR00020,TIGR00029,TIGR00043,TIGR00054,TIGR00059,TIGR00061,TIGR00064,TIGR00065,TIGR00082,TIGR00083,TIGR00084,TIGR00086,TIGR00088,TIGR00090,TIGR00092,TIGR00095,TIGR00115,TIGR00116,TIGR00138,TIGR00158,TIGR00166,TIGR00168,TIGR00186,TIGR00194,TIGR00250,TIGR00337,TIGR00344,TIGR00362,TIGR00392,TIGR00396,TIGR00398,TIGR00414,TIGR00416,TIGR00420,TIGR00431,TIGR00435,TIGR00436,TIGR00442,TIGR00445,TIGR00456,TIGR00459,TIGR00460,TIGR00468,TIGR00472,TIGR00487,TIGR00496,TIGR00539,TIGR00580,TIGR00593,TIGR00615,TIGR00631,TIGR00634,TIGR00635,TIGR00643,TIGR00663,TIGR00717,TIGR00755,TIGR00922,TIGR00959,TIGR00963,TIGR00967,TIGR01009,TIGR01017,TIGR01021,TIGR01029,TIGR01032,TIGR01039,TIGR01044,TIGR01059,TIGR01063,TIGR01066,TIGR01071,TIGR01079,TIGR01082,TIGR01087,TIGR01128,TIGR01146,TIGR01164,TIGR01169,TIGR01171,TIGR01302,TIGR01391,TIGR01393,TIGR01394,TIGR01510,TIGR01632,TIGR01951,TIGR01953,TIGR02012,TIGR02013,TIGR02027,TIGR02075,TIGR02191,TIGR02273,TIGR02350,TIGR02386,TIGR02397,TIGR02432,TIGR02729,TIGR03263,TIGR03594,TIGR03625,TIGR03632,TIGR03654,TIGR03723,TIGR03725,TIGR03953	TIGR00382,TIGR00928,TIGR01011		TIGR00810,TIGR00964
GCF_021556585.1_genome	116	2	0	2	PF00380.20,PF00410.20,PF00466.21,PF01025.20,PF02576.18,PF03726.15,TIGR00006,TIGR00019,TIGR00020,TIGR00029,TIGR00043,TIGR00054,TIGR00059,TIGR00061,TIGR00064,TIGR00065,TIGR00082,TIGR00083,TIGR00084,TIGR00086,TIGR00088,TIGR00090,TIGR00092,TIGR00095,TIGR00115,TIGR00116,TIGR00138,TIGR00158,TIGR00166,TIGR00168,TIGR00186,TIGR00194,TIGR00250,TIGR00337,TIGR00344,TIGR00362,TIGR00392,TIGR00396,TIGR00398,TIGR00414,TIGR00416,TIGR00420,TIGR00431,TIGR00435,TIGR00436,TIGR00442,TIGR00445,TIGR00456,TIGR00459,TIGR00460,TIGR00468,TIGR00472,TIGR00487,TIGR00496,TIGR00539,TIGR00580,TIGR00593,TIGR00615,TIGR00631,TIGR00634,TIGR00635,TIGR00643,TIGR00663,TIGR00717,TIGR00755,TIGR00922,TIGR00959,TIGR00963,TIGR00967,TIGR01009,TIGR01011,TIGR01017,TIGR01021,TIGR01029,TIGR01032,TIGR01039,TIGR01044,TIGR01059,TIGR01063,TIGR01066,TIGR01071,TIGR01079,TIGR01082,TIGR01087,TIGR01128,TIGR01146,TIGR01164,TIGR01169,TIGR01171,TIGR01302,TIGR01391,TIGR01393,TIGR01394,TIGR01510,TIGR01632,TIGR01951,TIGR01953,TIGR02012,TIGR02013,TIGR02027,TIGR02075,TIGR02191,TIGR02273,TIGR02350,TIGR02386,TIGR02397,TIGR02432,TIGR02729,TIGR03263,TIGR03594,TIGR03625,TIGR03632,TIGR03654,TIGR03723,TIGR03725,TIGR03953	TIGR00382,TIGR00928		TIGR00810,TIGR00964
GCF_021556635.1_genome	116	2	0	2	PF00380.20,PF00410.20,PF00466.21,PF01025.20,PF02576.18,PF03726.15,TIGR00006,TIGR00019,TIGR00020,TIGR00029,TIGR00043,TIGR00054,TIGR00059,TIGR00061,TIGR00064,TIGR00065,TIGR00082,TIGR00083,TIGR00084,TIGR00086,TIGR00088,TIGR00090,TIGR00092,TIGR00095,TIGR00115,TIGR00116,TIGR00138,TIGR00158,TIGR00166,TIGR00168,TIGR00186,TIGR00194,TIGR00250,TIGR00337,TIGR00344,TIGR00362,TIGR00392,TIGR00396,TIGR00398,TIGR00414,TIGR00416,TIGR00420,TIGR00431,TIGR00435,TIGR00436,TIGR00442,TIGR00445,TIGR00456,TIGR00459,TIGR00460,TIGR00468,TIGR00472,TIGR00487,TIGR00496,TIGR00539,TIGR00580,TIGR00593,TIGR00615,TIGR00631,TIGR00634,TIGR00635,TIGR00643,TIGR00663,TIGR00717,TIGR00755,TIGR00922,TIGR00959,TIGR00963,TIGR00967,TIGR01009,TIGR01011,TIGR01017,TIGR01021,TIGR01029,TIGR01032,TIGR01039,TIGR01044,TIGR01059,TIGR01063,TIGR01066,TIGR01071,TIGR01079,TIGR01082,TIGR01087,TIGR01128,TIGR01146,TIGR01164,TIGR01169,TIGR01171,TIGR01302,TIGR01391,TIGR01393,TIGR01394,TIGR01510,TIGR01632,TIGR01951,TIGR01953,TIGR02012,TIGR02013,TIGR02027,TIGR02075,TIGR02191,TIGR02273,TIGR02350,TIGR02386,TIGR02397,TIGR02432,TIGR02729,TIGR03263,TIGR03594,TIGR03625,TIGR03632,TIGR03654,TIGR03723,TIGR03725,TIGR03953	TIGR00382,TIGR00928		TIGR00810,TIGR00964
GCF_022678455.1_genome	116	2	0	2	PF00380.20,PF00410.20,PF00466.21,PF01025.20,PF02576.18,PF03726.15,TIGR00006,TIGR00019,TIGR00020,TIGR00029,TIGR00043,TIGR00054,TIGR00059,TIGR00061,TIGR00064,TIGR00065,TIGR00082,TIGR00083,TIGR00084,TIGR00086,TIGR00088,TIGR00090,TIGR00092,TIGR00095,TIGR00115,TIGR00116,TIGR00138,TIGR00158,TIGR00166,TIGR00168,TIGR00186,TIGR00194,TIGR00250,TIGR00337,TIGR00344,TIGR00362,TIGR00392,TIGR00396,TIGR00398,TIGR00414,TIGR00416,TIGR00420,TIGR00431,TIGR00435,TIGR00436,TIGR00442,TIGR00445,TIGR00456,TIGR00459,TIGR00460,TIGR00468,TIGR00472,TIGR00487,TIGR00496,TIGR00539,TIGR00580,TIGR00593,TIGR00615,TIGR00631,TIGR00634,TIGR00635,TIGR00643,TIGR00663,TIGR00717,TIGR00755,TIGR00922,TIGR00959,TIGR00963,TIGR00967,TIGR01009,TIGR01011,TIGR01017,TIGR01021,TIGR01029,TIGR01032,TIGR01039,TIGR01044,TIGR01059,TIGR01063,TIGR01066,TIGR01071,TIGR01079,TIGR01082,TIGR01087,TIGR01128,TIGR01146,TIGR01164,TIGR01169,TIGR01171,TIGR01302,TIGR01391,TIGR01393,TIGR01394,TIGR01510,TIGR01632,TIGR01951,TIGR01953,TIGR02012,TIGR02013,TIGR02027,TIGR02075,TIGR02191,TIGR02273,TIGR02350,TIGR02386,TIGR02397,TIGR02432,TIGR02729,TIGR03263,TIGR03594,TIGR03625,TIGR03632,TIGR03654,TIGR03723,TIGR03725,TIGR03953	TIGR00382,TIGR00928		TIGR00810,TIGR00964
GCF_023074215.1_genome	116	2	0	2	PF00380.20,PF00410.20,PF00466.21,PF01025.20,PF02576.18,PF03726.15,TIGR00006,TIGR00019,TIGR00020,TIGR00029,TIGR00043,TIGR00054,TIGR00059,TIGR00061,TIGR00064,TIGR00065,TIGR00082,TIGR00083,TIGR00084,TIGR00086,TIGR00088,TIGR00090,TIGR00092,TIGR00095,TIGR00115,TIGR00116,TIGR00138,TIGR00158,TIGR00166,TIGR00168,TIGR00186,TIGR00194,TIGR00250,TIGR00337,TIGR00344,TIGR00362,TIGR00392,TIGR00396,TIGR00398,TIGR00414,TIGR00416,TIGR00420,TIGR00431,TIGR00435,TIGR00436,TIGR00442,TIGR00445,TIGR00456,TIGR00459,TIGR00460,TIGR00468,TIGR00472,TIGR00487,TIGR00496,TIGR00539,TIGR00580,TIGR00593,TIGR00615,TIGR00631,TIGR00634,TIGR00635,TIGR00643,TIGR00663,TIGR00717,TIGR00755,TIGR00922,TIGR00959,TIGR00963,TIGR00967,TIGR01009,TIGR01011,TIGR01017,TIGR01021,TIGR01029,TIGR01032,TIGR01039,TIGR01044,TIGR01059,TIGR01063,TIGR01066,TIGR01071,TIGR01079,TIGR01082,TIGR01087,TIGR01128,TIGR01146,TIGR01164,TIGR01169,TIGR01171,TIGR01302,TIGR01391,TIGR01393,TIGR01394,TIGR01510,TIGR01632,TIGR01951,TIGR01953,TIGR02012,TIGR02013,TIGR02027,TIGR02075,TIGR02191,TIGR02273,TIGR02350,TIGR02386,TIGR02397,TIGR02432,TIGR02729,TIGR03263,TIGR03594,TIGR03625,TIGR03632,TIGR03654,TIGR03723,TIGR03725,TIGR03953	TIGR00382,TIGR00928		TIGR00810,TIGR00964
GCF_023074255.1_genome	116	2	0	2	PF00380.20,PF00410.20,PF00466.21,PF01025.20,PF02576.18,PF03726.15,TIGR00006,TIGR00019,TIGR00020,TIGR00029,TIGR00043,TIGR00054,TIGR00059,TIGR00061,TIGR00064,TIGR00065,TIGR00082,TIGR00083,TIGR00084,TIGR00086,TIGR00088,TIGR00090,TIGR00092,TIGR00095,TIGR00115,TIGR00116,TIGR00138,TIGR00158,TIGR00166,TIGR00168,TIGR00186,TIGR00194,TIGR00250,TIGR00337,TIGR00344,TIGR00362,TIGR00392,TIGR00396,TIGR00398,TIGR00414,TIGR00416,TIGR00420,TIGR00431,TIGR00435,TIGR00436,TIGR00442,TIGR00445,TIGR00456,TIGR00459,TIGR00460,TIGR00468,TIGR00472,TIGR00487,TIGR00496,TIGR00539,TIGR00580,TIGR00593,TIGR00615,TIGR00631,TIGR00634,TIGR00635,TIGR00643,TIGR00663,TIGR00717,TIGR00755,TIGR00922,TIGR00959,TIGR00963,TIGR00967,TIGR01009,TIGR01011,TIGR01017,TIGR01021,TIGR01029,TIGR01032,TIGR01039,TIGR01044,TIGR01059,TIGR01063,TIGR01066,TIGR01071,TIGR01079,TIGR01082,TIGR01087,TIGR01128,TIGR01146,TIGR01164,TIGR01169,TIGR01171,TIGR01302,TIGR01391,TIGR01393,TIGR01394,TIGR01510,TIGR01632,TIGR01951,TIGR01953,TIGR02012,TIGR02013,TIGR02027,TIGR02075,TIGR02191,TIGR02273,TIGR02350,TIGR02386,TIGR02397,TIGR02432,TIGR02729,TIGR03263,TIGR03594,TIGR03625,TIGR03632,TIGR03654,TIGR03723,TIGR03725,TIGR03953	TIGR00382,TIGR00928		TIGR00810,TIGR00964
GCF_024126375.1_genome	116	2	0	2	PF00380.20,PF00410.20,PF00466.21,PF01025.20,PF02576.18,PF03726.15,TIGR00006,TIGR00019,TIGR00020,TIGR00029,TIGR00043,TIGR00054,TIGR00059,TIGR00061,TIGR00064,TIGR00065,TIGR00082,TIGR00083,TIGR00084,TIGR00086,TIGR00088,TIGR00090,TIGR00092,TIGR00095,TIGR00115,TIGR00116,TIGR00138,TIGR00158,TIGR00166,TIGR00168,TIGR00186,TIGR00194,TIGR00250,TIGR00337,TIGR00344,TIGR00362,TIGR00392,TIGR00396,TIGR00398,TIGR00414,TIGR00416,TIGR00420,TIGR00431,TIGR00435,TIGR00436,TIGR00442,TIGR00445,TIGR00456,TIGR00459,TIGR00460,TIGR00468,TIGR00472,TIGR00487,TIGR00496,TIGR00539,TIGR00580,TIGR00593,TIGR00615,TIGR00631,TIGR00634,TIGR00635,TIGR00643,TIGR00663,TIGR00717,TIGR00755,TIGR00922,TIGR00959,TIGR00963,TIGR00967,TIGR01009,TIGR01011,TIGR01017,TIGR01021,TIGR01029,TIGR01032,TIGR01039,TIGR01044,TIGR01059,TIGR01063,TIGR01066,TIGR01071,TIGR01079,TIGR01082,TIGR01087,TIGR01128,TIGR01146,TIGR01164,TIGR01169,TIGR01171,TIGR01302,TIGR01391,TIGR01393,TIGR01394,TIGR01510,TIGR01632,TIGR01951,TIGR01953,TIGR02012,TIGR02013,TIGR02027,TIGR02075,TIGR02191,TIGR02273,TIGR02350,TIGR02386,TIGR02397,TIGR02432,TIGR02729,TIGR03263,TIGR03594,TIGR03625,TIGR03632,TIGR03654,TIGR03723,TIGR03725,TIGR03953	TIGR00382,TIGR00928		TIGR00810,TIGR00964
GCF_024126385.1_genome	116	2	0	2	PF00380.20,PF00410.20,PF00466.21,PF01025.20,PF02576.18,PF03726.15,TIGR00006,TIGR00019,TIGR00020,TIGR00029,TIGR00043,TIGR00054,TIGR00059,TIGR00061,TIGR00064,TIGR00065,TIGR00082,TIGR00083,TIGR00084,TIGR00086,TIGR00088,TIGR00090,TIGR00092,TIGR00095,TIGR00115,TIGR00116,TIGR00138,TIGR00158,TIGR00166,TIGR00168,TIGR00186,TIGR00194,TIGR00250,TIGR00337,TIGR00344,TIGR00362,TIGR00392,TIGR00396,TIGR00398,TIGR00414,TIGR00416,TIGR00420,TIGR00431,TIGR00435,TIGR00436,TIGR00442,TIGR00445,TIGR00456,TIGR00459,TIGR00460,TIGR00468,TIGR00472,TIGR00487,TIGR00496,TIGR00539,TIGR00580,TIGR00593,TIGR00615,TIGR00631,TIGR00634,TIGR00635,TIGR00643,TIGR00663,TIGR00717,TIGR00755,TIGR00922,TIGR00959,TIGR00963,TIGR00967,TIGR01009,TIGR01011,TIGR01017,TIGR01021,TIGR01029,TIGR01032,TIGR01039,TIGR01044,TIGR01059,TIGR01063,TIGR01066,TIGR01071,TIGR01079,TIGR01082,TIGR01087,TIGR01128,TIGR01146,TIGR01164,TIGR01169,TIGR01171,TIGR01302,TIGR01391,TIGR01393,TIGR01394,TIGR01510,TIGR01632,TIGR01951,TIGR01953,TIGR02012,TIGR02013,TIGR02027,TIGR02075,TIGR02191,TIGR02273,TIGR02350,TIGR02386,TIGR02397,TIGR02432,TIGR02729,TIGR03263,TIGR03594,TIGR03625,TIGR03632,TIGR03654,TIGR03723,TIGR03725,TIGR03953	TIGR00382,TIGR00928		TIGR00810,TIGR00964
GCF_024126485.1_genome	116	2	0	2	PF00380.20,PF00410.20,PF00466.21,PF01025.20,PF02576.18,PF03726.15,TIGR00006,TIGR00019,TIGR00020,TIGR00029,TIGR00043,TIGR00054,TIGR00059,TIGR00061,TIGR00064,TIGR00065,TIGR00082,TIGR00083,TIGR00084,TIGR00086,TIGR00088,TIGR00090,TIGR00092,TIGR00095,TIGR00115,TIGR00116,TIGR00138,TIGR00158,TIGR00166,TIGR00168,TIGR00186,TIGR00194,TIGR00250,TIGR00337,TIGR00344,TIGR00362,TIGR00392,TIGR00396,TIGR00398,TIGR00414,TIGR00416,TIGR00420,TIGR00431,TIGR00435,TIGR00436,TIGR00442,TIGR00445,TIGR00456,TIGR00459,TIGR00460,TIGR00468,TIGR00472,TIGR00487,TIGR00496,TIGR00539,TIGR00580,TIGR00593,TIGR00615,TIGR00631,TIGR00634,TIGR00635,TIGR00643,TIGR00663,TIGR00717,TIGR00755,TIGR00922,TIGR00959,TIGR00963,TIGR00967,TIGR01009,TIGR01011,TIGR01017,TIGR01021,TIGR01029,TIGR01032,TIGR01039,TIGR01044,TIGR01059,TIGR01063,TIGR01066,TIGR01071,TIGR01079,TIGR01082,TIGR01087,TIGR01128,TIGR01146,TIGR01164,TIGR01169,TIGR01171,TIGR01302,TIGR01391,TIGR01393,TIGR01394,TIGR01510,TIGR01632,TIGR01951,TIGR01953,TIGR02012,TIGR02013,TIGR02027,TIGR02075,TIGR02191,TIGR02273,TIGR02350,TIGR02386,TIGR02397,TIGR02432,TIGR02729,TIGR03263,TIGR03594,TIGR03625,TIGR03632,TIGR03654,TIGR03723,TIGR03725,TIGR03953	TIGR00382,TIGR00928		TIGR00810,TIGR00964
GCF_024126655.1_genome	116	2	0	2	PF00380.20,PF00410.20,PF00466.21,PF01025.20,PF02576.18,PF03726.15,TIGR00006,TIGR00019,TIGR00020,TIGR00029,TIGR00043,TIGR00054,TIGR00059,TIGR00061,TIGR00064,TIGR00065,TIGR00082,TIGR00083,TIGR00084,TIGR00086,TIGR00088,TIGR00090,TIGR00092,TIGR00095,TIGR00115,TIGR00116,TIGR00138,TIGR00158,TIGR00166,TIGR00168,TIGR00186,TIGR00194,TIGR00250,TIGR00337,TIGR00344,TIGR00362,TIGR00392,TIGR00396,TIGR00398,TIGR00414,TIGR00416,TIGR00420,TIGR00431,TIGR00435,TIGR00436,TIGR00442,TIGR00445,TIGR00456,TIGR00459,TIGR00460,TIGR00468,TIGR00472,TIGR00487,TIGR00496,TIGR00539,TIGR00580,TIGR00593,TIGR00615,TIGR00631,TIGR00634,TIGR00635,TIGR00643,TIGR00663,TIGR00717,TIGR00755,TIGR00922,TIGR00959,TIGR00963,TIGR00967,TIGR01009,TIGR01011,TIGR01017,TIGR01021,TIGR01029,TIGR01032,TIGR01039,TIGR01044,TIGR01059,TIGR01063,TIGR01066,TIGR01071,TIGR01079,TIGR01082,TIGR01087,TIGR01128,TIGR01146,TIGR01164,TIGR01169,TIGR01171,TIGR01302,TIGR01391,TIGR01393,TIGR01394,TIGR01510,TIGR01632,TIGR01951,TIGR01953,TIGR02012,TIGR02013,TIGR02027,TIGR02075,TIGR02191,TIGR02273,TIGR02350,TIGR02386,TIGR02397,TIGR02432,TIGR02729,TIGR03263,TIGR03594,TIGR03625,TIGR03632,TIGR03654,TIGR03723,TIGR03725,TIGR03953	TIGR00382,TIGR00928		TIGR00810,TIGR00964
GCF_024127515.1_genome	116	2	0	2	PF00380.20,PF00410.20,PF00466.21,PF01025.20,PF02576.18,PF03726.15,TIGR00006,TIGR00019,TIGR00020,TIGR00029,TIGR00043,TIGR00054,TIGR00059,TIGR00061,TIGR00064,TIGR00065,TIGR00082,TIGR00083,TIGR00084,TIGR00086,TIGR00088,TIGR00090,TIGR00092,TIGR00095,TIGR00115,TIGR00116,TIGR00138,TIGR00158,TIGR00166,TIGR00168,TIGR00186,TIGR00194,TIGR00250,TIGR00337,TIGR00344,TIGR00362,TIGR00392,TIGR00396,TIGR00398,TIGR00414,TIGR00416,TIGR00420,TIGR00431,TIGR00435,TIGR00436,TIGR00442,TIGR00445,TIGR00456,TIGR00459,TIGR00460,TIGR00468,TIGR00472,TIGR00487,TIGR00496,TIGR00539,TIGR00580,TIGR00593,TIGR00615,TIGR00631,TIGR00634,TIGR00635,TIGR00643,TIGR00663,TIGR00717,TIGR00755,TIGR00922,TIGR00959,TIGR00963,TIGR00967,TIGR01009,TIGR01011,TIGR01017,TIGR01021,TIGR01029,TIGR01032,TIGR01039,TIGR01044,TIGR01059,TIGR01063,TIGR01066,TIGR01071,TIGR01079,TIGR01082,TIGR01087,TIGR01128,TIGR01146,TIGR01164,TIGR01169,TIGR01171,TIGR01302,TIGR01391,TIGR01393,TIGR01394,TIGR01510,TIGR01632,TIGR01951,TIGR01953,TIGR02012,TIGR02013,TIGR02027,TIGR02075,TIGR02191,TIGR02273,TIGR02350,TIGR02386,TIGR02397,TIGR02432,TIGR02729,TIGR03263,TIGR03594,TIGR03625,TIGR03632,TIGR03654,TIGR03723,TIGR03725,TIGR03953	TIGR00382,TIGR00928		TIGR00810,TIGR00964
GCF_024127525.1_genome	116	2	0	2	PF00380.20,PF00410.20,PF00466.21,PF01025.20,PF02576.18,PF03726.15,TIGR00006,TIGR00019,TIGR00020,TIGR00029,TIGR00043,TIGR00054,TIGR00059,TIGR00061,TIGR00064,TIGR00065,TIGR00082,TIGR00083,TIGR00084,TIGR00086,TIGR00088,TIGR00090,TIGR00092,TIGR00095,TIGR00115,TIGR00116,TIGR00138,TIGR00158,TIGR00166,TIGR00168,TIGR00186,TIGR00194,TIGR00250,TIGR00337,TIGR00344,TIGR00362,TIGR00392,TIGR00396,TIGR00398,TIGR00414,TIGR00416,TIGR00420,TIGR00431,TIGR00435,TIGR00436,TIGR00442,TIGR00445,TIGR00456,TIGR00459,TIGR00460,TIGR00468,TIGR00472,TIGR00487,TIGR00496,TIGR00539,TIGR00580,TIGR00593,TIGR00615,TIGR00631,TIGR00634,TIGR00635,TIGR00643,TIGR00663,TIGR00717,TIGR00755,TIGR00922,TIGR00959,TIGR00963,TIGR00967,TIGR01009,TIGR01011,TIGR01017,TIGR01021,TIGR01029,TIGR01032,TIGR01039,TIGR01044,TIGR01059,TIGR01063,TIGR01066,TIGR01071,TIGR01079,TIGR01082,TIGR01087,TIGR01128,TIGR01146,TIGR01164,TIGR01169,TIGR01171,TIGR01302,TIGR01391,TIGR01393,TIGR01394,TIGR01510,TIGR01632,TIGR01951,TIGR01953,TIGR02012,TIGR02013,TIGR02027,TIGR02075,TIGR02191,TIGR02273,TIGR02350,TIGR02386,TIGR02397,TIGR02432,TIGR02729,TIGR03263,TIGR03594,TIGR03625,TIGR03632,TIGR03654,TIGR03723,TIGR03725,TIGR03953	TIGR00382,TIGR00928		TIGR00810,TIGR00964
GCF_024127575.1_genome	115	3	0	2	PF00380.20,PF00410.20,PF00466.21,PF01025.20,PF02576.18,PF03726.15,TIGR00006,TIGR00019,TIGR00020,TIGR00029,TIGR00043,TIGR00054,TIGR00059,TIGR00061,TIGR00064,TIGR00065,TIGR00082,TIGR00083,TIGR00084,TIGR00086,TIGR00088,TIGR00090,TIGR00092,TIGR00095,TIGR00116,TIGR00138,TIGR00158,TIGR00166,TIGR00168,TIGR00186,TIGR00194,TIGR00250,TIGR00337,TIGR00344,TIGR00362,TIGR00392,TIGR00396,TIGR00398,TIGR00414,TIGR00416,TIGR00420,TIGR00431,TIGR00435,TIGR00436,TIGR00442,TIGR00445,TIGR00456,TIGR00459,TIGR00460,TIGR00468,TIGR00472,TIGR00487,TIGR00496,TIGR00539,TIGR00580,TIGR00593,TIGR00615,TIGR00631,TIGR00634,TIGR00635,TIGR00643,TIGR00663,TIGR00717,TIGR00755,TIGR00922,TIGR00959,TIGR00963,TIGR00967,TIGR01009,TIGR01011,TIGR01017,TIGR01021,TIGR01029,TIGR01032,TIGR01039,TIGR01044,TIGR01059,TIGR01063,TIGR01066,TIGR01071,TIGR01079,TIGR01082,TIGR01087,TIGR01128,TIGR01146,TIGR01164,TIGR01169,TIGR01171,TIGR01302,TIGR01391,TIGR01393,TIGR01394,TIGR01510,TIGR01632,TIGR01951,TIGR01953,TIGR02012,TIGR02013,TIGR02027,TIGR02075,TIGR02191,TIGR02273,TIGR02350,TIGR02386,TIGR02397,TIGR02432,TIGR02729,TIGR03263,TIGR03594,TIGR03625,TIGR03632,TIGR03654,TIGR03723,TIGR03725,TIGR03953	TIGR00115,TIGR00382,TIGR00928		TIGR00810,TIGR00964
GCF_024127595.1_genome	116	2	0	2	PF00380.20,PF00410.20,PF00466.21,PF01025.20,PF02576.18,PF03726.15,TIGR00006,TIGR00019,TIGR00020,TIGR00029,TIGR00043,TIGR00054,TIGR00059,TIGR00061,TIGR00064,TIGR00065,TIGR00082,TIGR00083,TIGR00084,TIGR00086,TIGR00088,TIGR00090,TIGR00092,TIGR00095,TIGR00115,TIGR00116,TIGR00138,TIGR00158,TIGR00166,TIGR00168,TIGR00186,TIGR00194,TIGR00250,TIGR00337,TIGR00344,TIGR00362,TIGR00392,TIGR00396,TIGR00398,TIGR00414,TIGR00416,TIGR00420,TIGR00431,TIGR00435,TIGR00436,TIGR00442,TIGR00445,TIGR00456,TIGR00459,TIGR00460,TIGR00468,TIGR00472,TIGR00487,TIGR00496,TIGR00539,TIGR00580,TIGR00593,TIGR00615,TIGR00631,TIGR00634,TIGR00635,TIGR00643,TIGR00663,TIGR00717,TIGR00755,TIGR00922,TIGR00959,TIGR00963,TIGR00967,TIGR01009,TIGR01011,TIGR01017,TIGR01021,TIGR01029,TIGR01032,TIGR01039,TIGR01044,TIGR01059,TIGR01063,TIGR01066,TIGR01071,TIGR01079,TIGR01082,TIGR01087,TIGR01128,TIGR01146,TIGR01164,TIGR01169,TIGR01171,TIGR01302,TIGR01391,TIGR01393,TIGR01394,TIGR01510,TIGR01632,TIGR01951,TIGR01953,TIGR02012,TIGR02013,TIGR02027,TIGR02075,TIGR02191,TIGR02273,TIGR02350,TIGR02386,TIGR02397,TIGR02432,TIGR02729,TIGR03263,TIGR03594,TIGR03625,TIGR03632,TIGR03654,TIGR03723,TIGR03725,TIGR03953	TIGR00382,TIGR00928		TIGR00810,TIGR00964
GCF_024127605.1_genome	116	2	0	2	PF00380.20,PF00410.20,PF00466.21,PF01025.20,PF02576.18,PF03726.15,TIGR00006,TIGR00019,TIGR00020,TIGR00029,TIGR00043,TIGR00054,TIGR00059,TIGR00061,TIGR00064,TIGR00065,TIGR00082,TIGR00083,TIGR00084,TIGR00086,TIGR00088,TIGR00090,TIGR00092,TIGR00095,TIGR00115,TIGR00116,TIGR00138,TIGR00158,TIGR00166,TIGR00168,TIGR00186,TIGR00194,TIGR00250,TIGR00337,TIGR00344,TIGR00362,TIGR00392,TIGR00396,TIGR00398,TIGR00414,TIGR00416,TIGR00420,TIGR00431,TIGR00435,TIGR00436,TIGR00442,TIGR00445,TIGR00456,TIGR00459,TIGR00460,TIGR00468,TIGR00472,TIGR00487,TIGR00496,TIGR00539,TIGR00580,TIGR00593,TIGR00615,TIGR00631,TIGR00634,TIGR00635,TIGR00643,TIGR00663,TIGR00717,TIGR00755,TIGR00922,TIGR00959,TIGR00963,TIGR00967,TIGR01009,TIGR01011,TIGR01017,TIGR01021,TIGR01029,TIGR01032,TIGR01039,TIGR01044,TIGR01059,TIGR01063,TIGR01066,TIGR01071,TIGR01079,TIGR01082,TIGR01087,TIGR01128,TIGR01146,TIGR01164,TIGR01169,TIGR01171,TIGR01302,TIGR01391,TIGR01393,TIGR01394,TIGR01510,TIGR01632,TIGR01951,TIGR01953,TIGR02012,TIGR02013,TIGR02027,TIGR02075,TIGR02191,TIGR02273,TIGR02350,TIGR02386,TIGR02397,TIGR02432,TIGR02729,TIGR03263,TIGR03594,TIGR03625,TIGR03632,TIGR03654,TIGR03723,TIGR03725,TIGR03953	TIGR00382,TIGR00928		TIGR00810,TIGR00964
GCF_024127635.1_genome	116	2	0	2	PF00380.20,PF00410.20,PF00466.21,PF01025.20,PF02576.18,PF03726.15,TIGR00006,TIGR00019,TIGR00020,TIGR00029,TIGR00043,TIGR00054,TIGR00059,TIGR00061,TIGR00064,TIGR00065,TIGR00082,TIGR00083,TIGR00084,TIGR00086,TIGR00088,TIGR00090,TIGR00092,TIGR00095,TIGR00115,TIGR00116,TIGR00138,TIGR00158,TIGR00166,TIGR00168,TIGR00186,TIGR00194,TIGR00250,TIGR00337,TIGR00344,TIGR00362,TIGR00392,TIGR00396,TIGR00398,TIGR00414,TIGR00416,TIGR00420,TIGR00431,TIGR00435,TIGR00436,TIGR00442,TIGR00445,TIGR00456,TIGR00459,TIGR00460,TIGR00468,TIGR00472,TIGR00487,TIGR00496,TIGR00539,TIGR00580,TIGR00593,TIGR00615,TIGR00631,TIGR00634,TIGR00635,TIGR00643,TIGR00663,TIGR00717,TIGR00755,TIGR00922,TIGR00959,TIGR00963,TIGR00967,TIGR01009,TIGR01011,TIGR01017,TIGR01021,TIGR01029,TIGR01032,TIGR01039,TIGR01044,TIGR01059,TIGR01063,TIGR01066,TIGR01071,TIGR01079,TIGR01082,TIGR01087,TIGR01128,TIGR01146,TIGR01164,TIGR01169,TIGR01171,TIGR01302,TIGR01391,TIGR01393,TIGR01394,TIGR01510,TIGR01632,TIGR01951,TIGR01953,TIGR02012,TIGR02013,TIGR02027,TIGR02075,TIGR02191,TIGR02273,TIGR02350,TIGR02386,TIGR02397,TIGR02432,TIGR02729,TIGR03263,TIGR03594,TIGR03625,TIGR03632,TIGR03654,TIGR03723,TIGR03725,TIGR03953	TIGR00382,TIGR00928		TIGR00810,TIGR00964
GCF_024127835.1_genome	116	2	0	2	PF00380.20,PF00410.20,PF00466.21,PF01025.20,PF02576.18,PF03726.15,TIGR00006,TIGR00019,TIGR00020,TIGR00029,TIGR00043,TIGR00054,TIGR00059,TIGR00061,TIGR00064,TIGR00065,TIGR00082,TIGR00083,TIGR00084,TIGR00086,TIGR00088,TIGR00090,TIGR00092,TIGR00095,TIGR00115,TIGR00116,TIGR00138,TIGR00158,TIGR00166,TIGR00168,TIGR00186,TIGR00194,TIGR00250,TIGR00337,TIGR00344,TIGR00362,TIGR00392,TIGR00396,TIGR00398,TIGR00414,TIGR00416,TIGR00420,TIGR00431,TIGR00435,TIGR00436,TIGR00442,TIGR00445,TIGR00456,TIGR00459,TIGR00460,TIGR00468,TIGR00472,TIGR00487,TIGR00496,TIGR00539,TIGR00580,TIGR00593,TIGR00615,TIGR00631,TIGR00634,TIGR00635,TIGR00643,TIGR00663,TIGR00717,TIGR00755,TIGR00922,TIGR00959,TIGR00963,TIGR00967,TIGR01009,TIGR01011,TIGR01017,TIGR01021,TIGR01029,TIGR01032,TIGR01039,TIGR01044,TIGR01059,TIGR01063,TIGR01066,TIGR01071,TIGR01079,TIGR01082,TIGR01087,TIGR01128,TIGR01146,TIGR01164,TIGR01169,TIGR01171,TIGR01302,TIGR01391,TIGR01393,TIGR01394,TIGR01510,TIGR01632,TIGR01951,TIGR01953,TIGR02012,TIGR02013,TIGR02027,TIGR02075,TIGR02191,TIGR02273,TIGR02350,TIGR02386,TIGR02397,TIGR02432,TIGR02729,TIGR03263,TIGR03594,TIGR03625,TIGR03632,TIGR03654,TIGR03723,TIGR03725,TIGR03953	TIGR00382,TIGR00928		TIGR00810,TIGR00964
GCF_024127845.1_genome	116	2	0	2	PF00380.20,PF00410.20,PF00466.21,PF01025.20,PF02576.18,PF03726.15,TIGR00006,TIGR00019,TIGR00020,TIGR00029,TIGR00043,TIGR00054,TIGR00059,TIGR00061,TIGR00064,TIGR00065,TIGR00082,TIGR00083,TIGR00084,TIGR00086,TIGR00088,TIGR00090,TIGR00092,TIGR00095,TIGR00115,TIGR00116,TIGR00138,TIGR00158,TIGR00166,TIGR00168,TIGR00186,TIGR00194,TIGR00250,TIGR00337,TIGR00344,TIGR00362,TIGR00392,TIGR00396,TIGR00398,TIGR00414,TIGR00416,TIGR00420,TIGR00431,TIGR00435,TIGR00436,TIGR00442,TIGR00445,TIGR00456,TIGR00459,TIGR00460,TIGR00468,TIGR00472,TIGR00487,TIGR00496,TIGR00539,TIGR00580,TIGR00593,TIGR00615,TIGR00631,TIGR00634,TIGR00635,TIGR00643,TIGR00663,TIGR00717,TIGR00755,TIGR00922,TIGR00959,TIGR00963,TIGR00967,TIGR01009,TIGR01011,TIGR01017,TIGR01021,TIGR01029,TIGR01032,TIGR01039,TIGR01044,TIGR01059,TIGR01063,TIGR01066,TIGR01071,TIGR01079,TIGR01082,TIGR01087,TIGR01128,TIGR01146,TIGR01164,TIGR01169,TIGR01171,TIGR01302,TIGR01391,TIGR01393,TIGR01394,TIGR01510,TIGR01632,TIGR01951,TIGR01953,TIGR02012,TIGR02013,TIGR02027,TIGR02075,TIGR02191,TIGR02273,TIGR02350,TIGR02386,TIGR02397,TIGR02432,TIGR02729,TIGR03263,TIGR03594,TIGR03625,TIGR03632,TIGR03654,TIGR03723,TIGR03725,TIGR03953	TIGR00382,TIGR00928		TIGR00810,TIGR00964
GCF_024127935.1_genome	116	2	0	2	PF00380.20,PF00410.20,PF00466.21,PF01025.20,PF02576.18,PF03726.15,TIGR00006,TIGR00019,TIGR00020,TIGR00029,TIGR00043,TIGR00054,TIGR00059,TIGR00061,TIGR00064,TIGR00065,TIGR00082,TIGR00083,TIGR00084,TIGR00086,TIGR00088,TIGR00090,TIGR00092,TIGR00095,TIGR00115,TIGR00116,TIGR00138,TIGR00158,TIGR00166,TIGR00168,TIGR00186,TIGR00194,TIGR00250,TIGR00337,TIGR00344,TIGR00362,TIGR00392,TIGR00396,TIGR00398,TIGR00414,TIGR00416,TIGR00420,TIGR00431,TIGR00435,TIGR00436,TIGR00442,TIGR00445,TIGR00456,TIGR00459,TIGR00460,TIGR00468,TIGR00472,TIGR00487,TIGR00496,TIGR00539,TIGR00580,TIGR00593,TIGR00615,TIGR00631,TIGR00634,TIGR00635,TIGR00643,TIGR00663,TIGR00717,TIGR00755,TIGR00922,TIGR00959,TIGR00963,TIGR00967,TIGR01009,TIGR01011,TIGR01017,TIGR01021,TIGR01029,TIGR01032,TIGR01039,TIGR01044,TIGR01059,TIGR01063,TIGR01066,TIGR01071,TIGR01079,TIGR01082,TIGR01087,TIGR01128,TIGR01146,TIGR01164,TIGR01169,TIGR01171,TIGR01302,TIGR01391,TIGR01393,TIGR01394,TIGR01510,TIGR01632,TIGR01951,TIGR01953,TIGR02012,TIGR02013,TIGR02027,TIGR02075,TIGR02191,TIGR02273,TIGR02350,TIGR02386,TIGR02397,TIGR02432,TIGR02729,TIGR03263,TIGR03594,TIGR03625,TIGR03632,TIGR03654,TIGR03723,TIGR03725,TIGR03953	TIGR00382,TIGR00928		TIGR00810,TIGR00964
GCF_024128095.1_genome	116	2	0	2	PF00380.20,PF00410.20,PF00466.21,PF01025.20,PF02576.18,PF03726.15,TIGR00006,TIGR00019,TIGR00020,TIGR00029,TIGR00043,TIGR00054,TIGR00059,TIGR00061,TIGR00064,TIGR00065,TIGR00082,TIGR00083,TIGR00084,TIGR00086,TIGR00088,TIGR00090,TIGR00092,TIGR00095,TIGR00115,TIGR00116,TIGR00138,TIGR00158,TIGR00166,TIGR00168,TIGR00186,TIGR00194,TIGR00250,TIGR00337,TIGR00344,TIGR00362,TIGR00392,TIGR00396,TIGR00398,TIGR00414,TIGR00416,TIGR00420,TIGR00431,TIGR00435,TIGR00436,TIGR00442,TIGR00445,TIGR00456,TIGR00459,TIGR00460,TIGR00468,TIGR00472,TIGR00487,TIGR00496,TIGR00539,TIGR00580,TIGR00593,TIGR00615,TIGR00631,TIGR00634,TIGR00635,TIGR00643,TIGR00663,TIGR00717,TIGR00755,TIGR00922,TIGR00959,TIGR00963,TIGR00967,TIGR01009,TIGR01011,TIGR01017,TIGR01021,TIGR01029,TIGR01032,TIGR01039,TIGR01044,TIGR01059,TIGR01063,TIGR01066,TIGR01071,TIGR01079,TIGR01082,TIGR01087,TIGR01128,TIGR01146,TIGR01164,TIGR01169,TIGR01171,TIGR01302,TIGR01391,TIGR01393,TIGR01394,TIGR01510,TIGR01632,TIGR01951,TIGR01953,TIGR02012,TIGR02013,TIGR02027,TIGR02075,TIGR02191,TIGR02273,TIGR02350,TIGR02386,TIGR02397,TIGR02432,TIGR02729,TIGR03263,TIGR03594,TIGR03625,TIGR03632,TIGR03654,TIGR03723,TIGR03725,TIGR03953	TIGR00382,TIGR00928		TIGR00810,TIGR00964
GCF_024128325.1_genome	116	2	0	2	PF00380.20,PF00410.20,PF00466.21,PF01025.20,PF02576.18,PF03726.15,TIGR00006,TIGR00019,TIGR00020,TIGR00029,TIGR00043,TIGR00054,TIGR00059,TIGR00061,TIGR00064,TIGR00065,TIGR00082,TIGR00083,TIGR00084,TIGR00086,TIGR00088,TIGR00090,TIGR00092,TIGR00095,TIGR00115,TIGR00116,TIGR00138,TIGR00158,TIGR00166,TIGR00168,TIGR00186,TIGR00194,TIGR00250,TIGR00337,TIGR00344,TIGR00362,TIGR00392,TIGR00396,TIGR00398,TIGR00414,TIGR00416,TIGR00420,TIGR00431,TIGR00435,TIGR00436,TIGR00442,TIGR00445,TIGR00456,TIGR00459,TIGR00460,TIGR00468,TIGR00472,TIGR00487,TIGR00496,TIGR00539,TIGR00580,TIGR00593,TIGR00615,TIGR00631,TIGR00634,TIGR00635,TIGR00643,TIGR00663,TIGR00717,TIGR00755,TIGR00922,TIGR00959,TIGR00963,TIGR00967,TIGR01009,TIGR01011,TIGR01017,TIGR01021,TIGR01029,TIGR01032,TIGR01039,TIGR01044,TIGR01059,TIGR01063,TIGR01066,TIGR01071,TIGR01079,TIGR01082,TIGR01087,TIGR01128,TIGR01146,TIGR01164,TIGR01169,TIGR01171,TIGR01302,TIGR01391,TIGR01393,TIGR01394,TIGR01510,TIGR01632,TIGR01951,TIGR01953,TIGR02012,TIGR02013,TIGR02027,TIGR02075,TIGR02191,TIGR02273,TIGR02350,TIGR02386,TIGR02397,TIGR02432,TIGR02729,TIGR03263,TIGR03594,TIGR03625,TIGR03632,TIGR03654,TIGR03723,TIGR03725,TIGR03953	TIGR00382,TIGR00928		TIGR00810,TIGR00964
GCF_025040515.1_genome	116	2	0	2	PF00380.20,PF00410.20,PF00466.21,PF01025.20,PF02576.18,PF03726.15,TIGR00006,TIGR00019,TIGR00020,TIGR00029,TIGR00043,TIGR00054,TIGR00059,TIGR00061,TIGR00064,TIGR00065,TIGR00082,TIGR00083,TIGR00084,TIGR00086,TIGR00088,TIGR00090,TIGR00092,TIGR00095,TIGR00115,TIGR00116,TIGR00138,TIGR00158,TIGR00166,TIGR00168,TIGR00186,TIGR00194,TIGR00250,TIGR00337,TIGR00344,TIGR00362,TIGR00392,TIGR00396,TIGR00398,TIGR00414,TIGR00416,TIGR00420,TIGR00431,TIGR00435,TIGR00436,TIGR00442,TIGR00445,TIGR00456,TIGR00459,TIGR00460,TIGR00468,TIGR00472,TIGR00487,TIGR00496,TIGR00539,TIGR00580,TIGR00593,TIGR00615,TIGR00631,TIGR00634,TIGR00635,TIGR00643,TIGR00663,TIGR00717,TIGR00755,TIGR00922,TIGR00959,TIGR00963,TIGR00967,TIGR01009,TIGR01011,TIGR01017,TIGR01021,TIGR01029,TIGR01032,TIGR01039,TIGR01044,TIGR01059,TIGR01063,TIGR01066,TIGR01071,TIGR01079,TIGR01082,TIGR01087,TIGR01128,TIGR01146,TIGR01164,TIGR01169,TIGR01171,TIGR01302,TIGR01391,TIGR01393,TIGR01394,TIGR01510,TIGR01632,TIGR01951,TIGR01953,TIGR02012,TIGR02013,TIGR02027,TIGR02075,TIGR02191,TIGR02273,TIGR02350,TIGR02386,TIGR02397,TIGR02432,TIGR02729,TIGR03263,TIGR03594,TIGR03625,TIGR03632,TIGR03654,TIGR03723,TIGR03725,TIGR03953	TIGR00382,TIGR00928		TIGR00810,TIGR00964
GCF_025370235.1_genome	114	4	0	2	PF00380.20,PF00410.20,PF00466.21,PF01025.20,PF02576.18,PF03726.15,TIGR00006,TIGR00019,TIGR00020,TIGR00029,TIGR00043,TIGR00054,TIGR00059,TIGR00061,TIGR00064,TIGR00065,TIGR00082,TIGR00083,TIGR00084,TIGR00086,TIGR00088,TIGR00090,TIGR00092,TIGR00095,TIGR00115,TIGR00116,TIGR00138,TIGR00158,TIGR00166,TIGR00168,TIGR00186,TIGR00194,TIGR00250,TIGR00337,TIGR00344,TIGR00362,TIGR00392,TIGR00396,TIGR00398,TIGR00414,TIGR00416,TIGR00420,TIGR00431,TIGR00435,TIGR00436,TIGR00442,TIGR00445,TIGR00456,TIGR00459,TIGR00460,TIGR00468,TIGR00472,TIGR00487,TIGR00496,TIGR00539,TIGR00580,TIGR00593,TIGR00615,TIGR00631,TIGR00634,TIGR00635,TIGR00643,TIGR00717,TIGR00755,TIGR00922,TIGR00959,TIGR00963,TIGR00967,TIGR01009,TIGR01011,TIGR01017,TIGR01021,TIGR01029,TIGR01032,TIGR01039,TIGR01044,TIGR01059,TIGR01063,TIGR01066,TIGR01071,TIGR01079,TIGR01082,TIGR01087,TIGR01128,TIGR01146,TIGR01164,TIGR01169,TIGR01171,TIGR01302,TIGR01391,TIGR01393,TIGR01394,TIGR01510,TIGR01632,TIGR01951,TIGR01953,TIGR02013,TIGR02027,TIGR02075,TIGR02191,TIGR02273,TIGR02350,TIGR02386,TIGR02397,TIGR02432,TIGR02729,TIGR03263,TIGR03594,TIGR03625,TIGR03632,TIGR03654,TIGR03723,TIGR03725,TIGR03953	TIGR00382,TIGR00663,TIGR00928,TIGR02012		TIGR00810,TIGR00964
GCF_025791095.1_genome	115	3	0	2	PF00380.20,PF00410.20,PF00466.21,PF01025.20,PF02576.18,PF03726.15,TIGR00006,TIGR00019,TIGR00020,TIGR00029,TIGR00043,TIGR00054,TIGR00059,TIGR00061,TIGR00064,TIGR00065,TIGR00082,TIGR00083,TIGR00084,TIGR00086,TIGR00088,TIGR00090,TIGR00092,TIGR00095,TIGR00115,TIGR00116,TIGR00138,TIGR00158,TIGR00166,TIGR00168,TIGR00186,TIGR00194,TIGR00250,TIGR00337,TIGR00344,TIGR00362,TIGR00392,TIGR00396,TIGR00398,TIGR00414,TIGR00416,TIGR00420,TIGR00431,TIGR00435,TIGR00436,TIGR00442,TIGR00445,TIGR00456,TIGR00459,TIGR00460,TIGR00468,TIGR00472,TIGR00487,TIGR00496,TIGR00539,TIGR00580,TIGR00593,TIGR00615,TIGR00634,TIGR00635,TIGR00643,TIGR00663,TIGR00717,TIGR00755,TIGR00922,TIGR00959,TIGR00963,TIGR00967,TIGR01009,TIGR01011,TIGR01017,TIGR01021,TIGR01029,TIGR01032,TIGR01039,TIGR01044,TIGR01059,TIGR01063,TIGR01066,TIGR01071,TIGR01079,TIGR01082,TIGR01087,TIGR01128,TIGR01146,TIGR01164,TIGR01169,TIGR01171,TIGR01302,TIGR01391,TIGR01393,TIGR01394,TIGR01510,TIGR01632,TIGR01951,TIGR01953,TIGR02012,TIGR02013,TIGR02027,TIGR02075,TIGR02191,TIGR02273,TIGR02350,TIGR02386,TIGR02397,TIGR02432,TIGR02729,TIGR03263,TIGR03594,TIGR03625,TIGR03632,TIGR03654,TIGR03723,TIGR03725,TIGR03953	TIGR00382,TIGR00631,TIGR00928		TIGR00810,TIGR00964
GCF_025791105.1_genome	116	2	0	2	PF00380.20,PF00410.20,PF00466.21,PF01025.20,PF02576.18,PF03726.15,TIGR00006,TIGR00019,TIGR00020,TIGR00029,TIGR00043,TIGR00054,TIGR00059,TIGR00061,TIGR00064,TIGR00065,TIGR00082,TIGR00083,TIGR00084,TIGR00086,TIGR00088,TIGR00090,TIGR00092,TIGR00095,TIGR00115,TIGR00116,TIGR00138,TIGR00158,TIGR00166,TIGR00168,TIGR00186,TIGR00194,TIGR00250,TIGR00337,TIGR00344,TIGR00362,TIGR00392,TIGR00396,TIGR00398,TIGR00414,TIGR00416,TIGR00420,TIGR00431,TIGR00435,TIGR00436,TIGR00442,TIGR00445,TIGR00456,TIGR00459,TIGR00460,TIGR00468,TIGR00472,TIGR00487,TIGR00496,TIGR00539,TIGR00580,TIGR00593,TIGR00615,TIGR00631,TIGR00634,TIGR00635,TIGR00643,TIGR00663,TIGR00717,TIGR00755,TIGR00922,TIGR00959,TIGR00963,TIGR00967,TIGR01009,TIGR01011,TIGR01017,TIGR01021,TIGR01029,TIGR01032,TIGR01039,TIGR01044,TIGR01059,TIGR01063,TIGR01066,TIGR01071,TIGR01079,TIGR01082,TIGR01087,TIGR01128,TIGR01146,TIGR01164,TIGR01169,TIGR01171,TIGR01302,TIGR01391,TIGR01393,TIGR01394,TIGR01510,TIGR01632,TIGR01951,TIGR01953,TIGR02012,TIGR02013,TIGR02027,TIGR02075,TIGR02191,TIGR02273,TIGR02350,TIGR02386,TIGR02397,TIGR02432,TIGR02729,TIGR03263,TIGR03594,TIGR03625,TIGR03632,TIGR03654,TIGR03723,TIGR03725,TIGR03953	TIGR00382,TIGR00928		TIGR00810,TIGR00964
GCF_025791115.1_genome	116	2	0	2	PF00380.20,PF00410.20,PF00466.21,PF01025.20,PF02576.18,PF03726.15,TIGR00006,TIGR00019,TIGR00020,TIGR00029,TIGR00043,TIGR00054,TIGR00059,TIGR00061,TIGR00064,TIGR00065,TIGR00082,TIGR00083,TIGR00084,TIGR00086,TIGR00088,TIGR00090,TIGR00092,TIGR00095,TIGR00115,TIGR00116,TIGR00138,TIGR00158,TIGR00166,TIGR00168,TIGR00186,TIGR00194,TIGR00250,TIGR00337,TIGR00344,TIGR00362,TIGR00392,TIGR00396,TIGR00398,TIGR00414,TIGR00416,TIGR00420,TIGR00431,TIGR00435,TIGR00436,TIGR00442,TIGR00445,TIGR00456,TIGR00459,TIGR00460,TIGR00468,TIGR00472,TIGR00487,TIGR00496,TIGR00539,TIGR00580,TIGR00593,TIGR00615,TIGR00631,TIGR00634,TIGR00635,TIGR00643,TIGR00663,TIGR00717,TIGR00755,TIGR00922,TIGR00959,TIGR00963,TIGR00967,TIGR01009,TIGR01011,TIGR01017,TIGR01021,TIGR01029,TIGR01032,TIGR01039,TIGR01044,TIGR01059,TIGR01063,TIGR01066,TIGR01071,TIGR01079,TIGR01082,TIGR01087,TIGR01128,TIGR01146,TIGR01164,TIGR01169,TIGR01171,TIGR01302,TIGR01391,TIGR01393,TIGR01394,TIGR01510,TIGR01632,TIGR01951,TIGR01953,TIGR02012,TIGR02013,TIGR02027,TIGR02075,TIGR02191,TIGR02273,TIGR02350,TIGR02386,TIGR02397,TIGR02432,TIGR02729,TIGR03263,TIGR03594,TIGR03625,TIGR03632,TIGR03654,TIGR03723,TIGR03725,TIGR03953	TIGR00382,TIGR00928		TIGR00810,TIGR00964
GCF_025791125.1_genome	116	2	0	2	PF00380.20,PF00410.20,PF00466.21,PF01025.20,PF02576.18,PF03726.15,TIGR00006,TIGR00019,TIGR00020,TIGR00029,TIGR00043,TIGR00054,TIGR00059,TIGR00061,TIGR00064,TIGR00065,TIGR00082,TIGR00083,TIGR00084,TIGR00086,TIGR00088,TIGR00090,TIGR00092,TIGR00095,TIGR00115,TIGR00116,TIGR00138,TIGR00158,TIGR00166,TIGR00168,TIGR00186,TIGR00194,TIGR00250,TIGR00337,TIGR00344,TIGR00362,TIGR00392,TIGR00396,TIGR00398,TIGR00414,TIGR00416,TIGR00420,TIGR00431,TIGR00435,TIGR00436,TIGR00442,TIGR00445,TIGR00456,TIGR00459,TIGR00460,TIGR00468,TIGR00472,TIGR00487,TIGR00496,TIGR00539,TIGR00580,TIGR00593,TIGR00615,TIGR00631,TIGR00634,TIGR00635,TIGR00643,TIGR00663,TIGR00717,TIGR00755,TIGR00922,TIGR00959,TIGR00963,TIGR00967,TIGR01009,TIGR01011,TIGR01017,TIGR01021,TIGR01029,TIGR01032,TIGR01039,TIGR01044,TIGR01059,TIGR01063,TIGR01066,TIGR01071,TIGR01079,TIGR01082,TIGR01087,TIGR01128,TIGR01146,TIGR01164,TIGR01169,TIGR01171,TIGR01302,TIGR01391,TIGR01393,TIGR01394,TIGR01510,TIGR01632,TIGR01951,TIGR01953,TIGR02012,TIGR02013,TIGR02027,TIGR02075,TIGR02191,TIGR02273,TIGR02350,TIGR02386,TIGR02397,TIGR02432,TIGR02729,TIGR03263,TIGR03594,TIGR03625,TIGR03632,TIGR03654,TIGR03723,TIGR03725,TIGR03953	TIGR00382,TIGR00928		TIGR00810,TIGR00964
GCF_025791145.1_genome	115	3	0	2	PF00380.20,PF00410.20,PF00466.21,PF01025.20,PF02576.18,PF03726.15,TIGR00006,TIGR00019,TIGR00020,TIGR00029,TIGR00043,TIGR00054,TIGR00059,TIGR00061,TIGR00064,TIGR00065,TIGR00082,TIGR00083,TIGR00084,TIGR00086,TIGR00088,TIGR00090,TIGR00092,TIGR00095,TIGR00115,TIGR00116,TIGR00138,TIGR00158,TIGR00166,TIGR00168,TIGR00186,TIGR00194,TIGR00250,TIGR00337,TIGR00344,TIGR00362,TIGR00392,TIGR00396,TIGR00398,TIGR00414,TIGR00416,TIGR00420,TIGR00431,TIGR00435,TIGR00436,TIGR00442,TIGR00445,TIGR00456,TIGR00459,TIGR00460,TIGR00468,TIGR00472,TIGR00487,TIGR00496,TIGR00539,TIGR00580,TIGR00593,TIGR00615,TIGR00634,TIGR00635,TIGR00643,TIGR00663,TIGR00717,TIGR00755,TIGR00922,TIGR00959,TIGR00963,TIGR00967,TIGR01009,TIGR01011,TIGR01017,TIGR01021,TIGR01029,TIGR01032,TIGR01039,TIGR01044,TIGR01059,TIGR01063,TIGR01066,TIGR01071,TIGR01079,TIGR01082,TIGR01087,TIGR01128,TIGR01146,TIGR01164,TIGR01169,TIGR01171,TIGR01302,TIGR01391,TIGR01393,TIGR01394,TIGR01510,TIGR01632,TIGR01951,TIGR01953,TIGR02012,TIGR02013,TIGR02027,TIGR02075,TIGR02191,TIGR02273,TIGR02350,TIGR02386,TIGR02397,TIGR02432,TIGR02729,TIGR03263,TIGR03594,TIGR03625,TIGR03632,TIGR03654,TIGR03723,TIGR03725,TIGR03953	TIGR00382,TIGR00631,TIGR00928		TIGR00810,TIGR00964
GCF_025791195.1_genome	116	2	0	2	PF00380.20,PF00410.20,PF00466.21,PF01025.20,PF02576.18,PF03726.15,TIGR00006,TIGR00019,TIGR00020,TIGR00029,TIGR00043,TIGR00054,TIGR00059,TIGR00061,TIGR00064,TIGR00065,TIGR00082,TIGR00083,TIGR00084,TIGR00086,TIGR00088,TIGR00090,TIGR00092,TIGR00095,TIGR00115,TIGR00116,TIGR00138,TIGR00158,TIGR00166,TIGR00168,TIGR00186,TIGR00194,TIGR00250,TIGR00337,TIGR00344,TIGR00362,TIGR00392,TIGR00396,TIGR00398,TIGR00414,TIGR00416,TIGR00420,TIGR00431,TIGR00435,TIGR00436,TIGR00442,TIGR00445,TIGR00456,TIGR00459,TIGR00460,TIGR00468,TIGR00472,TIGR00487,TIGR00496,TIGR00539,TIGR00580,TIGR00593,TIGR00615,TIGR00631,TIGR00634,TIGR00635,TIGR00643,TIGR00663,TIGR00717,TIGR00755,TIGR00922,TIGR00959,TIGR00963,TIGR00967,TIGR01009,TIGR01011,TIGR01017,TIGR01021,TIGR01029,TIGR01032,TIGR01039,TIGR01044,TIGR01059,TIGR01063,TIGR01066,TIGR01071,TIGR01079,TIGR01082,TIGR01087,TIGR01128,TIGR01146,TIGR01164,TIGR01169,TIGR01171,TIGR01302,TIGR01391,TIGR01393,TIGR01394,TIGR01510,TIGR01632,TIGR01951,TIGR01953,TIGR02012,TIGR02013,TIGR02027,TIGR02075,TIGR02191,TIGR02273,TIGR02350,TIGR02386,TIGR02397,TIGR02432,TIGR02729,TIGR03263,TIGR03594,TIGR03625,TIGR03632,TIGR03654,TIGR03723,TIGR03725,TIGR03953	TIGR00382,TIGR00928		TIGR00810,TIGR00964
GCF_025791215.1_genome	115	3	0	2	PF00380.20,PF00410.20,PF00466.21,PF01025.20,PF02576.18,PF03726.15,TIGR00006,TIGR00019,TIGR00020,TIGR00029,TIGR00043,TIGR00054,TIGR00059,TIGR00061,TIGR00064,TIGR00065,TIGR00082,TIGR00083,TIGR00084,TIGR00086,TIGR00088,TIGR00090,TIGR00092,TIGR00095,TIGR00115,TIGR00116,TIGR00138,TIGR00158,TIGR00166,TIGR00168,TIGR00186,TIGR00194,TIGR00250,TIGR00337,TIGR00344,TIGR00362,TIGR00392,TIGR00396,TIGR00398,TIGR00414,TIGR00416,TIGR00420,TIGR00431,TIGR00435,TIGR00436,TIGR00442,TIGR00445,TIGR00456,TIGR00459,TIGR00460,TIGR00468,TIGR00472,TIGR00487,TIGR00496,TIGR00539,TIGR00580,TIGR00593,TIGR00615,TIGR00634,TIGR00635,TIGR00643,TIGR00663,TIGR00717,TIGR00755,TIGR00922,TIGR00959,TIGR00963,TIGR00967,TIGR01009,TIGR01011,TIGR01017,TIGR01021,TIGR01029,TIGR01032,TIGR01039,TIGR01044,TIGR01059,TIGR01063,TIGR01066,TIGR01071,TIGR01079,TIGR01082,TIGR01087,TIGR01128,TIGR01146,TIGR01164,TIGR01169,TIGR01171,TIGR01302,TIGR01391,TIGR01393,TIGR01394,TIGR01510,TIGR01632,TIGR01951,TIGR01953,TIGR02012,TIGR02013,TIGR02027,TIGR02075,TIGR02191,TIGR02273,TIGR02350,TIGR02386,TIGR02397,TIGR02432,TIGR02729,TIGR03263,TIGR03594,TIGR03625,TIGR03632,TIGR03654,TIGR03723,TIGR03725,TIGR03953	TIGR00382,TIGR00631,TIGR00928		TIGR00810,TIGR00964
GCF_025791225.1_genome	115	3	0	2	PF00380.20,PF00410.20,PF00466.21,PF01025.20,PF02576.18,PF03726.15,TIGR00006,TIGR00019,TIGR00020,TIGR00029,TIGR00043,TIGR00054,TIGR00059,TIGR00061,TIGR00064,TIGR00065,TIGR00082,TIGR00083,TIGR00084,TIGR00086,TIGR00088,TIGR00090,TIGR00092,TIGR00095,TIGR00115,TIGR00116,TIGR00138,TIGR00158,TIGR00166,TIGR00168,TIGR00186,TIGR00194,TIGR00250,TIGR00337,TIGR00344,TIGR00362,TIGR00392,TIGR00396,TIGR00398,TIGR00414,TIGR00416,TIGR00420,TIGR00431,TIGR00435,TIGR00436,TIGR00442,TIGR00445,TIGR00456,TIGR00459,TIGR00460,TIGR00468,TIGR00472,TIGR00487,TIGR00496,TIGR00539,TIGR00580,TIGR00593,TIGR00615,TIGR00634,TIGR00635,TIGR00643,TIGR00663,TIGR00717,TIGR00755,TIGR00922,TIGR00959,TIGR00963,TIGR00967,TIGR01009,TIGR01011,TIGR01017,TIGR01021,TIGR01029,TIGR01032,TIGR01039,TIGR01044,TIGR01059,TIGR01063,TIGR01066,TIGR01071,TIGR01079,TIGR01082,TIGR01087,TIGR01128,TIGR01146,TIGR01164,TIGR01169,TIGR01171,TIGR01302,TIGR01391,TIGR01393,TIGR01394,TIGR01510,TIGR01632,TIGR01951,TIGR01953,TIGR02012,TIGR02013,TIGR02027,TIGR02075,TIGR02191,TIGR02273,TIGR02350,TIGR02386,TIGR02397,TIGR02432,TIGR02729,TIGR03263,TIGR03594,TIGR03625,TIGR03632,TIGR03654,TIGR03723,TIGR03725,TIGR03953	TIGR00382,TIGR00631,TIGR00928		TIGR00810,TIGR00964
GCF_025791255.1_genome	115	3	0	2	PF00380.20,PF00410.20,PF00466.21,PF01025.20,PF02576.18,PF03726.15,TIGR00006,TIGR00019,TIGR00020,TIGR00029,TIGR00043,TIGR00054,TIGR00059,TIGR00061,TIGR00064,TIGR00065,TIGR00082,TIGR00083,TIGR00084,TIGR00086,TIGR00088,TIGR00090,TIGR00092,TIGR00095,TIGR00115,TIGR00116,TIGR00138,TIGR00158,TIGR00166,TIGR00168,TIGR00186,TIGR00194,TIGR00250,TIGR00337,TIGR00344,TIGR00362,TIGR00392,TIGR00396,TIGR00398,TIGR00414,TIGR00416,TIGR00420,TIGR00431,TIGR00435,TIGR00436,TIGR00442,TIGR00445,TIGR00456,TIGR00459,TIGR00460,TIGR00468,TIGR00472,TIGR00487,TIGR00496,TIGR00539,TIGR00580,TIGR00593,TIGR00615,TIGR00634,TIGR00635,TIGR00643,TIGR00663,TIGR00717,TIGR00755,TIGR00922,TIGR00959,TIGR00963,TIGR00967,TIGR01009,TIGR01011,TIGR01017,TIGR01021,TIGR01029,TIGR01032,TIGR01039,TIGR01044,TIGR01059,TIGR01063,TIGR01066,TIGR01071,TIGR01079,TIGR01082,TIGR01087,TIGR01128,TIGR01146,TIGR01164,TIGR01169,TIGR01171,TIGR01302,TIGR01391,TIGR01393,TIGR01394,TIGR01510,TIGR01632,TIGR01951,TIGR01953,TIGR02012,TIGR02013,TIGR02027,TIGR02075,TIGR02191,TIGR02273,TIGR02350,TIGR02386,TIGR02397,TIGR02432,TIGR02729,TIGR03263,TIGR03594,TIGR03625,TIGR03632,TIGR03654,TIGR03723,TIGR03725,TIGR03953	TIGR00382,TIGR00631,TIGR00928		TIGR00810,TIGR00964
GCF_025791315.1_genome	116	2	0	2	PF00380.20,PF00410.20,PF00466.21,PF01025.20,PF02576.18,PF03726.15,TIGR00006,TIGR00019,TIGR00020,TIGR00029,TIGR00043,TIGR00054,TIGR00059,TIGR00061,TIGR00064,TIGR00065,TIGR00082,TIGR00083,TIGR00084,TIGR00086,TIGR00088,TIGR00090,TIGR00092,TIGR00095,TIGR00115,TIGR00116,TIGR00138,TIGR00158,TIGR00166,TIGR00168,TIGR00186,TIGR00194,TIGR00250,TIGR00337,TIGR00344,TIGR00362,TIGR00392,TIGR00396,TIGR00398,TIGR00414,TIGR00416,TIGR00420,TIGR00431,TIGR00435,TIGR00436,TIGR00442,TIGR00445,TIGR00456,TIGR00459,TIGR00460,TIGR00468,TIGR00472,TIGR00487,TIGR00496,TIGR00539,TIGR00580,TIGR00593,TIGR00615,TIGR00631,TIGR00634,TIGR00635,TIGR00643,TIGR00663,TIGR00717,TIGR00755,TIGR00922,TIGR00959,TIGR00963,TIGR00967,TIGR01009,TIGR01011,TIGR01017,TIGR01021,TIGR01029,TIGR01032,TIGR01039,TIGR01044,TIGR01059,TIGR01063,TIGR01066,TIGR01071,TIGR01079,TIGR01082,TIGR01087,TIGR01128,TIGR01146,TIGR01164,TIGR01169,TIGR01171,TIGR01302,TIGR01391,TIGR01393,TIGR01394,TIGR01510,TIGR01632,TIGR01951,TIGR01953,TIGR02012,TIGR02013,TIGR02027,TIGR02075,TIGR02191,TIGR02273,TIGR02350,TIGR02386,TIGR02397,TIGR02432,TIGR02729,TIGR03263,TIGR03594,TIGR03625,TIGR03632,TIGR03654,TIGR03723,TIGR03725,TIGR03953	TIGR00382,TIGR00928		TIGR00810,TIGR00964
GCF_025791345.1_genome	116	2	0	2	PF00380.20,PF00410.20,PF00466.21,PF01025.20,PF02576.18,PF03726.15,TIGR00006,TIGR00019,TIGR00020,TIGR00029,TIGR00043,TIGR00054,TIGR00059,TIGR00061,TIGR00064,TIGR00065,TIGR00082,TIGR00083,TIGR00084,TIGR00086,TIGR00088,TIGR00090,TIGR00092,TIGR00095,TIGR00115,TIGR00116,TIGR00138,TIGR00158,TIGR00166,TIGR00168,TIGR00186,TIGR00194,TIGR00250,TIGR00337,TIGR00344,TIGR00362,TIGR00392,TIGR00396,TIGR00398,TIGR00414,TIGR00416,TIGR00420,TIGR00431,TIGR00435,TIGR00436,TIGR00442,TIGR00445,TIGR00456,TIGR00459,TIGR00460,TIGR00468,TIGR00472,TIGR00487,TIGR00496,TIGR00539,TIGR00580,TIGR00593,TIGR00615,TIGR00631,TIGR00634,TIGR00635,TIGR00643,TIGR00663,TIGR00717,TIGR00755,TIGR00922,TIGR00959,TIGR00963,TIGR00967,TIGR01009,TIGR01011,TIGR01017,TIGR01021,TIGR01029,TIGR01032,TIGR01039,TIGR01044,TIGR01059,TIGR01063,TIGR01066,TIGR01071,TIGR01079,TIGR01082,TIGR01087,TIGR01128,TIGR01146,TIGR01164,TIGR01169,TIGR01171,TIGR01302,TIGR01391,TIGR01393,TIGR01394,TIGR01510,TIGR01632,TIGR01951,TIGR01953,TIGR02012,TIGR02013,TIGR02027,TIGR02075,TIGR02191,TIGR02273,TIGR02350,TIGR02386,TIGR02397,TIGR02432,TIGR02729,TIGR03263,TIGR03594,TIGR03625,TIGR03632,TIGR03654,TIGR03723,TIGR03725,TIGR03953	TIGR00382,TIGR00928		TIGR00810,TIGR00964
GCF_025791355.1_genome	116	2	0	2	PF00380.20,PF00410.20,PF00466.21,PF01025.20,PF02576.18,PF03726.15,TIGR00006,TIGR00019,TIGR00020,TIGR00029,TIGR00043,TIGR00054,TIGR00059,TIGR00061,TIGR00064,TIGR00065,TIGR00082,TIGR00083,TIGR00084,TIGR00086,TIGR00088,TIGR00090,TIGR00092,TIGR00095,TIGR00115,TIGR00116,TIGR00138,TIGR00158,TIGR00166,TIGR00168,TIGR00186,TIGR00194,TIGR00250,TIGR00337,TIGR00344,TIGR00362,TIGR00392,TIGR00396,TIGR00398,TIGR00414,TIGR00416,TIGR00420,TIGR00431,TIGR00435,TIGR00436,TIGR00442,TIGR00445,TIGR00456,TIGR00459,TIGR00460,TIGR00468,TIGR00472,TIGR00487,TIGR00496,TIGR00539,TIGR00580,TIGR00593,TIGR00615,TIGR00631,TIGR00634,TIGR00635,TIGR00643,TIGR00663,TIGR00717,TIGR00755,TIGR00922,TIGR00959,TIGR00963,TIGR00967,TIGR01009,TIGR01011,TIGR01017,TIGR01021,TIGR01029,TIGR01032,TIGR01039,TIGR01044,TIGR01059,TIGR01063,TIGR01066,TIGR01071,TIGR01079,TIGR01082,TIGR01087,TIGR01128,TIGR01146,TIGR01164,TIGR01169,TIGR01171,TIGR01302,TIGR01391,TIGR01393,TIGR01394,TIGR01510,TIGR01632,TIGR01951,TIGR01953,TIGR02012,TIGR02013,TIGR02027,TIGR02075,TIGR02191,TIGR02273,TIGR02350,TIGR02386,TIGR02397,TIGR02432,TIGR02729,TIGR03263,TIGR03594,TIGR03625,TIGR03632,TIGR03654,TIGR03723,TIGR03725,TIGR03953	TIGR00382,TIGR00928		TIGR00810,TIGR00964
GCF_025791395.1_genome	116	2	0	2	PF00380.20,PF00410.20,PF00466.21,PF01025.20,PF02576.18,PF03726.15,TIGR00006,TIGR00019,TIGR00020,TIGR00029,TIGR00043,TIGR00054,TIGR00059,TIGR00061,TIGR00064,TIGR00065,TIGR00082,TIGR00083,TIGR00084,TIGR00086,TIGR00088,TIGR00090,TIGR00092,TIGR00095,TIGR00115,TIGR00116,TIGR00138,TIGR00158,TIGR00166,TIGR00168,TIGR00186,TIGR00194,TIGR00250,TIGR00337,TIGR00344,TIGR00362,TIGR00392,TIGR00396,TIGR00398,TIGR00414,TIGR00416,TIGR00420,TIGR00431,TIGR00435,TIGR00436,TIGR00442,TIGR00445,TIGR00456,TIGR00459,TIGR00460,TIGR00468,TIGR00472,TIGR00487,TIGR00496,TIGR00539,TIGR00580,TIGR00593,TIGR00615,TIGR00631,TIGR00634,TIGR00635,TIGR00643,TIGR00663,TIGR00717,TIGR00755,TIGR00922,TIGR00959,TIGR00963,TIGR00967,TIGR01009,TIGR01011,TIGR01017,TIGR01021,TIGR01029,TIGR01032,TIGR01039,TIGR01044,TIGR01059,TIGR01063,TIGR01066,TIGR01071,TIGR01079,TIGR01082,TIGR01087,TIGR01128,TIGR01146,TIGR01164,TIGR01169,TIGR01171,TIGR01302,TIGR01391,TIGR01393,TIGR01394,TIGR01510,TIGR01632,TIGR01951,TIGR01953,TIGR02012,TIGR02013,TIGR02027,TIGR02075,TIGR02191,TIGR02273,TIGR02350,TIGR02386,TIGR02397,TIGR02432,TIGR02729,TIGR03263,TIGR03594,TIGR03625,TIGR03632,TIGR03654,TIGR03723,TIGR03725,TIGR03953	TIGR00382,TIGR00928		TIGR00810,TIGR00964
GCF_025791415.1_genome	115	3	0	2	PF00380.20,PF00410.20,PF00466.21,PF01025.20,PF02576.18,PF03726.15,TIGR00006,TIGR00019,TIGR00020,TIGR00029,TIGR00043,TIGR00054,TIGR00059,TIGR00061,TIGR00064,TIGR00065,TIGR00082,TIGR00083,TIGR00084,TIGR00086,TIGR00088,TIGR00090,TIGR00092,TIGR00095,TIGR00115,TIGR00116,TIGR00138,TIGR00158,TIGR00166,TIGR00168,TIGR00186,TIGR00194,TIGR00250,TIGR00337,TIGR00344,TIGR00362,TIGR00392,TIGR00396,TIGR00398,TIGR00414,TIGR00416,TIGR00420,TIGR00431,TIGR00435,TIGR00436,TIGR00442,TIGR00445,TIGR00456,TIGR00459,TIGR00460,TIGR00468,TIGR00472,TIGR00487,TIGR00496,TIGR00539,TIGR00580,TIGR00593,TIGR00615,TIGR00634,TIGR00635,TIGR00643,TIGR00663,TIGR00717,TIGR00755,TIGR00922,TIGR00959,TIGR00963,TIGR00967,TIGR01009,TIGR01011,TIGR01017,TIGR01021,TIGR01029,TIGR01032,TIGR01039,TIGR01044,TIGR01059,TIGR01063,TIGR01066,TIGR01071,TIGR01079,TIGR01082,TIGR01087,TIGR01128,TIGR01146,TIGR01164,TIGR01169,TIGR01171,TIGR01302,TIGR01391,TIGR01393,TIGR01394,TIGR01510,TIGR01632,TIGR01951,TIGR01953,TIGR02012,TIGR02013,TIGR02027,TIGR02075,TIGR02191,TIGR02273,TIGR02350,TIGR02386,TIGR02397,TIGR02432,TIGR02729,TIGR03263,TIGR03594,TIGR03625,TIGR03632,TIGR03654,TIGR03723,TIGR03725,TIGR03953	TIGR00382,TIGR00631,TIGR00928		TIGR00810,TIGR00964
GCF_025791435.1_genome	117	2	0	1	PF00380.20,PF00410.20,PF00466.21,PF01025.20,PF02576.18,PF03726.15,TIGR00006,TIGR00019,TIGR00020,TIGR00029,TIGR00043,TIGR00054,TIGR00059,TIGR00061,TIGR00064,TIGR00065,TIGR00082,TIGR00083,TIGR00084,TIGR00086,TIGR00088,TIGR00090,TIGR00092,TIGR00095,TIGR00115,TIGR00116,TIGR00138,TIGR00158,TIGR00166,TIGR00168,TIGR00186,TIGR00194,TIGR00250,TIGR00337,TIGR00344,TIGR00362,TIGR00392,TIGR00396,TIGR00398,TIGR00414,TIGR00416,TIGR00420,TIGR00431,TIGR00435,TIGR00436,TIGR00442,TIGR00445,TIGR00456,TIGR00459,TIGR00460,TIGR00468,TIGR00472,TIGR00487,TIGR00496,TIGR00539,TIGR00580,TIGR00593,TIGR00615,TIGR00631,TIGR00634,TIGR00635,TIGR00643,TIGR00663,TIGR00717,TIGR00755,TIGR00922,TIGR00959,TIGR00963,TIGR00964,TIGR00967,TIGR01009,TIGR01011,TIGR01017,TIGR01021,TIGR01029,TIGR01032,TIGR01039,TIGR01044,TIGR01059,TIGR01063,TIGR01066,TIGR01071,TIGR01079,TIGR01082,TIGR01087,TIGR01128,TIGR01146,TIGR01164,TIGR01169,TIGR01171,TIGR01302,TIGR01391,TIGR01393,TIGR01394,TIGR01510,TIGR01632,TIGR01951,TIGR01953,TIGR02012,TIGR02013,TIGR02027,TIGR02075,TIGR02191,TIGR02273,TIGR02350,TIGR02386,TIGR02397,TIGR02432,TIGR02729,TIGR03263,TIGR03594,TIGR03625,TIGR03632,TIGR03654,TIGR03723,TIGR03725,TIGR03953	TIGR00382,TIGR00928		TIGR00810
GCF_025791455.1_genome	117	2	0	1	PF00380.20,PF00410.20,PF00466.21,PF01025.20,PF02576.18,PF03726.15,TIGR00006,TIGR00019,TIGR00020,TIGR00029,TIGR00043,TIGR00054,TIGR00059,TIGR00061,TIGR00064,TIGR00065,TIGR00082,TIGR00083,TIGR00084,TIGR00086,TIGR00088,TIGR00090,TIGR00092,TIGR00095,TIGR00115,TIGR00116,TIGR00138,TIGR00158,TIGR00166,TIGR00168,TIGR00186,TIGR00194,TIGR00250,TIGR00337,TIGR00344,TIGR00362,TIGR00392,TIGR00396,TIGR00398,TIGR00414,TIGR00416,TIGR00420,TIGR00431,TIGR00435,TIGR00436,TIGR00442,TIGR00445,TIGR00456,TIGR00459,TIGR00460,TIGR00468,TIGR00472,TIGR00487,TIGR00496,TIGR00539,TIGR00580,TIGR00593,TIGR00615,TIGR00631,TIGR00634,TIGR00635,TIGR00643,TIGR00663,TIGR00717,TIGR00755,TIGR00922,TIGR00959,TIGR00963,TIGR00964,TIGR00967,TIGR01009,TIGR01011,TIGR01017,TIGR01021,TIGR01029,TIGR01032,TIGR01039,TIGR01044,TIGR01059,TIGR01063,TIGR01066,TIGR01071,TIGR01079,TIGR01082,TIGR01087,TIGR01128,TIGR01146,TIGR01164,TIGR01169,TIGR01171,TIGR01302,TIGR01391,TIGR01393,TIGR01394,TIGR01510,TIGR01632,TIGR01951,TIGR01953,TIGR02012,TIGR02013,TIGR02027,TIGR02075,TIGR02191,TIGR02273,TIGR02350,TIGR02386,TIGR02397,TIGR02432,TIGR02729,TIGR03263,TIGR03594,TIGR03625,TIGR03632,TIGR03654,TIGR03723,TIGR03725,TIGR03953	TIGR00382,TIGR00928		TIGR00810
GCF_025791465.1_genome	117	2	0	1	PF00380.20,PF00410.20,PF00466.21,PF01025.20,PF02576.18,PF03726.15,TIGR00006,TIGR00019,TIGR00020,TIGR00029,TIGR00043,TIGR00054,TIGR00059,TIGR00061,TIGR00064,TIGR00065,TIGR00082,TIGR00083,TIGR00084,TIGR00086,TIGR00088,TIGR00090,TIGR00092,TIGR00095,TIGR00115,TIGR00116,TIGR00138,TIGR00158,TIGR00166,TIGR00168,TIGR00186,TIGR00194,TIGR00250,TIGR00337,TIGR00344,TIGR00362,TIGR00392,TIGR00396,TIGR00398,TIGR00414,TIGR00416,TIGR00420,TIGR00431,TIGR00435,TIGR00436,TIGR00442,TIGR00445,TIGR00456,TIGR00459,TIGR00460,TIGR00468,TIGR00472,TIGR00487,TIGR00496,TIGR00539,TIGR00580,TIGR00593,TIGR00615,TIGR00631,TIGR00634,TIGR00635,TIGR00643,TIGR00663,TIGR00717,TIGR00755,TIGR00922,TIGR00959,TIGR00963,TIGR00964,TIGR00967,TIGR01009,TIGR01011,TIGR01017,TIGR01021,TIGR01029,TIGR01032,TIGR01039,TIGR01044,TIGR01059,TIGR01063,TIGR01066,TIGR01071,TIGR01079,TIGR01082,TIGR01087,TIGR01128,TIGR01146,TIGR01164,TIGR01169,TIGR01171,TIGR01302,TIGR01391,TIGR01393,TIGR01394,TIGR01510,TIGR01632,TIGR01951,TIGR01953,TIGR02012,TIGR02013,TIGR02027,TIGR02075,TIGR02191,TIGR02273,TIGR02350,TIGR02386,TIGR02397,TIGR02432,TIGR02729,TIGR03263,TIGR03594,TIGR03625,TIGR03632,TIGR03654,TIGR03723,TIGR03725,TIGR03953	TIGR00382,TIGR00928		TIGR00810
GCF_025791495.1_genome	116	2	0	2	PF00380.20,PF00410.20,PF00466.21,PF01025.20,PF02576.18,PF03726.15,TIGR00006,TIGR00019,TIGR00020,TIGR00029,TIGR00043,TIGR00054,TIGR00059,TIGR00061,TIGR00064,TIGR00065,TIGR00082,TIGR00083,TIGR00084,TIGR00086,TIGR00088,TIGR00090,TIGR00092,TIGR00095,TIGR00115,TIGR00116,TIGR00138,TIGR00158,TIGR00166,TIGR00168,TIGR00186,TIGR00194,TIGR00250,TIGR00337,TIGR00344,TIGR00362,TIGR00392,TIGR00396,TIGR00398,TIGR00414,TIGR00416,TIGR00420,TIGR00431,TIGR00435,TIGR00436,TIGR00442,TIGR00445,TIGR00456,TIGR00459,TIGR00460,TIGR00468,TIGR00472,TIGR00487,TIGR00496,TIGR00539,TIGR00580,TIGR00593,TIGR00615,TIGR00631,TIGR00634,TIGR00635,TIGR00643,TIGR00663,TIGR00717,TIGR00755,TIGR00922,TIGR00959,TIGR00963,TIGR00967,TIGR01009,TIGR01011,TIGR01017,TIGR01021,TIGR01029,TIGR01032,TIGR01039,TIGR01044,TIGR01059,TIGR01063,TIGR01066,TIGR01071,TIGR01079,TIGR01082,TIGR01087,TIGR01128,TIGR01146,TIGR01164,TIGR01169,TIGR01171,TIGR01302,TIGR01391,TIGR01393,TIGR01394,TIGR01510,TIGR01632,TIGR01951,TIGR01953,TIGR02012,TIGR02013,TIGR02027,TIGR02075,TIGR02191,TIGR02273,TIGR02350,TIGR02386,TIGR02397,TIGR02432,TIGR02729,TIGR03263,TIGR03594,TIGR03625,TIGR03632,TIGR03654,TIGR03723,TIGR03725,TIGR03953	TIGR00382,TIGR00928		TIGR00810,TIGR00964
GCF_025791515.1_genome	115	3	0	2	PF00380.20,PF00410.20,PF00466.21,PF01025.20,PF02576.18,PF03726.15,TIGR00006,TIGR00019,TIGR00020,TIGR00029,TIGR00043,TIGR00054,TIGR00059,TIGR00061,TIGR00064,TIGR00065,TIGR00082,TIGR00083,TIGR00084,TIGR00086,TIGR00088,TIGR00090,TIGR00092,TIGR00095,TIGR00115,TIGR00116,TIGR00138,TIGR00158,TIGR00166,TIGR00168,TIGR00186,TIGR00194,TIGR00250,TIGR00337,TIGR00344,TIGR00362,TIGR00392,TIGR00396,TIGR00398,TIGR00414,TIGR00416,TIGR00420,TIGR00431,TIGR00435,TIGR00436,TIGR00442,TIGR00445,TIGR00456,TIGR00459,TIGR00460,TIGR00468,TIGR00472,TIGR00487,TIGR00496,TIGR00539,TIGR00580,TIGR00593,TIGR00615,TIGR00634,TIGR00635,TIGR00643,TIGR00663,TIGR00717,TIGR00755,TIGR00922,TIGR00959,TIGR00963,TIGR00967,TIGR01009,TIGR01011,TIGR01017,TIGR01021,TIGR01029,TIGR01032,TIGR01039,TIGR01044,TIGR01059,TIGR01063,TIGR01066,TIGR01071,TIGR01079,TIGR01082,TIGR01087,TIGR01128,TIGR01146,TIGR01164,TIGR01169,TIGR01171,TIGR01302,TIGR01391,TIGR01393,TIGR01394,TIGR01510,TIGR01632,TIGR01951,TIGR01953,TIGR02012,TIGR02013,TIGR02027,TIGR02075,TIGR02191,TIGR02273,TIGR02350,TIGR02386,TIGR02397,TIGR02432,TIGR02729,TIGR03263,TIGR03594,TIGR03625,TIGR03632,TIGR03654,TIGR03723,TIGR03725,TIGR03953	TIGR00382,TIGR00631,TIGR00928		TIGR00810,TIGR00964
GCF_025791525.1_genome	116	2	0	2	PF00380.20,PF00410.20,PF00466.21,PF01025.20,PF02576.18,PF03726.15,TIGR00006,TIGR00019,TIGR00020,TIGR00029,TIGR00043,TIGR00054,TIGR00059,TIGR00061,TIGR00064,TIGR00065,TIGR00082,TIGR00083,TIGR00084,TIGR00086,TIGR00088,TIGR00090,TIGR00092,TIGR00095,TIGR00115,TIGR00116,TIGR00138,TIGR00158,TIGR00166,TIGR00168,TIGR00186,TIGR00194,TIGR00250,TIGR00337,TIGR00344,TIGR00362,TIGR00392,TIGR00396,TIGR00398,TIGR00414,TIGR00416,TIGR00420,TIGR00431,TIGR00435,TIGR00436,TIGR00442,TIGR00445,TIGR00456,TIGR00459,TIGR00460,TIGR00468,TIGR00472,TIGR00487,TIGR00496,TIGR00539,TIGR00580,TIGR00593,TIGR00615,TIGR00631,TIGR00634,TIGR00635,TIGR00643,TIGR00663,TIGR00717,TIGR00755,TIGR00922,TIGR00959,TIGR00963,TIGR00967,TIGR01009,TIGR01011,TIGR01017,TIGR01021,TIGR01029,TIGR01032,TIGR01039,TIGR01044,TIGR01059,TIGR01063,TIGR01066,TIGR01071,TIGR01079,TIGR01082,TIGR01087,TIGR01128,TIGR01146,TIGR01164,TIGR01169,TIGR01171,TIGR01302,TIGR01391,TIGR01393,TIGR01394,TIGR01510,TIGR01632,TIGR01951,TIGR01953,TIGR02012,TIGR02013,TIGR02027,TIGR02075,TIGR02191,TIGR02273,TIGR02350,TIGR02386,TIGR02397,TIGR02432,TIGR02729,TIGR03263,TIGR03594,TIGR03625,TIGR03632,TIGR03654,TIGR03723,TIGR03725,TIGR03953	TIGR00382,TIGR00928		TIGR00810,TIGR00964
GCF_025791555.1_genome	116	2	0	2	PF00380.20,PF00410.20,PF00466.21,PF01025.20,PF02576.18,PF03726.15,TIGR00006,TIGR00019,TIGR00020,TIGR00029,TIGR00043,TIGR00054,TIGR00059,TIGR00061,TIGR00064,TIGR00065,TIGR00082,TIGR00083,TIGR00084,TIGR00086,TIGR00088,TIGR00090,TIGR00092,TIGR00095,TIGR00115,TIGR00116,TIGR00138,TIGR00158,TIGR00166,TIGR00168,TIGR00186,TIGR00194,TIGR00250,TIGR00337,TIGR00344,TIGR00362,TIGR00392,TIGR00396,TIGR00398,TIGR00414,TIGR00416,TIGR00420,TIGR00431,TIGR00435,TIGR00436,TIGR00442,TIGR00445,TIGR00456,TIGR00459,TIGR00460,TIGR00468,TIGR00472,TIGR00487,TIGR00496,TIGR00539,TIGR00580,TIGR00593,TIGR00615,TIGR00631,TIGR00634,TIGR00635,TIGR00643,TIGR00663,TIGR00717,TIGR00755,TIGR00922,TIGR00959,TIGR00963,TIGR00967,TIGR01009,TIGR01011,TIGR01017,TIGR01021,TIGR01029,TIGR01032,TIGR01039,TIGR01044,TIGR01059,TIGR01063,TIGR01066,TIGR01071,TIGR01079,TIGR01082,TIGR01087,TIGR01128,TIGR01146,TIGR01164,TIGR01169,TIGR01171,TIGR01302,TIGR01391,TIGR01393,TIGR01394,TIGR01510,TIGR01632,TIGR01951,TIGR01953,TIGR02012,TIGR02013,TIGR02027,TIGR02075,TIGR02191,TIGR02273,TIGR02350,TIGR02386,TIGR02397,TIGR02432,TIGR02729,TIGR03263,TIGR03594,TIGR03625,TIGR03632,TIGR03654,TIGR03723,TIGR03725,TIGR03953	TIGR00382,TIGR00928		TIGR00810,TIGR00964
GCF_025791575.1_genome	117	2	0	1	PF00380.20,PF00410.20,PF00466.21,PF01025.20,PF02576.18,PF03726.15,TIGR00006,TIGR00019,TIGR00020,TIGR00029,TIGR00043,TIGR00054,TIGR00059,TIGR00061,TIGR00064,TIGR00065,TIGR00082,TIGR00083,TIGR00084,TIGR00086,TIGR00088,TIGR00090,TIGR00092,TIGR00095,TIGR00115,TIGR00116,TIGR00138,TIGR00158,TIGR00166,TIGR00168,TIGR00186,TIGR00194,TIGR00250,TIGR00337,TIGR00344,TIGR00362,TIGR00392,TIGR00396,TIGR00398,TIGR00414,TIGR00416,TIGR00420,TIGR00431,TIGR00435,TIGR00436,TIGR00442,TIGR00445,TIGR00456,TIGR00459,TIGR00460,TIGR00468,TIGR00472,TIGR00487,TIGR00496,TIGR00539,TIGR00580,TIGR00593,TIGR00615,TIGR00631,TIGR00634,TIGR00635,TIGR00643,TIGR00663,TIGR00717,TIGR00755,TIGR00922,TIGR00959,TIGR00963,TIGR00964,TIGR00967,TIGR01009,TIGR01011,TIGR01017,TIGR01021,TIGR01029,TIGR01032,TIGR01039,TIGR01044,TIGR01059,TIGR01063,TIGR01066,TIGR01071,TIGR01079,TIGR01082,TIGR01087,TIGR01128,TIGR01146,TIGR01164,TIGR01169,TIGR01171,TIGR01302,TIGR01391,TIGR01393,TIGR01394,TIGR01510,TIGR01632,TIGR01951,TIGR01953,TIGR02012,TIGR02013,TIGR02027,TIGR02075,TIGR02191,TIGR02273,TIGR02350,TIGR02386,TIGR02397,TIGR02432,TIGR02729,TIGR03263,TIGR03594,TIGR03625,TIGR03632,TIGR03654,TIGR03723,TIGR03725,TIGR03953	TIGR00382,TIGR00928		TIGR00810
GCF_025791595.1_genome	115	3	0	2	PF00380.20,PF00410.20,PF00466.21,PF01025.20,PF02576.18,PF03726.15,TIGR00006,TIGR00019,TIGR00020,TIGR00029,TIGR00043,TIGR00054,TIGR00059,TIGR00061,TIGR00064,TIGR00065,TIGR00082,TIGR00083,TIGR00084,TIGR00086,TIGR00088,TIGR00090,TIGR00092,TIGR00095,TIGR00115,TIGR00116,TIGR00138,TIGR00158,TIGR00166,TIGR00168,TIGR00186,TIGR00194,TIGR00250,TIGR00337,TIGR00344,TIGR00362,TIGR00392,TIGR00396,TIGR00398,TIGR00414,TIGR00416,TIGR00420,TIGR00431,TIGR00435,TIGR00436,TIGR00442,TIGR00445,TIGR00456,TIGR00459,TIGR00460,TIGR00468,TIGR00472,TIGR00487,TIGR00496,TIGR00539,TIGR00580,TIGR00593,TIGR00615,TIGR00634,TIGR00635,TIGR00643,TIGR00663,TIGR00717,TIGR00755,TIGR00922,TIGR00959,TIGR00963,TIGR00967,TIGR01009,TIGR01011,TIGR01017,TIGR01021,TIGR01029,TIGR01032,TIGR01039,TIGR01044,TIGR01059,TIGR01063,TIGR01066,TIGR01071,TIGR01079,TIGR01082,TIGR01087,TIGR01128,TIGR01146,TIGR01164,TIGR01169,TIGR01171,TIGR01302,TIGR01391,TIGR01393,TIGR01394,TIGR01510,TIGR01632,TIGR01951,TIGR01953,TIGR02012,TIGR02013,TIGR02027,TIGR02075,TIGR02191,TIGR02273,TIGR02350,TIGR02386,TIGR02397,TIGR02432,TIGR02729,TIGR03263,TIGR03594,TIGR03625,TIGR03632,TIGR03654,TIGR03723,TIGR03725,TIGR03953	TIGR00382,TIGR00631,TIGR00928		TIGR00810,TIGR00964
GCF_025791615.1_genome	115	3	0	2	PF00380.20,PF00410.20,PF00466.21,PF01025.20,PF02576.18,PF03726.15,TIGR00006,TIGR00019,TIGR00020,TIGR00029,TIGR00043,TIGR00054,TIGR00059,TIGR00061,TIGR00064,TIGR00065,TIGR00082,TIGR00083,TIGR00084,TIGR00086,TIGR00088,TIGR00090,TIGR00092,TIGR00095,TIGR00115,TIGR00116,TIGR00138,TIGR00158,TIGR00166,TIGR00168,TIGR00186,TIGR00194,TIGR00250,TIGR00337,TIGR00344,TIGR00362,TIGR00392,TIGR00396,TIGR00398,TIGR00414,TIGR00416,TIGR00420,TIGR00431,TIGR00435,TIGR00436,TIGR00442,TIGR00445,TIGR00456,TIGR00459,TIGR00460,TIGR00468,TIGR00472,TIGR00487,TIGR00496,TIGR00539,TIGR00580,TIGR00593,TIGR00615,TIGR00634,TIGR00635,TIGR00643,TIGR00663,TIGR00717,TIGR00755,TIGR00922,TIGR00959,TIGR00963,TIGR00967,TIGR01009,TIGR01011,TIGR01017,TIGR01021,TIGR01029,TIGR01032,TIGR01039,TIGR01044,TIGR01059,TIGR01063,TIGR01066,TIGR01071,TIGR01079,TIGR01082,TIGR01087,TIGR01128,TIGR01146,TIGR01164,TIGR01169,TIGR01171,TIGR01302,TIGR01391,TIGR01393,TIGR01394,TIGR01510,TIGR01632,TIGR01951,TIGR01953,TIGR02012,TIGR02013,TIGR02027,TIGR02075,TIGR02191,TIGR02273,TIGR02350,TIGR02386,TIGR02397,TIGR02432,TIGR02729,TIGR03263,TIGR03594,TIGR03625,TIGR03632,TIGR03654,TIGR03723,TIGR03725,TIGR03953	TIGR00382,TIGR00631,TIGR00928		TIGR00810,TIGR00964
GCF_025791635.1_genome	116	2	0	2	PF00380.20,PF00410.20,PF00466.21,PF01025.20,PF02576.18,PF03726.15,TIGR00006,TIGR00019,TIGR00020,TIGR00029,TIGR00043,TIGR00054,TIGR00059,TIGR00061,TIGR00064,TIGR00065,TIGR00082,TIGR00083,TIGR00084,TIGR00086,TIGR00088,TIGR00090,TIGR00092,TIGR00095,TIGR00115,TIGR00116,TIGR00138,TIGR00158,TIGR00166,TIGR00168,TIGR00186,TIGR00194,TIGR00250,TIGR00337,TIGR00344,TIGR00362,TIGR00392,TIGR00396,TIGR00398,TIGR00414,TIGR00416,TIGR00420,TIGR00431,TIGR00435,TIGR00436,TIGR00442,TIGR00445,TIGR00456,TIGR00459,TIGR00460,TIGR00468,TIGR00472,TIGR00487,TIGR00496,TIGR00539,TIGR00580,TIGR00593,TIGR00615,TIGR00631,TIGR00634,TIGR00635,TIGR00643,TIGR00663,TIGR00717,TIGR00755,TIGR00922,TIGR00959,TIGR00963,TIGR00967,TIGR01009,TIGR01011,TIGR01017,TIGR01021,TIGR01029,TIGR01032,TIGR01039,TIGR01044,TIGR01059,TIGR01063,TIGR01066,TIGR01071,TIGR01079,TIGR01082,TIGR01087,TIGR01128,TIGR01146,TIGR01164,TIGR01169,TIGR01171,TIGR01302,TIGR01391,TIGR01393,TIGR01394,TIGR01510,TIGR01632,TIGR01951,TIGR01953,TIGR02012,TIGR02013,TIGR02027,TIGR02075,TIGR02191,TIGR02273,TIGR02350,TIGR02386,TIGR02397,TIGR02432,TIGR02729,TIGR03263,TIGR03594,TIGR03625,TIGR03632,TIGR03654,TIGR03723,TIGR03725,TIGR03953	TIGR00382,TIGR00928		TIGR00810,TIGR00964
GCF_025791645.1_genome	117	2	0	1	PF00380.20,PF00410.20,PF00466.21,PF01025.20,PF02576.18,PF03726.15,TIGR00006,TIGR00019,TIGR00020,TIGR00029,TIGR00043,TIGR00054,TIGR00059,TIGR00061,TIGR00064,TIGR00065,TIGR00082,TIGR00083,TIGR00084,TIGR00086,TIGR00088,TIGR00090,TIGR00092,TIGR00095,TIGR00115,TIGR00116,TIGR00138,TIGR00158,TIGR00166,TIGR00168,TIGR00186,TIGR00194,TIGR00250,TIGR00337,TIGR00344,TIGR00362,TIGR00392,TIGR00396,TIGR00398,TIGR00414,TIGR00416,TIGR00420,TIGR00431,TIGR00435,TIGR00436,TIGR00442,TIGR00445,TIGR00456,TIGR00459,TIGR00460,TIGR00468,TIGR00472,TIGR00487,TIGR00496,TIGR00539,TIGR00580,TIGR00593,TIGR00615,TIGR00631,TIGR00634,TIGR00635,TIGR00643,TIGR00663,TIGR00717,TIGR00755,TIGR00922,TIGR00959,TIGR00963,TIGR00964,TIGR00967,TIGR01009,TIGR01011,TIGR01017,TIGR01021,TIGR01029,TIGR01032,TIGR01039,TIGR01044,TIGR01059,TIGR01063,TIGR01066,TIGR01071,TIGR01079,TIGR01082,TIGR01087,TIGR01128,TIGR01146,TIGR01164,TIGR01169,TIGR01171,TIGR01302,TIGR01391,TIGR01393,TIGR01394,TIGR01510,TIGR01632,TIGR01951,TIGR01953,TIGR02012,TIGR02013,TIGR02027,TIGR02075,TIGR02191,TIGR02273,TIGR02350,TIGR02386,TIGR02397,TIGR02432,TIGR02729,TIGR03263,TIGR03594,TIGR03625,TIGR03632,TIGR03654,TIGR03723,TIGR03725,TIGR03953	TIGR00382,TIGR00928		TIGR00810
GCF_025791675.1_genome	115	3	0	2	PF00380.20,PF00410.20,PF00466.21,PF01025.20,PF02576.18,PF03726.15,TIGR00006,TIGR00019,TIGR00020,TIGR00029,TIGR00043,TIGR00054,TIGR00059,TIGR00061,TIGR00064,TIGR00065,TIGR00082,TIGR00083,TIGR00084,TIGR00086,TIGR00088,TIGR00090,TIGR00092,TIGR00095,TIGR00115,TIGR00116,TIGR00138,TIGR00158,TIGR00166,TIGR00168,TIGR00186,TIGR00194,TIGR00250,TIGR00337,TIGR00344,TIGR00362,TIGR00392,TIGR00396,TIGR00398,TIGR00414,TIGR00416,TIGR00420,TIGR00431,TIGR00435,TIGR00436,TIGR00442,TIGR00445,TIGR00456,TIGR00459,TIGR00460,TIGR00468,TIGR00472,TIGR00487,TIGR00496,TIGR00539,TIGR00580,TIGR00593,TIGR00615,TIGR00631,TIGR00634,TIGR00635,TIGR00643,TIGR00663,TIGR00717,TIGR00755,TIGR00922,TIGR00959,TIGR00963,TIGR00967,TIGR01009,TIGR01011,TIGR01017,TIGR01021,TIGR01029,TIGR01032,TIGR01039,TIGR01044,TIGR01059,TIGR01063,TIGR01066,TIGR01071,TIGR01079,TIGR01082,TIGR01087,TIGR01128,TIGR01146,TIGR01164,TIGR01169,TIGR01171,TIGR01302,TIGR01391,TIGR01393,TIGR01394,TIGR01510,TIGR01632,TIGR01951,TIGR01953,TIGR02013,TIGR02027,TIGR02075,TIGR02191,TIGR02273,TIGR02350,TIGR02386,TIGR02397,TIGR02432,TIGR02729,TIGR03263,TIGR03594,TIGR03625,TIGR03632,TIGR03654,TIGR03723,TIGR03725,TIGR03953	TIGR00382,TIGR00928,TIGR02012		TIGR00810,TIGR00964
GCF_025791735.1_genome	116	2	0	2	PF00380.20,PF00410.20,PF00466.21,PF01025.20,PF02576.18,PF03726.15,TIGR00006,TIGR00019,TIGR00020,TIGR00029,TIGR00043,TIGR00054,TIGR00059,TIGR00061,TIGR00064,TIGR00065,TIGR00082,TIGR00083,TIGR00084,TIGR00086,TIGR00088,TIGR00090,TIGR00092,TIGR00095,TIGR00115,TIGR00116,TIGR00138,TIGR00158,TIGR00166,TIGR00168,TIGR00186,TIGR00194,TIGR00250,TIGR00337,TIGR00344,TIGR00362,TIGR00392,TIGR00396,TIGR00398,TIGR00414,TIGR00416,TIGR00420,TIGR00431,TIGR00435,TIGR00436,TIGR00442,TIGR00445,TIGR00456,TIGR00459,TIGR00460,TIGR00468,TIGR00472,TIGR00487,TIGR00496,TIGR00539,TIGR00580,TIGR00593,TIGR00615,TIGR00631,TIGR00634,TIGR00635,TIGR00643,TIGR00663,TIGR00717,TIGR00755,TIGR00922,TIGR00959,TIGR00963,TIGR00967,TIGR01009,TIGR01011,TIGR01017,TIGR01021,TIGR01029,TIGR01032,TIGR01039,TIGR01044,TIGR01059,TIGR01063,TIGR01066,TIGR01071,TIGR01079,TIGR01082,TIGR01087,TIGR01128,TIGR01146,TIGR01164,TIGR01169,TIGR01171,TIGR01302,TIGR01391,TIGR01393,TIGR01394,TIGR01510,TIGR01632,TIGR01951,TIGR01953,TIGR02012,TIGR02013,TIGR02027,TIGR02075,TIGR02191,TIGR02273,TIGR02350,TIGR02386,TIGR02397,TIGR02432,TIGR02729,TIGR03263,TIGR03594,TIGR03625,TIGR03632,TIGR03654,TIGR03723,TIGR03725,TIGR03953	TIGR00382,TIGR00928		TIGR00810,TIGR00964
GCF_025791755.1_genome	117	2	0	1	PF00380.20,PF00410.20,PF00466.21,PF01025.20,PF02576.18,PF03726.15,TIGR00006,TIGR00019,TIGR00020,TIGR00029,TIGR00043,TIGR00054,TIGR00059,TIGR00061,TIGR00064,TIGR00065,TIGR00082,TIGR00083,TIGR00084,TIGR00086,TIGR00088,TIGR00090,TIGR00092,TIGR00095,TIGR00115,TIGR00116,TIGR00138,TIGR00158,TIGR00166,TIGR00168,TIGR00186,TIGR00194,TIGR00250,TIGR00337,TIGR00344,TIGR00362,TIGR00392,TIGR00396,TIGR00398,TIGR00414,TIGR00416,TIGR00420,TIGR00431,TIGR00435,TIGR00436,TIGR00442,TIGR00445,TIGR00456,TIGR00459,TIGR00460,TIGR00468,TIGR00472,TIGR00487,TIGR00496,TIGR00539,TIGR00580,TIGR00593,TIGR00615,TIGR00631,TIGR00634,TIGR00635,TIGR00643,TIGR00663,TIGR00717,TIGR00755,TIGR00922,TIGR00959,TIGR00963,TIGR00964,TIGR00967,TIGR01009,TIGR01011,TIGR01017,TIGR01021,TIGR01029,TIGR01032,TIGR01039,TIGR01044,TIGR01059,TIGR01063,TIGR01066,TIGR01071,TIGR01079,TIGR01082,TIGR01087,TIGR01128,TIGR01146,TIGR01164,TIGR01169,TIGR01171,TIGR01302,TIGR01391,TIGR01393,TIGR01394,TIGR01510,TIGR01632,TIGR01951,TIGR01953,TIGR02012,TIGR02013,TIGR02027,TIGR02075,TIGR02191,TIGR02273,TIGR02350,TIGR02386,TIGR02397,TIGR02432,TIGR02729,TIGR03263,TIGR03594,TIGR03625,TIGR03632,TIGR03654,TIGR03723,TIGR03725,TIGR03953	TIGR00382,TIGR00928		TIGR00810
GCF_025792175.1_genome	116	2	0	2	PF00380.20,PF00410.20,PF00466.21,PF01025.20,PF02576.18,PF03726.15,TIGR00006,TIGR00019,TIGR00020,TIGR00029,TIGR00043,TIGR00054,TIGR00059,TIGR00061,TIGR00064,TIGR00065,TIGR00082,TIGR00083,TIGR00084,TIGR00086,TIGR00088,TIGR00090,TIGR00092,TIGR00095,TIGR00115,TIGR00116,TIGR00138,TIGR00158,TIGR00166,TIGR00168,TIGR00186,TIGR00194,TIGR00250,TIGR00337,TIGR00344,TIGR00362,TIGR00392,TIGR00396,TIGR00398,TIGR00414,TIGR00416,TIGR00420,TIGR00431,TIGR00435,TIGR00436,TIGR00442,TIGR00445,TIGR00456,TIGR00459,TIGR00460,TIGR00468,TIGR00472,TIGR00487,TIGR00496,TIGR00539,TIGR00580,TIGR00593,TIGR00615,TIGR00631,TIGR00634,TIGR00635,TIGR00643,TIGR00663,TIGR00717,TIGR00755,TIGR00922,TIGR00959,TIGR00963,TIGR00967,TIGR01009,TIGR01011,TIGR01017,TIGR01021,TIGR01029,TIGR01032,TIGR01039,TIGR01044,TIGR01059,TIGR01063,TIGR01066,TIGR01071,TIGR01079,TIGR01082,TIGR01087,TIGR01128,TIGR01146,TIGR01164,TIGR01169,TIGR01171,TIGR01302,TIGR01391,TIGR01393,TIGR01394,TIGR01510,TIGR01632,TIGR01951,TIGR01953,TIGR02012,TIGR02013,TIGR02027,TIGR02075,TIGR02191,TIGR02273,TIGR02350,TIGR02386,TIGR02397,TIGR02432,TIGR02729,TIGR03263,TIGR03594,TIGR03625,TIGR03632,TIGR03654,TIGR03723,TIGR03725,TIGR03953	TIGR00382,TIGR00928		TIGR00810,TIGR00964
GCF_025792185.1_genome	115	3	0	2	PF00380.20,PF00410.20,PF00466.21,PF01025.20,PF02576.18,PF03726.15,TIGR00006,TIGR00019,TIGR00020,TIGR00029,TIGR00043,TIGR00054,TIGR00059,TIGR00061,TIGR00064,TIGR00065,TIGR00082,TIGR00083,TIGR00084,TIGR00086,TIGR00088,TIGR00090,TIGR00092,TIGR00095,TIGR00115,TIGR00116,TIGR00138,TIGR00158,TIGR00166,TIGR00168,TIGR00186,TIGR00194,TIGR00250,TIGR00337,TIGR00344,TIGR00362,TIGR00392,TIGR00396,TIGR00398,TIGR00414,TIGR00416,TIGR00420,TIGR00431,TIGR00435,TIGR00436,TIGR00442,TIGR00445,TIGR00456,TIGR00459,TIGR00460,TIGR00468,TIGR00472,TIGR00487,TIGR00496,TIGR00539,TIGR00580,TIGR00593,TIGR00615,TIGR00634,TIGR00635,TIGR00643,TIGR00663,TIGR00717,TIGR00755,TIGR00922,TIGR00959,TIGR00963,TIGR00967,TIGR01009,TIGR01011,TIGR01017,TIGR01021,TIGR01029,TIGR01032,TIGR01039,TIGR01044,TIGR01059,TIGR01063,TIGR01066,TIGR01071,TIGR01079,TIGR01082,TIGR01087,TIGR01128,TIGR01146,TIGR01164,TIGR01169,TIGR01171,TIGR01302,TIGR01391,TIGR01393,TIGR01394,TIGR01510,TIGR01632,TIGR01951,TIGR01953,TIGR02012,TIGR02013,TIGR02027,TIGR02075,TIGR02191,TIGR02273,TIGR02350,TIGR02386,TIGR02397,TIGR02432,TIGR02729,TIGR03263,TIGR03594,TIGR03625,TIGR03632,TIGR03654,TIGR03723,TIGR03725,TIGR03953	TIGR00382,TIGR00631,TIGR00928		TIGR00810,TIGR00964
GCF_025792215.1_genome	117	2	0	1	PF00380.20,PF00410.20,PF00466.21,PF01025.20,PF02576.18,PF03726.15,TIGR00006,TIGR00019,TIGR00020,TIGR00029,TIGR00043,TIGR00054,TIGR00059,TIGR00061,TIGR00064,TIGR00065,TIGR00082,TIGR00083,TIGR00084,TIGR00086,TIGR00088,TIGR00090,TIGR00092,TIGR00095,TIGR00115,TIGR00116,TIGR00138,TIGR00158,TIGR00166,TIGR00168,TIGR00186,TIGR00194,TIGR00250,TIGR00337,TIGR00344,TIGR00362,TIGR00392,TIGR00396,TIGR00398,TIGR00414,TIGR00416,TIGR00420,TIGR00431,TIGR00435,TIGR00436,TIGR00442,TIGR00445,TIGR00456,TIGR00459,TIGR00460,TIGR00468,TIGR00472,TIGR00487,TIGR00496,TIGR00539,TIGR00580,TIGR00593,TIGR00615,TIGR00631,TIGR00634,TIGR00635,TIGR00643,TIGR00663,TIGR00717,TIGR00755,TIGR00922,TIGR00959,TIGR00963,TIGR00964,TIGR00967,TIGR01009,TIGR01011,TIGR01017,TIGR01021,TIGR01029,TIGR01032,TIGR01039,TIGR01044,TIGR01059,TIGR01063,TIGR01066,TIGR01071,TIGR01079,TIGR01082,TIGR01087,TIGR01128,TIGR01146,TIGR01164,TIGR01169,TIGR01171,TIGR01302,TIGR01391,TIGR01393,TIGR01394,TIGR01510,TIGR01632,TIGR01951,TIGR01953,TIGR02012,TIGR02013,TIGR02027,TIGR02075,TIGR02191,TIGR02273,TIGR02350,TIGR02386,TIGR02397,TIGR02432,TIGR02729,TIGR03263,TIGR03594,TIGR03625,TIGR03632,TIGR03654,TIGR03723,TIGR03725,TIGR03953	TIGR00382,TIGR00928		TIGR00810
GCF_025792225.1_genome	116	2	0	2	PF00380.20,PF00410.20,PF00466.21,PF01025.20,PF02576.18,PF03726.15,TIGR00006,TIGR00019,TIGR00020,TIGR00029,TIGR00043,TIGR00054,TIGR00059,TIGR00061,TIGR00064,TIGR00065,TIGR00082,TIGR00083,TIGR00084,TIGR00086,TIGR00088,TIGR00090,TIGR00092,TIGR00095,TIGR00115,TIGR00116,TIGR00138,TIGR00158,TIGR00166,TIGR00168,TIGR00186,TIGR00194,TIGR00250,TIGR00337,TIGR00344,TIGR00362,TIGR00392,TIGR00396,TIGR00398,TIGR00414,TIGR00416,TIGR00420,TIGR00431,TIGR00435,TIGR00436,TIGR00442,TIGR00445,TIGR00456,TIGR00459,TIGR00460,TIGR00468,TIGR00472,TIGR00487,TIGR00496,TIGR00539,TIGR00580,TIGR00593,TIGR00615,TIGR00631,TIGR00634,TIGR00635,TIGR00643,TIGR00663,TIGR00717,TIGR00755,TIGR00922,TIGR00959,TIGR00963,TIGR00967,TIGR01009,TIGR01011,TIGR01017,TIGR01021,TIGR01029,TIGR01032,TIGR01039,TIGR01044,TIGR01059,TIGR01063,TIGR01066,TIGR01071,TIGR01079,TIGR01082,TIGR01087,TIGR01128,TIGR01146,TIGR01164,TIGR01169,TIGR01171,TIGR01302,TIGR01391,TIGR01393,TIGR01394,TIGR01510,TIGR01632,TIGR01951,TIGR01953,TIGR02012,TIGR02013,TIGR02027,TIGR02075,TIGR02191,TIGR02273,TIGR02350,TIGR02386,TIGR02397,TIGR02432,TIGR02729,TIGR03263,TIGR03594,TIGR03625,TIGR03632,TIGR03654,TIGR03723,TIGR03725,TIGR03953	TIGR00382,TIGR00928		TIGR00810,TIGR00964
GCF_025792235.1_genome	116	2	0	2	PF00380.20,PF00410.20,PF00466.21,PF01025.20,PF02576.18,PF03726.15,TIGR00006,TIGR00019,TIGR00020,TIGR00029,TIGR00043,TIGR00054,TIGR00059,TIGR00061,TIGR00064,TIGR00065,TIGR00082,TIGR00083,TIGR00084,TIGR00086,TIGR00088,TIGR00090,TIGR00092,TIGR00095,TIGR00115,TIGR00116,TIGR00138,TIGR00158,TIGR00166,TIGR00168,TIGR00186,TIGR00194,TIGR00250,TIGR00337,TIGR00344,TIGR00362,TIGR00392,TIGR00396,TIGR00398,TIGR00414,TIGR00416,TIGR00420,TIGR00431,TIGR00435,TIGR00436,TIGR00442,TIGR00445,TIGR00456,TIGR00459,TIGR00460,TIGR00468,TIGR00472,TIGR00487,TIGR00496,TIGR00539,TIGR00580,TIGR00593,TIGR00615,TIGR00631,TIGR00634,TIGR00635,TIGR00643,TIGR00663,TIGR00717,TIGR00755,TIGR00922,TIGR00959,TIGR00963,TIGR00967,TIGR01009,TIGR01011,TIGR01017,TIGR01021,TIGR01029,TIGR01032,TIGR01039,TIGR01044,TIGR01059,TIGR01063,TIGR01066,TIGR01071,TIGR01079,TIGR01082,TIGR01087,TIGR01128,TIGR01146,TIGR01164,TIGR01169,TIGR01171,TIGR01302,TIGR01391,TIGR01393,TIGR01394,TIGR01510,TIGR01632,TIGR01951,TIGR01953,TIGR02012,TIGR02013,TIGR02027,TIGR02075,TIGR02191,TIGR02273,TIGR02350,TIGR02386,TIGR02397,TIGR02432,TIGR02729,TIGR03263,TIGR03594,TIGR03625,TIGR03632,TIGR03654,TIGR03723,TIGR03725,TIGR03953	TIGR00382,TIGR00928		TIGR00810,TIGR00964
GCF_025792275.1_genome	116	2	0	2	PF00380.20,PF00410.20,PF00466.21,PF01025.20,PF02576.18,PF03726.15,TIGR00006,TIGR00019,TIGR00020,TIGR00029,TIGR00043,TIGR00054,TIGR00059,TIGR00061,TIGR00064,TIGR00065,TIGR00082,TIGR00083,TIGR00084,TIGR00086,TIGR00088,TIGR00090,TIGR00092,TIGR00095,TIGR00115,TIGR00116,TIGR00138,TIGR00158,TIGR00166,TIGR00168,TIGR00186,TIGR00194,TIGR00250,TIGR00337,TIGR00344,TIGR00362,TIGR00392,TIGR00396,TIGR00398,TIGR00414,TIGR00416,TIGR00420,TIGR00431,TIGR00435,TIGR00436,TIGR00442,TIGR00445,TIGR00456,TIGR00459,TIGR00460,TIGR00468,TIGR00472,TIGR00487,TIGR00496,TIGR00539,TIGR00580,TIGR00593,TIGR00615,TIGR00631,TIGR00634,TIGR00635,TIGR00643,TIGR00663,TIGR00717,TIGR00755,TIGR00922,TIGR00959,TIGR00963,TIGR00967,TIGR01009,TIGR01011,TIGR01017,TIGR01021,TIGR01029,TIGR01032,TIGR01039,TIGR01044,TIGR01059,TIGR01063,TIGR01066,TIGR01071,TIGR01079,TIGR01082,TIGR01087,TIGR01128,TIGR01146,TIGR01164,TIGR01169,TIGR01171,TIGR01302,TIGR01391,TIGR01393,TIGR01394,TIGR01510,TIGR01632,TIGR01951,TIGR01953,TIGR02012,TIGR02013,TIGR02027,TIGR02075,TIGR02191,TIGR02273,TIGR02350,TIGR02386,TIGR02397,TIGR02432,TIGR02729,TIGR03263,TIGR03594,TIGR03625,TIGR03632,TIGR03654,TIGR03723,TIGR03725,TIGR03953	TIGR00382,TIGR00928		TIGR00810,TIGR00964
GCF_025792295.1_genome	116	2	0	2	PF00380.20,PF00410.20,PF00466.21,PF01025.20,PF02576.18,PF03726.15,TIGR00006,TIGR00019,TIGR00020,TIGR00029,TIGR00043,TIGR00054,TIGR00059,TIGR00061,TIGR00064,TIGR00065,TIGR00082,TIGR00083,TIGR00084,TIGR00086,TIGR00088,TIGR00090,TIGR00092,TIGR00095,TIGR00115,TIGR00116,TIGR00138,TIGR00158,TIGR00166,TIGR00168,TIGR00186,TIGR00194,TIGR00250,TIGR00337,TIGR00344,TIGR00362,TIGR00392,TIGR00396,TIGR00398,TIGR00414,TIGR00416,TIGR00420,TIGR00431,TIGR00435,TIGR00436,TIGR00442,TIGR00445,TIGR00456,TIGR00459,TIGR00460,TIGR00468,TIGR00472,TIGR00487,TIGR00496,TIGR00539,TIGR00580,TIGR00593,TIGR00615,TIGR00631,TIGR00634,TIGR00635,TIGR00643,TIGR00663,TIGR00717,TIGR00755,TIGR00922,TIGR00959,TIGR00963,TIGR00967,TIGR01009,TIGR01011,TIGR01017,TIGR01021,TIGR01029,TIGR01032,TIGR01039,TIGR01044,TIGR01059,TIGR01063,TIGR01066,TIGR01071,TIGR01079,TIGR01082,TIGR01087,TIGR01128,TIGR01146,TIGR01164,TIGR01169,TIGR01171,TIGR01302,TIGR01391,TIGR01393,TIGR01394,TIGR01510,TIGR01632,TIGR01951,TIGR01953,TIGR02012,TIGR02013,TIGR02027,TIGR02075,TIGR02191,TIGR02273,TIGR02350,TIGR02386,TIGR02397,TIGR02432,TIGR02729,TIGR03263,TIGR03594,TIGR03625,TIGR03632,TIGR03654,TIGR03723,TIGR03725,TIGR03953	TIGR00382,TIGR00928		TIGR00810,TIGR00964
GCF_028439485.1_genome	116	2	0	2	PF00380.20,PF00410.20,PF00466.21,PF01025.20,PF02576.18,PF03726.15,TIGR00006,TIGR00019,TIGR00020,TIGR00029,TIGR00043,TIGR00054,TIGR00059,TIGR00061,TIGR00064,TIGR00065,TIGR00082,TIGR00083,TIGR00084,TIGR00086,TIGR00088,TIGR00090,TIGR00092,TIGR00095,TIGR00115,TIGR00116,TIGR00138,TIGR00158,TIGR00166,TIGR00168,TIGR00186,TIGR00194,TIGR00250,TIGR00337,TIGR00344,TIGR00362,TIGR00392,TIGR00396,TIGR00398,TIGR00414,TIGR00416,TIGR00420,TIGR00431,TIGR00435,TIGR00436,TIGR00442,TIGR00445,TIGR00456,TIGR00459,TIGR00460,TIGR00468,TIGR00472,TIGR00487,TIGR00496,TIGR00539,TIGR00580,TIGR00593,TIGR00615,TIGR00631,TIGR00634,TIGR00635,TIGR00643,TIGR00663,TIGR00717,TIGR00755,TIGR00922,TIGR00959,TIGR00963,TIGR00967,TIGR01009,TIGR01011,TIGR01017,TIGR01021,TIGR01029,TIGR01032,TIGR01039,TIGR01044,TIGR01059,TIGR01063,TIGR01066,TIGR01071,TIGR01079,TIGR01082,TIGR01087,TIGR01128,TIGR01146,TIGR01164,TIGR01169,TIGR01171,TIGR01302,TIGR01391,TIGR01393,TIGR01394,TIGR01510,TIGR01632,TIGR01951,TIGR01953,TIGR02012,TIGR02013,TIGR02027,TIGR02075,TIGR02191,TIGR02273,TIGR02350,TIGR02386,TIGR02397,TIGR02432,TIGR02729,TIGR03263,TIGR03594,TIGR03625,TIGR03632,TIGR03654,TIGR03723,TIGR03725,TIGR03953	TIGR00382,TIGR00928		TIGR00810,TIGR00964
GCF_028910655.1_genome	116	2	0	2	PF00380.20,PF00410.20,PF00466.21,PF01025.20,PF02576.18,PF03726.15,TIGR00006,TIGR00019,TIGR00020,TIGR00029,TIGR00043,TIGR00054,TIGR00059,TIGR00061,TIGR00064,TIGR00065,TIGR00082,TIGR00083,TIGR00084,TIGR00086,TIGR00088,TIGR00090,TIGR00092,TIGR00095,TIGR00115,TIGR00116,TIGR00138,TIGR00158,TIGR00166,TIGR00168,TIGR00186,TIGR00194,TIGR00250,TIGR00337,TIGR00344,TIGR00362,TIGR00392,TIGR00396,TIGR00398,TIGR00414,TIGR00416,TIGR00420,TIGR00431,TIGR00435,TIGR00436,TIGR00442,TIGR00445,TIGR00456,TIGR00459,TIGR00460,TIGR00468,TIGR00472,TIGR00487,TIGR00496,TIGR00539,TIGR00580,TIGR00593,TIGR00615,TIGR00631,TIGR00634,TIGR00635,TIGR00643,TIGR00663,TIGR00717,TIGR00755,TIGR00922,TIGR00959,TIGR00963,TIGR00967,TIGR01009,TIGR01011,TIGR01017,TIGR01021,TIGR01029,TIGR01032,TIGR01039,TIGR01044,TIGR01059,TIGR01063,TIGR01066,TIGR01071,TIGR01079,TIGR01082,TIGR01087,TIGR01128,TIGR01146,TIGR01164,TIGR01169,TIGR01171,TIGR01302,TIGR01391,TIGR01393,TIGR01394,TIGR01510,TIGR01632,TIGR01951,TIGR01953,TIGR02012,TIGR02013,TIGR02027,TIGR02075,TIGR02191,TIGR02273,TIGR02350,TIGR02386,TIGR02397,TIGR02432,TIGR02729,TIGR03263,TIGR03594,TIGR03625,TIGR03632,TIGR03654,TIGR03723,TIGR03725,TIGR03953	TIGR00382,TIGR00928		TIGR00810,TIGR00964
GCF_030326365.1_genome	114	4	0	2	PF00380.20,PF00410.20,PF00466.21,PF01025.20,PF02576.18,PF03726.15,TIGR00006,TIGR00019,TIGR00020,TIGR00029,TIGR00043,TIGR00054,TIGR00059,TIGR00061,TIGR00064,TIGR00065,TIGR00082,TIGR00083,TIGR00084,TIGR00086,TIGR00088,TIGR00090,TIGR00092,TIGR00095,TIGR00115,TIGR00116,TIGR00138,TIGR00158,TIGR00166,TIGR00168,TIGR00186,TIGR00194,TIGR00250,TIGR00337,TIGR00344,TIGR00362,TIGR00392,TIGR00396,TIGR00398,TIGR00414,TIGR00416,TIGR00420,TIGR00431,TIGR00435,TIGR00436,TIGR00442,TIGR00445,TIGR00456,TIGR00459,TIGR00460,TIGR00468,TIGR00472,TIGR00487,TIGR00496,TIGR00539,TIGR00580,TIGR00593,TIGR00615,TIGR00631,TIGR00634,TIGR00635,TIGR00643,TIGR00717,TIGR00755,TIGR00922,TIGR00959,TIGR00963,TIGR00967,TIGR01009,TIGR01011,TIGR01017,TIGR01021,TIGR01029,TIGR01032,TIGR01039,TIGR01044,TIGR01059,TIGR01063,TIGR01066,TIGR01071,TIGR01079,TIGR01082,TIGR01087,TIGR01128,TIGR01146,TIGR01164,TIGR01169,TIGR01171,TIGR01302,TIGR01391,TIGR01393,TIGR01394,TIGR01510,TIGR01632,TIGR01951,TIGR01953,TIGR02013,TIGR02027,TIGR02075,TIGR02191,TIGR02273,TIGR02350,TIGR02386,TIGR02397,TIGR02432,TIGR02729,TIGR03263,TIGR03594,TIGR03625,TIGR03632,TIGR03654,TIGR03723,TIGR03725,TIGR03953	TIGR00382,TIGR00663,TIGR00928,TIGR02012		TIGR00810,TIGR00964
GCF_030326375.1_genome	114	4	0	2	PF00380.20,PF00410.20,PF00466.21,PF01025.20,PF02576.18,PF03726.15,TIGR00006,TIGR00019,TIGR00020,TIGR00029,TIGR00043,TIGR00054,TIGR00059,TIGR00061,TIGR00064,TIGR00065,TIGR00082,TIGR00083,TIGR00084,TIGR00086,TIGR00088,TIGR00090,TIGR00092,TIGR00095,TIGR00115,TIGR00116,TIGR00138,TIGR00158,TIGR00166,TIGR00168,TIGR00186,TIGR00194,TIGR00250,TIGR00337,TIGR00344,TIGR00362,TIGR00392,TIGR00396,TIGR00398,TIGR00414,TIGR00416,TIGR00420,TIGR00431,TIGR00435,TIGR00436,TIGR00442,TIGR00445,TIGR00456,TIGR00459,TIGR00460,TIGR00468,TIGR00472,TIGR00487,TIGR00496,TIGR00539,TIGR00580,TIGR00593,TIGR00615,TIGR00631,TIGR00634,TIGR00635,TIGR00643,TIGR00717,TIGR00755,TIGR00922,TIGR00959,TIGR00963,TIGR00967,TIGR01009,TIGR01011,TIGR01017,TIGR01021,TIGR01029,TIGR01032,TIGR01039,TIGR01044,TIGR01059,TIGR01063,TIGR01066,TIGR01071,TIGR01079,TIGR01082,TIGR01087,TIGR01128,TIGR01146,TIGR01164,TIGR01169,TIGR01171,TIGR01302,TIGR01391,TIGR01393,TIGR01394,TIGR01510,TIGR01632,TIGR01951,TIGR01953,TIGR02013,TIGR02027,TIGR02075,TIGR02191,TIGR02273,TIGR02350,TIGR02386,TIGR02397,TIGR02432,TIGR02729,TIGR03263,TIGR03594,TIGR03625,TIGR03632,TIGR03654,TIGR03723,TIGR03725,TIGR03953	TIGR00382,TIGR00663,TIGR00928,TIGR02012		TIGR00810,TIGR00964
GCF_030326405.1_genome	114	4	0	2	PF00380.20,PF00410.20,PF00466.21,PF01025.20,PF02576.18,PF03726.15,TIGR00006,TIGR00019,TIGR00020,TIGR00029,TIGR00043,TIGR00054,TIGR00059,TIGR00061,TIGR00064,TIGR00065,TIGR00082,TIGR00083,TIGR00084,TIGR00086,TIGR00088,TIGR00090,TIGR00092,TIGR00095,TIGR00115,TIGR00116,TIGR00138,TIGR00158,TIGR00166,TIGR00168,TIGR00186,TIGR00194,TIGR00250,TIGR00337,TIGR00344,TIGR00362,TIGR00392,TIGR00396,TIGR00398,TIGR00414,TIGR00416,TIGR00420,TIGR00431,TIGR00435,TIGR00436,TIGR00442,TIGR00445,TIGR00456,TIGR00459,TIGR00460,TIGR00468,TIGR00472,TIGR00487,TIGR00496,TIGR00539,TIGR00580,TIGR00593,TIGR00615,TIGR00631,TIGR00634,TIGR00635,TIGR00643,TIGR00717,TIGR00755,TIGR00922,TIGR00959,TIGR00963,TIGR00967,TIGR01009,TIGR01011,TIGR01017,TIGR01021,TIGR01029,TIGR01032,TIGR01039,TIGR01044,TIGR01059,TIGR01063,TIGR01066,TIGR01071,TIGR01079,TIGR01082,TIGR01087,TIGR01128,TIGR01146,TIGR01164,TIGR01169,TIGR01171,TIGR01302,TIGR01391,TIGR01393,TIGR01394,TIGR01510,TIGR01632,TIGR01951,TIGR01953,TIGR02013,TIGR02027,TIGR02075,TIGR02191,TIGR02273,TIGR02350,TIGR02386,TIGR02397,TIGR02432,TIGR02729,TIGR03263,TIGR03594,TIGR03625,TIGR03632,TIGR03654,TIGR03723,TIGR03725,TIGR03953	TIGR00382,TIGR00663,TIGR00928,TIGR02012		TIGR00810,TIGR00964
GCF_030326425.1_genome	114	4	0	2	PF00380.20,PF00410.20,PF00466.21,PF01025.20,PF02576.18,PF03726.15,TIGR00006,TIGR00019,TIGR00020,TIGR00029,TIGR00043,TIGR00054,TIGR00059,TIGR00061,TIGR00064,TIGR00065,TIGR00082,TIGR00083,TIGR00084,TIGR00086,TIGR00088,TIGR00090,TIGR00092,TIGR00095,TIGR00115,TIGR00116,TIGR00138,TIGR00158,TIGR00166,TIGR00168,TIGR00186,TIGR00194,TIGR00250,TIGR00337,TIGR00344,TIGR00362,TIGR00392,TIGR00396,TIGR00398,TIGR00414,TIGR00416,TIGR00420,TIGR00431,TIGR00435,TIGR00436,TIGR00442,TIGR00445,TIGR00456,TIGR00459,TIGR00460,TIGR00468,TIGR00472,TIGR00487,TIGR00496,TIGR00539,TIGR00580,TIGR00593,TIGR00615,TIGR00631,TIGR00634,TIGR00635,TIGR00643,TIGR00717,TIGR00755,TIGR00922,TIGR00959,TIGR00963,TIGR00967,TIGR01009,TIGR01011,TIGR01017,TIGR01021,TIGR01029,TIGR01032,TIGR01039,TIGR01044,TIGR01059,TIGR01063,TIGR01066,TIGR01071,TIGR01079,TIGR01082,TIGR01087,TIGR01128,TIGR01146,TIGR01164,TIGR01169,TIGR01171,TIGR01302,TIGR01391,TIGR01393,TIGR01394,TIGR01510,TIGR01632,TIGR01951,TIGR01953,TIGR02013,TIGR02027,TIGR02075,TIGR02191,TIGR02273,TIGR02350,TIGR02386,TIGR02397,TIGR02432,TIGR02729,TIGR03263,TIGR03594,TIGR03625,TIGR03632,TIGR03654,TIGR03723,TIGR03725,TIGR03953	TIGR00382,TIGR00663,TIGR00928,TIGR02012		TIGR00810,TIGR00964
GCF_030503445.1_genome	114	4	0	2	PF00380.20,PF00410.20,PF00466.21,PF01025.20,PF02576.18,PF03726.15,TIGR00006,TIGR00019,TIGR00020,TIGR00029,TIGR00043,TIGR00054,TIGR00059,TIGR00061,TIGR00064,TIGR00065,TIGR00082,TIGR00083,TIGR00084,TIGR00086,TIGR00088,TIGR00090,TIGR00092,TIGR00095,TIGR00115,TIGR00116,TIGR00138,TIGR00158,TIGR00166,TIGR00168,TIGR00186,TIGR00194,TIGR00250,TIGR00337,TIGR00344,TIGR00362,TIGR00392,TIGR00396,TIGR00398,TIGR00414,TIGR00416,TIGR00420,TIGR00431,TIGR00435,TIGR00436,TIGR00442,TIGR00445,TIGR00456,TIGR00459,TIGR00460,TIGR00468,TIGR00472,TIGR00487,TIGR00496,TIGR00539,TIGR00580,TIGR00593,TIGR00615,TIGR00631,TIGR00634,TIGR00635,TIGR00643,TIGR00717,TIGR00755,TIGR00922,TIGR00959,TIGR00963,TIGR00967,TIGR01009,TIGR01011,TIGR01017,TIGR01021,TIGR01029,TIGR01032,TIGR01039,TIGR01044,TIGR01059,TIGR01063,TIGR01066,TIGR01071,TIGR01079,TIGR01082,TIGR01087,TIGR01128,TIGR01146,TIGR01164,TIGR01169,TIGR01171,TIGR01302,TIGR01391,TIGR01393,TIGR01394,TIGR01510,TIGR01632,TIGR01951,TIGR01953,TIGR02013,TIGR02027,TIGR02075,TIGR02191,TIGR02273,TIGR02350,TIGR02386,TIGR02397,TIGR02432,TIGR02729,TIGR03263,TIGR03594,TIGR03625,TIGR03632,TIGR03654,TIGR03723,TIGR03725,TIGR03953	TIGR00382,TIGR00663,TIGR00928,TIGR02012		TIGR00810,TIGR00964
GCF_032469015.1_genome	116	2	0	2	PF00380.20,PF00410.20,PF00466.21,PF01025.20,PF02576.18,PF03726.15,TIGR00006,TIGR00019,TIGR00020,TIGR00029,TIGR00043,TIGR00054,TIGR00059,TIGR00061,TIGR00064,TIGR00065,TIGR00082,TIGR00083,TIGR00084,TIGR00086,TIGR00088,TIGR00090,TIGR00092,TIGR00095,TIGR00115,TIGR00116,TIGR00138,TIGR00158,TIGR00166,TIGR00168,TIGR00186,TIGR00194,TIGR00250,TIGR00337,TIGR00344,TIGR00362,TIGR00392,TIGR00396,TIGR00398,TIGR00414,TIGR00416,TIGR00420,TIGR00431,TIGR00435,TIGR00436,TIGR00442,TIGR00445,TIGR00456,TIGR00459,TIGR00460,TIGR00468,TIGR00472,TIGR00487,TIGR00496,TIGR00539,TIGR00580,TIGR00593,TIGR00615,TIGR00631,TIGR00634,TIGR00635,TIGR00643,TIGR00663,TIGR00717,TIGR00755,TIGR00922,TIGR00959,TIGR00963,TIGR00967,TIGR01009,TIGR01011,TIGR01017,TIGR01021,TIGR01029,TIGR01032,TIGR01039,TIGR01044,TIGR01059,TIGR01063,TIGR01066,TIGR01071,TIGR01079,TIGR01082,TIGR01087,TIGR01128,TIGR01146,TIGR01164,TIGR01169,TIGR01171,TIGR01302,TIGR01391,TIGR01393,TIGR01394,TIGR01510,TIGR01632,TIGR01951,TIGR01953,TIGR02012,TIGR02013,TIGR02027,TIGR02075,TIGR02191,TIGR02273,TIGR02350,TIGR02386,TIGR02397,TIGR02432,TIGR02729,TIGR03263,TIGR03594,TIGR03625,TIGR03632,TIGR03654,TIGR03723,TIGR03725,TIGR03953	TIGR00382,TIGR00928		TIGR00810,TIGR00964
GCF_032469035.1_genome	115	3	0	2	PF00380.20,PF00410.20,PF00466.21,PF01025.20,PF02576.18,PF03726.15,TIGR00006,TIGR00019,TIGR00020,TIGR00029,TIGR00043,TIGR00054,TIGR00059,TIGR00061,TIGR00064,TIGR00065,TIGR00082,TIGR00083,TIGR00084,TIGR00086,TIGR00088,TIGR00090,TIGR00092,TIGR00095,TIGR00115,TIGR00116,TIGR00138,TIGR00158,TIGR00166,TIGR00168,TIGR00186,TIGR00194,TIGR00250,TIGR00337,TIGR00344,TIGR00362,TIGR00392,TIGR00396,TIGR00398,TIGR00414,TIGR00416,TIGR00420,TIGR00431,TIGR00435,TIGR00436,TIGR00442,TIGR00445,TIGR00456,TIGR00459,TIGR00460,TIGR00468,TIGR00472,TIGR00487,TIGR00496,TIGR00539,TIGR00580,TIGR00593,TIGR00615,TIGR00634,TIGR00635,TIGR00643,TIGR00663,TIGR00717,TIGR00755,TIGR00922,TIGR00959,TIGR00963,TIGR00967,TIGR01009,TIGR01011,TIGR01017,TIGR01021,TIGR01029,TIGR01032,TIGR01039,TIGR01044,TIGR01059,TIGR01063,TIGR01066,TIGR01071,TIGR01079,TIGR01082,TIGR01087,TIGR01128,TIGR01146,TIGR01164,TIGR01169,TIGR01171,TIGR01302,TIGR01391,TIGR01393,TIGR01394,TIGR01510,TIGR01632,TIGR01951,TIGR01953,TIGR02012,TIGR02013,TIGR02027,TIGR02075,TIGR02191,TIGR02273,TIGR02350,TIGR02386,TIGR02397,TIGR02432,TIGR02729,TIGR03263,TIGR03594,TIGR03625,TIGR03632,TIGR03654,TIGR03723,TIGR03725,TIGR03953	TIGR00382,TIGR00631,TIGR00928		TIGR00810,TIGR00964
GCF_032469055.1_genome	116	2	0	2	PF00380.20,PF00410.20,PF00466.21,PF01025.20,PF02576.18,PF03726.15,TIGR00006,TIGR00019,TIGR00020,TIGR00029,TIGR00043,TIGR00054,TIGR00059,TIGR00061,TIGR00064,TIGR00065,TIGR00082,TIGR00083,TIGR00084,TIGR00086,TIGR00088,TIGR00090,TIGR00092,TIGR00095,TIGR00115,TIGR00116,TIGR00138,TIGR00158,TIGR00166,TIGR00168,TIGR00186,TIGR00194,TIGR00250,TIGR00337,TIGR00344,TIGR00362,TIGR00392,TIGR00396,TIGR00398,TIGR00414,TIGR00416,TIGR00420,TIGR00431,TIGR00435,TIGR00436,TIGR00442,TIGR00445,TIGR00456,TIGR00459,TIGR00460,TIGR00468,TIGR00472,TIGR00487,TIGR00496,TIGR00539,TIGR00580,TIGR00593,TIGR00615,TIGR00631,TIGR00634,TIGR00635,TIGR00643,TIGR00663,TIGR00717,TIGR00755,TIGR00922,TIGR00959,TIGR00963,TIGR00967,TIGR01009,TIGR01011,TIGR01017,TIGR01021,TIGR01029,TIGR01032,TIGR01039,TIGR01044,TIGR01059,TIGR01063,TIGR01066,TIGR01071,TIGR01079,TIGR01082,TIGR01087,TIGR01128,TIGR01146,TIGR01164,TIGR01169,TIGR01171,TIGR01302,TIGR01391,TIGR01393,TIGR01394,TIGR01510,TIGR01632,TIGR01951,TIGR01953,TIGR02012,TIGR02013,TIGR02027,TIGR02075,TIGR02191,TIGR02273,TIGR02350,TIGR02386,TIGR02397,TIGR02432,TIGR02729,TIGR03263,TIGR03594,TIGR03625,TIGR03632,TIGR03654,TIGR03723,TIGR03725,TIGR03953	TIGR00382,TIGR00928		TIGR00810,TIGR00964
GCF_032469075.1_genome	115	3	0	2	PF00380.20,PF00410.20,PF00466.21,PF01025.20,PF02576.18,PF03726.15,TIGR00006,TIGR00019,TIGR00020,TIGR00029,TIGR00043,TIGR00054,TIGR00059,TIGR00061,TIGR00064,TIGR00065,TIGR00082,TIGR00083,TIGR00084,TIGR00086,TIGR00088,TIGR00090,TIGR00092,TIGR00095,TIGR00115,TIGR00116,TIGR00138,TIGR00158,TIGR00166,TIGR00168,TIGR00186,TIGR00194,TIGR00250,TIGR00337,TIGR00344,TIGR00362,TIGR00392,TIGR00396,TIGR00398,TIGR00414,TIGR00416,TIGR00420,TIGR00431,TIGR00435,TIGR00436,TIGR00442,TIGR00445,TIGR00456,TIGR00459,TIGR00460,TIGR00468,TIGR00472,TIGR00487,TIGR00496,TIGR00539,TIGR00580,TIGR00593,TIGR00615,TIGR00634,TIGR00635,TIGR00643,TIGR00663,TIGR00717,TIGR00755,TIGR00922,TIGR00959,TIGR00963,TIGR00967,TIGR01009,TIGR01011,TIGR01017,TIGR01021,TIGR01029,TIGR01032,TIGR01039,TIGR01044,TIGR01059,TIGR01063,TIGR01066,TIGR01071,TIGR01079,TIGR01082,TIGR01087,TIGR01128,TIGR01146,TIGR01164,TIGR01169,TIGR01171,TIGR01302,TIGR01391,TIGR01393,TIGR01394,TIGR01510,TIGR01632,TIGR01951,TIGR01953,TIGR02012,TIGR02013,TIGR02027,TIGR02075,TIGR02191,TIGR02273,TIGR02350,TIGR02386,TIGR02397,TIGR02432,TIGR02729,TIGR03263,TIGR03594,TIGR03625,TIGR03632,TIGR03654,TIGR03723,TIGR03725,TIGR03953	TIGR00382,TIGR00631,TIGR00928		TIGR00810,TIGR00964
GCF_032469095.1_genome	116	2	0	2	PF00380.20,PF00410.20,PF00466.21,PF01025.20,PF02576.18,PF03726.15,TIGR00006,TIGR00019,TIGR00020,TIGR00029,TIGR00043,TIGR00054,TIGR00059,TIGR00061,TIGR00064,TIGR00065,TIGR00082,TIGR00083,TIGR00084,TIGR00086,TIGR00088,TIGR00090,TIGR00092,TIGR00095,TIGR00115,TIGR00116,TIGR00138,TIGR00158,TIGR00166,TIGR00168,TIGR00186,TIGR00194,TIGR00250,TIGR00337,TIGR00344,TIGR00362,TIGR00392,TIGR00396,TIGR00398,TIGR00414,TIGR00416,TIGR00420,TIGR00431,TIGR00435,TIGR00436,TIGR00442,TIGR00445,TIGR00456,TIGR00459,TIGR00460,TIGR00468,TIGR00472,TIGR00487,TIGR00496,TIGR00539,TIGR00580,TIGR00593,TIGR00615,TIGR00631,TIGR00634,TIGR00635,TIGR00643,TIGR00663,TIGR00717,TIGR00755,TIGR00922,TIGR00959,TIGR00963,TIGR00967,TIGR01009,TIGR01011,TIGR01017,TIGR01021,TIGR01029,TIGR01032,TIGR01039,TIGR01044,TIGR01059,TIGR01063,TIGR01066,TIGR01071,TIGR01079,TIGR01082,TIGR01087,TIGR01128,TIGR01146,TIGR01164,TIGR01169,TIGR01171,TIGR01302,TIGR01391,TIGR01393,TIGR01394,TIGR01510,TIGR01632,TIGR01951,TIGR01953,TIGR02012,TIGR02013,TIGR02027,TIGR02075,TIGR02191,TIGR02273,TIGR02350,TIGR02386,TIGR02397,TIGR02432,TIGR02729,TIGR03263,TIGR03594,TIGR03625,TIGR03632,TIGR03654,TIGR03723,TIGR03725,TIGR03953	TIGR00382,TIGR00928		TIGR00810,TIGR00964
GCF_032469115.1_genome	116	2	0	2	PF00380.20,PF00410.20,PF00466.21,PF01025.20,PF02576.18,PF03726.15,TIGR00006,TIGR00019,TIGR00020,TIGR00029,TIGR00043,TIGR00054,TIGR00059,TIGR00061,TIGR00064,TIGR00065,TIGR00082,TIGR00083,TIGR00084,TIGR00086,TIGR00088,TIGR00090,TIGR00092,TIGR00095,TIGR00115,TIGR00116,TIGR00138,TIGR00158,TIGR00166,TIGR00168,TIGR00186,TIGR00194,TIGR00250,TIGR00337,TIGR00344,TIGR00362,TIGR00392,TIGR00396,TIGR00398,TIGR00414,TIGR00416,TIGR00420,TIGR00431,TIGR00435,TIGR00436,TIGR00442,TIGR00445,TIGR00456,TIGR00459,TIGR00460,TIGR00468,TIGR00472,TIGR00487,TIGR00496,TIGR00539,TIGR00580,TIGR00593,TIGR00615,TIGR00631,TIGR00634,TIGR00635,TIGR00643,TIGR00663,TIGR00717,TIGR00755,TIGR00922,TIGR00959,TIGR00963,TIGR00967,TIGR01009,TIGR01011,TIGR01017,TIGR01021,TIGR01029,TIGR01032,TIGR01039,TIGR01044,TIGR01059,TIGR01063,TIGR01066,TIGR01071,TIGR01079,TIGR01082,TIGR01087,TIGR01128,TIGR01146,TIGR01164,TIGR01169,TIGR01171,TIGR01302,TIGR01391,TIGR01393,TIGR01394,TIGR01510,TIGR01632,TIGR01951,TIGR01953,TIGR02012,TIGR02013,TIGR02027,TIGR02075,TIGR02191,TIGR02273,TIGR02350,TIGR02386,TIGR02397,TIGR02432,TIGR02729,TIGR03263,TIGR03594,TIGR03625,TIGR03632,TIGR03654,TIGR03723,TIGR03725,TIGR03953	TIGR00382,TIGR00928		TIGR00810,TIGR00964
GCF_032469135.1_genome	116	2	0	2	PF00380.20,PF00410.20,PF00466.21,PF01025.20,PF02576.18,PF03726.15,TIGR00006,TIGR00019,TIGR00020,TIGR00029,TIGR00043,TIGR00054,TIGR00059,TIGR00061,TIGR00064,TIGR00065,TIGR00082,TIGR00083,TIGR00084,TIGR00086,TIGR00088,TIGR00090,TIGR00092,TIGR00095,TIGR00115,TIGR00116,TIGR00138,TIGR00158,TIGR00166,TIGR00168,TIGR00186,TIGR00194,TIGR00250,TIGR00337,TIGR00344,TIGR00362,TIGR00392,TIGR00396,TIGR00398,TIGR00414,TIGR00416,TIGR00420,TIGR00431,TIGR00435,TIGR00436,TIGR00442,TIGR00445,TIGR00456,TIGR00459,TIGR00460,TIGR00468,TIGR00472,TIGR00487,TIGR00496,TIGR00539,TIGR00580,TIGR00593,TIGR00615,TIGR00631,TIGR00634,TIGR00635,TIGR00643,TIGR00663,TIGR00717,TIGR00755,TIGR00922,TIGR00959,TIGR00963,TIGR00967,TIGR01009,TIGR01011,TIGR01017,TIGR01021,TIGR01029,TIGR01032,TIGR01039,TIGR01044,TIGR01059,TIGR01063,TIGR01066,TIGR01071,TIGR01079,TIGR01082,TIGR01087,TIGR01128,TIGR01146,TIGR01164,TIGR01169,TIGR01171,TIGR01302,TIGR01391,TIGR01393,TIGR01394,TIGR01510,TIGR01632,TIGR01951,TIGR01953,TIGR02012,TIGR02013,TIGR02027,TIGR02075,TIGR02191,TIGR02273,TIGR02350,TIGR02386,TIGR02397,TIGR02432,TIGR02729,TIGR03263,TIGR03594,TIGR03625,TIGR03632,TIGR03654,TIGR03723,TIGR03725,TIGR03953	TIGR00382,TIGR00928		TIGR00810,TIGR00964
GCF_032469155.1_genome	116	2	0	2	PF00380.20,PF00410.20,PF00466.21,PF01025.20,PF02576.18,PF03726.15,TIGR00006,TIGR00019,TIGR00020,TIGR00029,TIGR00043,TIGR00054,TIGR00059,TIGR00061,TIGR00064,TIGR00065,TIGR00082,TIGR00083,TIGR00084,TIGR00086,TIGR00088,TIGR00090,TIGR00092,TIGR00095,TIGR00115,TIGR00116,TIGR00138,TIGR00158,TIGR00166,TIGR00168,TIGR00186,TIGR00194,TIGR00250,TIGR00337,TIGR00344,TIGR00362,TIGR00392,TIGR00396,TIGR00398,TIGR00414,TIGR00416,TIGR00420,TIGR00431,TIGR00435,TIGR00436,TIGR00442,TIGR00445,TIGR00456,TIGR00459,TIGR00460,TIGR00468,TIGR00472,TIGR00487,TIGR00496,TIGR00539,TIGR00580,TIGR00593,TIGR00615,TIGR00631,TIGR00634,TIGR00635,TIGR00643,TIGR00663,TIGR00717,TIGR00755,TIGR00922,TIGR00959,TIGR00963,TIGR00967,TIGR01009,TIGR01011,TIGR01017,TIGR01021,TIGR01029,TIGR01032,TIGR01039,TIGR01044,TIGR01059,TIGR01063,TIGR01066,TIGR01071,TIGR01079,TIGR01082,TIGR01087,TIGR01128,TIGR01146,TIGR01164,TIGR01169,TIGR01171,TIGR01302,TIGR01391,TIGR01393,TIGR01394,TIGR01510,TIGR01632,TIGR01951,TIGR01953,TIGR02012,TIGR02013,TIGR02027,TIGR02075,TIGR02191,TIGR02273,TIGR02350,TIGR02386,TIGR02397,TIGR02432,TIGR02729,TIGR03263,TIGR03594,TIGR03625,TIGR03632,TIGR03654,TIGR03723,TIGR03725,TIGR03953	TIGR00382,TIGR00928		TIGR00810,TIGR00964
GCF_032469175.1_genome	116	2	0	2	PF00380.20,PF00410.20,PF00466.21,PF01025.20,PF02576.18,PF03726.15,TIGR00006,TIGR00019,TIGR00020,TIGR00029,TIGR00043,TIGR00054,TIGR00059,TIGR00061,TIGR00064,TIGR00065,TIGR00082,TIGR00083,TIGR00084,TIGR00086,TIGR00088,TIGR00090,TIGR00092,TIGR00095,TIGR00115,TIGR00116,TIGR00138,TIGR00158,TIGR00166,TIGR00168,TIGR00186,TIGR00194,TIGR00250,TIGR00337,TIGR00344,TIGR00362,TIGR00392,TIGR00396,TIGR00398,TIGR00414,TIGR00416,TIGR00420,TIGR00431,TIGR00435,TIGR00436,TIGR00442,TIGR00445,TIGR00456,TIGR00459,TIGR00460,TIGR00468,TIGR00472,TIGR00487,TIGR00496,TIGR00539,TIGR00580,TIGR00593,TIGR00615,TIGR00631,TIGR00634,TIGR00635,TIGR00643,TIGR00663,TIGR00717,TIGR00755,TIGR00922,TIGR00959,TIGR00963,TIGR00967,TIGR01009,TIGR01011,TIGR01017,TIGR01021,TIGR01029,TIGR01032,TIGR01039,TIGR01044,TIGR01059,TIGR01063,TIGR01066,TIGR01071,TIGR01079,TIGR01082,TIGR01087,TIGR01128,TIGR01146,TIGR01164,TIGR01169,TIGR01171,TIGR01302,TIGR01391,TIGR01393,TIGR01394,TIGR01510,TIGR01632,TIGR01951,TIGR01953,TIGR02012,TIGR02013,TIGR02027,TIGR02075,TIGR02191,TIGR02273,TIGR02350,TIGR02386,TIGR02397,TIGR02432,TIGR02729,TIGR03263,TIGR03594,TIGR03625,TIGR03632,TIGR03654,TIGR03723,TIGR03725,TIGR03953	TIGR00382,TIGR00928		TIGR00810,TIGR00964
GCF_032469195.1_genome	116	2	0	2	PF00380.20,PF00410.20,PF00466.21,PF01025.20,PF02576.18,PF03726.15,TIGR00006,TIGR00019,TIGR00020,TIGR00029,TIGR00043,TIGR00054,TIGR00059,TIGR00061,TIGR00064,TIGR00065,TIGR00082,TIGR00083,TIGR00084,TIGR00086,TIGR00088,TIGR00090,TIGR00092,TIGR00095,TIGR00115,TIGR00116,TIGR00138,TIGR00158,TIGR00166,TIGR00168,TIGR00186,TIGR00194,TIGR00250,TIGR00337,TIGR00344,TIGR00362,TIGR00392,TIGR00396,TIGR00398,TIGR00414,TIGR00416,TIGR00420,TIGR00431,TIGR00435,TIGR00436,TIGR00442,TIGR00445,TIGR00456,TIGR00459,TIGR00460,TIGR00468,TIGR00472,TIGR00487,TIGR00496,TIGR00539,TIGR00580,TIGR00593,TIGR00615,TIGR00631,TIGR00634,TIGR00635,TIGR00643,TIGR00663,TIGR00717,TIGR00755,TIGR00922,TIGR00959,TIGR00963,TIGR00967,TIGR01009,TIGR01011,TIGR01017,TIGR01021,TIGR01029,TIGR01032,TIGR01039,TIGR01044,TIGR01059,TIGR01063,TIGR01066,TIGR01071,TIGR01079,TIGR01082,TIGR01087,TIGR01128,TIGR01146,TIGR01164,TIGR01169,TIGR01171,TIGR01302,TIGR01391,TIGR01393,TIGR01394,TIGR01510,TIGR01632,TIGR01951,TIGR01953,TIGR02012,TIGR02013,TIGR02027,TIGR02075,TIGR02191,TIGR02273,TIGR02350,TIGR02386,TIGR02397,TIGR02432,TIGR02729,TIGR03263,TIGR03594,TIGR03625,TIGR03632,TIGR03654,TIGR03723,TIGR03725,TIGR03953	TIGR00382,TIGR00928		TIGR00810,TIGR00964
GCF_032469215.1_genome	116	2	0	2	PF00380.20,PF00410.20,PF00466.21,PF01025.20,PF02576.18,PF03726.15,TIGR00006,TIGR00019,TIGR00020,TIGR00029,TIGR00043,TIGR00054,TIGR00059,TIGR00061,TIGR00064,TIGR00065,TIGR00082,TIGR00083,TIGR00084,TIGR00086,TIGR00088,TIGR00090,TIGR00092,TIGR00095,TIGR00115,TIGR00116,TIGR00138,TIGR00158,TIGR00166,TIGR00168,TIGR00186,TIGR00194,TIGR00250,TIGR00337,TIGR00344,TIGR00362,TIGR00392,TIGR00396,TIGR00398,TIGR00414,TIGR00416,TIGR00420,TIGR00431,TIGR00435,TIGR00436,TIGR00442,TIGR00445,TIGR00456,TIGR00459,TIGR00460,TIGR00468,TIGR00472,TIGR00487,TIGR00496,TIGR00539,TIGR00580,TIGR00593,TIGR00615,TIGR00631,TIGR00634,TIGR00635,TIGR00643,TIGR00663,TIGR00717,TIGR00755,TIGR00922,TIGR00959,TIGR00963,TIGR00967,TIGR01009,TIGR01011,TIGR01017,TIGR01021,TIGR01029,TIGR01032,TIGR01039,TIGR01044,TIGR01059,TIGR01063,TIGR01066,TIGR01071,TIGR01079,TIGR01082,TIGR01087,TIGR01128,TIGR01146,TIGR01164,TIGR01169,TIGR01171,TIGR01302,TIGR01391,TIGR01393,TIGR01394,TIGR01510,TIGR01632,TIGR01951,TIGR01953,TIGR02012,TIGR02013,TIGR02027,TIGR02075,TIGR02191,TIGR02273,TIGR02350,TIGR02386,TIGR02397,TIGR02432,TIGR02729,TIGR03263,TIGR03594,TIGR03625,TIGR03632,TIGR03654,TIGR03723,TIGR03725,TIGR03953	TIGR00382,TIGR00928		TIGR00810,TIGR00964
GCF_032469235.1_genome	116	2	0	2	PF00380.20,PF00410.20,PF00466.21,PF01025.20,PF02576.18,PF03726.15,TIGR00006,TIGR00019,TIGR00020,TIGR00029,TIGR00043,TIGR00054,TIGR00059,TIGR00061,TIGR00064,TIGR00065,TIGR00082,TIGR00083,TIGR00084,TIGR00086,TIGR00088,TIGR00090,TIGR00092,TIGR00095,TIGR00115,TIGR00116,TIGR00138,TIGR00158,TIGR00166,TIGR00168,TIGR00186,TIGR00194,TIGR00250,TIGR00337,TIGR00344,TIGR00362,TIGR00392,TIGR00396,TIGR00398,TIGR00414,TIGR00416,TIGR00420,TIGR00431,TIGR00435,TIGR00436,TIGR00442,TIGR00445,TIGR00456,TIGR00459,TIGR00460,TIGR00468,TIGR00472,TIGR00487,TIGR00496,TIGR00539,TIGR00580,TIGR00593,TIGR00615,TIGR00631,TIGR00634,TIGR00635,TIGR00643,TIGR00663,TIGR00717,TIGR00755,TIGR00922,TIGR00959,TIGR00963,TIGR00967,TIGR01009,TIGR01011,TIGR01017,TIGR01021,TIGR01029,TIGR01032,TIGR01039,TIGR01044,TIGR01059,TIGR01063,TIGR01066,TIGR01071,TIGR01079,TIGR01082,TIGR01087,TIGR01128,TIGR01146,TIGR01164,TIGR01169,TIGR01171,TIGR01302,TIGR01391,TIGR01393,TIGR01394,TIGR01510,TIGR01632,TIGR01951,TIGR01953,TIGR02012,TIGR02013,TIGR02027,TIGR02075,TIGR02191,TIGR02273,TIGR02350,TIGR02386,TIGR02397,TIGR02432,TIGR02729,TIGR03263,TIGR03594,TIGR03625,TIGR03632,TIGR03654,TIGR03723,TIGR03725,TIGR03953	TIGR00382,TIGR00928		TIGR00810,TIGR00964
GCF_032469255.1_genome	115	3	0	2	PF00380.20,PF00410.20,PF00466.21,PF01025.20,PF02576.18,PF03726.15,TIGR00006,TIGR00019,TIGR00020,TIGR00029,TIGR00043,TIGR00054,TIGR00059,TIGR00061,TIGR00064,TIGR00065,TIGR00082,TIGR00083,TIGR00084,TIGR00086,TIGR00088,TIGR00090,TIGR00092,TIGR00095,TIGR00115,TIGR00116,TIGR00138,TIGR00158,TIGR00166,TIGR00168,TIGR00186,TIGR00194,TIGR00250,TIGR00337,TIGR00344,TIGR00362,TIGR00392,TIGR00396,TIGR00398,TIGR00414,TIGR00416,TIGR00420,TIGR00431,TIGR00435,TIGR00436,TIGR00442,TIGR00445,TIGR00456,TIGR00459,TIGR00460,TIGR00468,TIGR00472,TIGR00487,TIGR00496,TIGR00539,TIGR00580,TIGR00593,TIGR00615,TIGR00634,TIGR00635,TIGR00643,TIGR00663,TIGR00717,TIGR00755,TIGR00922,TIGR00959,TIGR00963,TIGR00967,TIGR01009,TIGR01011,TIGR01017,TIGR01021,TIGR01029,TIGR01032,TIGR01039,TIGR01044,TIGR01059,TIGR01063,TIGR01066,TIGR01071,TIGR01079,TIGR01082,TIGR01087,TIGR01128,TIGR01146,TIGR01164,TIGR01169,TIGR01171,TIGR01302,TIGR01391,TIGR01393,TIGR01394,TIGR01510,TIGR01632,TIGR01951,TIGR01953,TIGR02012,TIGR02013,TIGR02027,TIGR02075,TIGR02191,TIGR02273,TIGR02350,TIGR02386,TIGR02397,TIGR02432,TIGR02729,TIGR03263,TIGR03594,TIGR03625,TIGR03632,TIGR03654,TIGR03723,TIGR03725,TIGR03953	TIGR00382,TIGR00631,TIGR00928		TIGR00810,TIGR00964
GCF_032469275.1_genome	116	2	0	2	PF00380.20,PF00410.20,PF00466.21,PF01025.20,PF02576.18,PF03726.15,TIGR00006,TIGR00019,TIGR00020,TIGR00029,TIGR00043,TIGR00054,TIGR00059,TIGR00061,TIGR00064,TIGR00065,TIGR00082,TIGR00083,TIGR00084,TIGR00086,TIGR00088,TIGR00090,TIGR00092,TIGR00095,TIGR00115,TIGR00116,TIGR00138,TIGR00158,TIGR00166,TIGR00168,TIGR00186,TIGR00194,TIGR00250,TIGR00337,TIGR00344,TIGR00362,TIGR00392,TIGR00396,TIGR00398,TIGR00414,TIGR00416,TIGR00420,TIGR00431,TIGR00435,TIGR00436,TIGR00442,TIGR00445,TIGR00456,TIGR00459,TIGR00460,TIGR00468,TIGR00472,TIGR00487,TIGR00496,TIGR00539,TIGR00580,TIGR00593,TIGR00615,TIGR00631,TIGR00634,TIGR00635,TIGR00643,TIGR00663,TIGR00717,TIGR00755,TIGR00922,TIGR00959,TIGR00963,TIGR00967,TIGR01009,TIGR01011,TIGR01017,TIGR01021,TIGR01029,TIGR01032,TIGR01039,TIGR01044,TIGR01059,TIGR01063,TIGR01066,TIGR01071,TIGR01079,TIGR01082,TIGR01087,TIGR01128,TIGR01146,TIGR01164,TIGR01169,TIGR01171,TIGR01302,TIGR01391,TIGR01393,TIGR01394,TIGR01510,TIGR01632,TIGR01951,TIGR01953,TIGR02012,TIGR02013,TIGR02027,TIGR02075,TIGR02191,TIGR02273,TIGR02350,TIGR02386,TIGR02397,TIGR02432,TIGR02729,TIGR03263,TIGR03594,TIGR03625,TIGR03632,TIGR03654,TIGR03723,TIGR03725,TIGR03953	TIGR00382,TIGR00928		TIGR00810,TIGR00964
GCF_032469295.1_genome	116	2	0	2	PF00380.20,PF00410.20,PF00466.21,PF01025.20,PF02576.18,PF03726.15,TIGR00006,TIGR00019,TIGR00020,TIGR00029,TIGR00043,TIGR00054,TIGR00059,TIGR00061,TIGR00064,TIGR00065,TIGR00082,TIGR00083,TIGR00084,TIGR00086,TIGR00088,TIGR00090,TIGR00092,TIGR00095,TIGR00115,TIGR00116,TIGR00138,TIGR00158,TIGR00166,TIGR00168,TIGR00186,TIGR00194,TIGR00250,TIGR00337,TIGR00344,TIGR00362,TIGR00392,TIGR00396,TIGR00398,TIGR00414,TIGR00416,TIGR00420,TIGR00431,TIGR00435,TIGR00436,TIGR00442,TIGR00445,TIGR00456,TIGR00459,TIGR00460,TIGR00468,TIGR00472,TIGR00487,TIGR00496,TIGR00539,TIGR00580,TIGR00593,TIGR00615,TIGR00631,TIGR00634,TIGR00635,TIGR00643,TIGR00663,TIGR00717,TIGR00755,TIGR00922,TIGR00959,TIGR00963,TIGR00967,TIGR01009,TIGR01011,TIGR01017,TIGR01021,TIGR01029,TIGR01032,TIGR01039,TIGR01044,TIGR01059,TIGR01063,TIGR01066,TIGR01071,TIGR01079,TIGR01082,TIGR01087,TIGR01128,TIGR01146,TIGR01164,TIGR01169,TIGR01171,TIGR01302,TIGR01391,TIGR01393,TIGR01394,TIGR01510,TIGR01632,TIGR01951,TIGR01953,TIGR02012,TIGR02013,TIGR02027,TIGR02075,TIGR02191,TIGR02273,TIGR02350,TIGR02386,TIGR02397,TIGR02432,TIGR02729,TIGR03263,TIGR03594,TIGR03625,TIGR03632,TIGR03654,TIGR03723,TIGR03725,TIGR03953	TIGR00382,TIGR00928		TIGR00810,TIGR00964
GCF_032469315.1_genome	116	2	0	2	PF00380.20,PF00410.20,PF00466.21,PF01025.20,PF02576.18,PF03726.15,TIGR00006,TIGR00019,TIGR00020,TIGR00029,TIGR00043,TIGR00054,TIGR00059,TIGR00061,TIGR00064,TIGR00065,TIGR00082,TIGR00083,TIGR00084,TIGR00086,TIGR00088,TIGR00090,TIGR00092,TIGR00095,TIGR00115,TIGR00116,TIGR00138,TIGR00158,TIGR00166,TIGR00168,TIGR00186,TIGR00194,TIGR00250,TIGR00337,TIGR00344,TIGR00362,TIGR00392,TIGR00396,TIGR00398,TIGR00414,TIGR00416,TIGR00420,TIGR00431,TIGR00435,TIGR00436,TIGR00442,TIGR00445,TIGR00456,TIGR00459,TIGR00460,TIGR00468,TIGR00472,TIGR00487,TIGR00496,TIGR00539,TIGR00580,TIGR00593,TIGR00615,TIGR00631,TIGR00634,TIGR00635,TIGR00643,TIGR00663,TIGR00717,TIGR00755,TIGR00922,TIGR00959,TIGR00963,TIGR00967,TIGR01009,TIGR01011,TIGR01017,TIGR01021,TIGR01029,TIGR01032,TIGR01039,TIGR01044,TIGR01059,TIGR01063,TIGR01066,TIGR01071,TIGR01079,TIGR01082,TIGR01087,TIGR01128,TIGR01146,TIGR01164,TIGR01169,TIGR01171,TIGR01302,TIGR01391,TIGR01393,TIGR01394,TIGR01510,TIGR01632,TIGR01951,TIGR01953,TIGR02012,TIGR02013,TIGR02027,TIGR02075,TIGR02191,TIGR02273,TIGR02350,TIGR02386,TIGR02397,TIGR02432,TIGR02729,TIGR03263,TIGR03594,TIGR03625,TIGR03632,TIGR03654,TIGR03723,TIGR03725,TIGR03953	TIGR00382,TIGR00928		TIGR00810,TIGR00964
GCF_032469335.1_genome	116	2	0	2	PF00380.20,PF00410.20,PF00466.21,PF01025.20,PF02576.18,PF03726.15,TIGR00006,TIGR00019,TIGR00020,TIGR00029,TIGR00043,TIGR00054,TIGR00059,TIGR00061,TIGR00064,TIGR00065,TIGR00082,TIGR00083,TIGR00084,TIGR00086,TIGR00088,TIGR00090,TIGR00092,TIGR00095,TIGR00115,TIGR00116,TIGR00138,TIGR00158,TIGR00166,TIGR00168,TIGR00186,TIGR00194,TIGR00250,TIGR00337,TIGR00344,TIGR00362,TIGR00392,TIGR00396,TIGR00398,TIGR00414,TIGR00416,TIGR00420,TIGR00431,TIGR00435,TIGR00436,TIGR00442,TIGR00445,TIGR00456,TIGR00459,TIGR00460,TIGR00468,TIGR00472,TIGR00487,TIGR00496,TIGR00539,TIGR00580,TIGR00593,TIGR00615,TIGR00631,TIGR00634,TIGR00635,TIGR00643,TIGR00663,TIGR00717,TIGR00755,TIGR00922,TIGR00959,TIGR00963,TIGR00967,TIGR01009,TIGR01011,TIGR01017,TIGR01021,TIGR01029,TIGR01032,TIGR01039,TIGR01044,TIGR01059,TIGR01063,TIGR01066,TIGR01071,TIGR01079,TIGR01082,TIGR01087,TIGR01128,TIGR01146,TIGR01164,TIGR01169,TIGR01171,TIGR01302,TIGR01391,TIGR01393,TIGR01394,TIGR01510,TIGR01632,TIGR01951,TIGR01953,TIGR02012,TIGR02013,TIGR02027,TIGR02075,TIGR02191,TIGR02273,TIGR02350,TIGR02386,TIGR02397,TIGR02432,TIGR02729,TIGR03263,TIGR03594,TIGR03625,TIGR03632,TIGR03654,TIGR03723,TIGR03725,TIGR03953	TIGR00382,TIGR00928		TIGR00810,TIGR00964
GCF_032469345.1_genome	116	2	0	2	PF00380.20,PF00410.20,PF00466.21,PF01025.20,PF02576.18,PF03726.15,TIGR00006,TIGR00019,TIGR00020,TIGR00029,TIGR00043,TIGR00054,TIGR00059,TIGR00061,TIGR00064,TIGR00065,TIGR00082,TIGR00083,TIGR00084,TIGR00086,TIGR00088,TIGR00090,TIGR00092,TIGR00095,TIGR00115,TIGR00116,TIGR00138,TIGR00158,TIGR00166,TIGR00168,TIGR00186,TIGR00194,TIGR00250,TIGR00337,TIGR00344,TIGR00362,TIGR00392,TIGR00396,TIGR00398,TIGR00414,TIGR00416,TIGR00420,TIGR00431,TIGR00435,TIGR00436,TIGR00442,TIGR00445,TIGR00456,TIGR00459,TIGR00460,TIGR00468,TIGR00472,TIGR00487,TIGR00496,TIGR00539,TIGR00580,TIGR00593,TIGR00615,TIGR00631,TIGR00634,TIGR00635,TIGR00643,TIGR00663,TIGR00717,TIGR00755,TIGR00922,TIGR00959,TIGR00963,TIGR00967,TIGR01009,TIGR01011,TIGR01017,TIGR01021,TIGR01029,TIGR01032,TIGR01039,TIGR01044,TIGR01059,TIGR01063,TIGR01066,TIGR01071,TIGR01079,TIGR01082,TIGR01087,TIGR01128,TIGR01146,TIGR01164,TIGR01169,TIGR01171,TIGR01302,TIGR01391,TIGR01393,TIGR01394,TIGR01510,TIGR01632,TIGR01951,TIGR01953,TIGR02012,TIGR02013,TIGR02027,TIGR02075,TIGR02191,TIGR02273,TIGR02350,TIGR02386,TIGR02397,TIGR02432,TIGR02729,TIGR03263,TIGR03594,TIGR03625,TIGR03632,TIGR03654,TIGR03723,TIGR03725,TIGR03953	TIGR00382,TIGR00928		TIGR00810,TIGR00964
GCF_032469375.1_genome	116	2	0	2	PF00380.20,PF00410.20,PF00466.21,PF01025.20,PF02576.18,PF03726.15,TIGR00006,TIGR00019,TIGR00020,TIGR00029,TIGR00043,TIGR00054,TIGR00059,TIGR00061,TIGR00064,TIGR00065,TIGR00082,TIGR00083,TIGR00084,TIGR00086,TIGR00088,TIGR00090,TIGR00092,TIGR00095,TIGR00115,TIGR00116,TIGR00138,TIGR00158,TIGR00166,TIGR00168,TIGR00186,TIGR00194,TIGR00250,TIGR00337,TIGR00344,TIGR00362,TIGR00392,TIGR00396,TIGR00398,TIGR00414,TIGR00416,TIGR00420,TIGR00431,TIGR00435,TIGR00436,TIGR00442,TIGR00445,TIGR00456,TIGR00459,TIGR00460,TIGR00468,TIGR00472,TIGR00487,TIGR00496,TIGR00539,TIGR00580,TIGR00593,TIGR00615,TIGR00631,TIGR00634,TIGR00635,TIGR00643,TIGR00663,TIGR00717,TIGR00755,TIGR00922,TIGR00959,TIGR00963,TIGR00967,TIGR01009,TIGR01011,TIGR01017,TIGR01021,TIGR01029,TIGR01032,TIGR01039,TIGR01044,TIGR01059,TIGR01063,TIGR01066,TIGR01071,TIGR01079,TIGR01082,TIGR01087,TIGR01128,TIGR01146,TIGR01164,TIGR01169,TIGR01171,TIGR01302,TIGR01391,TIGR01393,TIGR01394,TIGR01510,TIGR01632,TIGR01951,TIGR01953,TIGR02012,TIGR02013,TIGR02027,TIGR02075,TIGR02191,TIGR02273,TIGR02350,TIGR02386,TIGR02397,TIGR02432,TIGR02729,TIGR03263,TIGR03594,TIGR03625,TIGR03632,TIGR03654,TIGR03723,TIGR03725,TIGR03953	TIGR00382,TIGR00928		TIGR00810,TIGR00964
GCF_032469395.1_genome	116	2	0	2	PF00380.20,PF00410.20,PF00466.21,PF01025.20,PF02576.18,PF03726.15,TIGR00006,TIGR00019,TIGR00020,TIGR00029,TIGR00043,TIGR00054,TIGR00059,TIGR00061,TIGR00064,TIGR00065,TIGR00082,TIGR00083,TIGR00084,TIGR00086,TIGR00088,TIGR00090,TIGR00092,TIGR00095,TIGR00115,TIGR00116,TIGR00138,TIGR00158,TIGR00166,TIGR00168,TIGR00186,TIGR00194,TIGR00250,TIGR00337,TIGR00344,TIGR00362,TIGR00392,TIGR00396,TIGR00398,TIGR00414,TIGR00416,TIGR00420,TIGR00431,TIGR00435,TIGR00436,TIGR00442,TIGR00445,TIGR00456,TIGR00459,TIGR00460,TIGR00468,TIGR00472,TIGR00487,TIGR00496,TIGR00539,TIGR00580,TIGR00593,TIGR00615,TIGR00631,TIGR00634,TIGR00635,TIGR00643,TIGR00663,TIGR00717,TIGR00755,TIGR00922,TIGR00959,TIGR00963,TIGR00967,TIGR01009,TIGR01011,TIGR01017,TIGR01021,TIGR01029,TIGR01032,TIGR01039,TIGR01044,TIGR01059,TIGR01063,TIGR01066,TIGR01071,TIGR01079,TIGR01082,TIGR01087,TIGR01128,TIGR01146,TIGR01164,TIGR01169,TIGR01171,TIGR01302,TIGR01391,TIGR01393,TIGR01394,TIGR01510,TIGR01632,TIGR01951,TIGR01953,TIGR02012,TIGR02013,TIGR02027,TIGR02075,TIGR02191,TIGR02273,TIGR02350,TIGR02386,TIGR02397,TIGR02432,TIGR02729,TIGR03263,TIGR03594,TIGR03625,TIGR03632,TIGR03654,TIGR03723,TIGR03725,TIGR03953	TIGR00382,TIGR00928		TIGR00810,TIGR00964
GCF_032469415.1_genome	116	2	0	2	PF00380.20,PF00410.20,PF00466.21,PF01025.20,PF02576.18,PF03726.15,TIGR00006,TIGR00019,TIGR00020,TIGR00029,TIGR00043,TIGR00054,TIGR00059,TIGR00061,TIGR00064,TIGR00065,TIGR00082,TIGR00083,TIGR00084,TIGR00086,TIGR00088,TIGR00090,TIGR00092,TIGR00095,TIGR00115,TIGR00116,TIGR00138,TIGR00158,TIGR00166,TIGR00168,TIGR00186,TIGR00194,TIGR00250,TIGR00337,TIGR00344,TIGR00362,TIGR00392,TIGR00396,TIGR00398,TIGR00414,TIGR00416,TIGR00420,TIGR00431,TIGR00435,TIGR00436,TIGR00442,TIGR00445,TIGR00456,TIGR00459,TIGR00460,TIGR00468,TIGR00472,TIGR00487,TIGR00496,TIGR00539,TIGR00580,TIGR00593,TIGR00615,TIGR00631,TIGR00634,TIGR00635,TIGR00643,TIGR00663,TIGR00717,TIGR00755,TIGR00922,TIGR00959,TIGR00963,TIGR00967,TIGR01009,TIGR01011,TIGR01017,TIGR01021,TIGR01029,TIGR01032,TIGR01039,TIGR01044,TIGR01059,TIGR01063,TIGR01066,TIGR01071,TIGR01079,TIGR01082,TIGR01087,TIGR01128,TIGR01146,TIGR01164,TIGR01169,TIGR01171,TIGR01302,TIGR01391,TIGR01393,TIGR01394,TIGR01510,TIGR01632,TIGR01951,TIGR01953,TIGR02012,TIGR02013,TIGR02027,TIGR02075,TIGR02191,TIGR02273,TIGR02350,TIGR02386,TIGR02397,TIGR02432,TIGR02729,TIGR03263,TIGR03594,TIGR03625,TIGR03632,TIGR03654,TIGR03723,TIGR03725,TIGR03953	TIGR00382,TIGR00928		TIGR00810,TIGR00964
GCF_032469435.1_genome	116	2	0	2	PF00380.20,PF00410.20,PF00466.21,PF01025.20,PF02576.18,PF03726.15,TIGR00006,TIGR00019,TIGR00020,TIGR00029,TIGR00043,TIGR00054,TIGR00059,TIGR00061,TIGR00064,TIGR00065,TIGR00082,TIGR00083,TIGR00084,TIGR00086,TIGR00088,TIGR00090,TIGR00092,TIGR00095,TIGR00115,TIGR00116,TIGR00138,TIGR00158,TIGR00166,TIGR00168,TIGR00186,TIGR00194,TIGR00250,TIGR00337,TIGR00344,TIGR00362,TIGR00392,TIGR00396,TIGR00398,TIGR00414,TIGR00416,TIGR00420,TIGR00431,TIGR00435,TIGR00436,TIGR00442,TIGR00445,TIGR00456,TIGR00459,TIGR00460,TIGR00468,TIGR00472,TIGR00487,TIGR00496,TIGR00539,TIGR00580,TIGR00593,TIGR00615,TIGR00631,TIGR00634,TIGR00635,TIGR00643,TIGR00663,TIGR00717,TIGR00755,TIGR00922,TIGR00959,TIGR00963,TIGR00967,TIGR01009,TIGR01011,TIGR01017,TIGR01021,TIGR01029,TIGR01032,TIGR01039,TIGR01044,TIGR01059,TIGR01063,TIGR01066,TIGR01071,TIGR01079,TIGR01082,TIGR01087,TIGR01128,TIGR01146,TIGR01164,TIGR01169,TIGR01171,TIGR01302,TIGR01391,TIGR01393,TIGR01394,TIGR01510,TIGR01632,TIGR01951,TIGR01953,TIGR02012,TIGR02013,TIGR02027,TIGR02075,TIGR02191,TIGR02273,TIGR02350,TIGR02386,TIGR02397,TIGR02432,TIGR02729,TIGR03263,TIGR03594,TIGR03625,TIGR03632,TIGR03654,TIGR03723,TIGR03725,TIGR03953	TIGR00382,TIGR00928		TIGR00810,TIGR00964
GCF_032469455.1_genome	116	2	0	2	PF00380.20,PF00410.20,PF00466.21,PF01025.20,PF02576.18,PF03726.15,TIGR00006,TIGR00019,TIGR00020,TIGR00029,TIGR00043,TIGR00054,TIGR00059,TIGR00061,TIGR00064,TIGR00065,TIGR00082,TIGR00083,TIGR00084,TIGR00086,TIGR00088,TIGR00090,TIGR00092,TIGR00095,TIGR00115,TIGR00116,TIGR00138,TIGR00158,TIGR00166,TIGR00168,TIGR00186,TIGR00194,TIGR00250,TIGR00337,TIGR00344,TIGR00362,TIGR00392,TIGR00396,TIGR00398,TIGR00414,TIGR00416,TIGR00420,TIGR00431,TIGR00435,TIGR00436,TIGR00442,TIGR00445,TIGR00456,TIGR00459,TIGR00460,TIGR00468,TIGR00472,TIGR00487,TIGR00496,TIGR00539,TIGR00580,TIGR00593,TIGR00615,TIGR00631,TIGR00634,TIGR00635,TIGR00643,TIGR00663,TIGR00717,TIGR00755,TIGR00922,TIGR00959,TIGR00963,TIGR00967,TIGR01009,TIGR01011,TIGR01017,TIGR01021,TIGR01029,TIGR01032,TIGR01039,TIGR01044,TIGR01059,TIGR01063,TIGR01066,TIGR01071,TIGR01079,TIGR01082,TIGR01087,TIGR01128,TIGR01146,TIGR01164,TIGR01169,TIGR01171,TIGR01302,TIGR01391,TIGR01393,TIGR01394,TIGR01510,TIGR01632,TIGR01951,TIGR01953,TIGR02012,TIGR02013,TIGR02027,TIGR02075,TIGR02191,TIGR02273,TIGR02350,TIGR02386,TIGR02397,TIGR02432,TIGR02729,TIGR03263,TIGR03594,TIGR03625,TIGR03632,TIGR03654,TIGR03723,TIGR03725,TIGR03953	TIGR00382,TIGR00928		TIGR00810,TIGR00964
GCF_032469475.1_genome	116	2	0	2	PF00380.20,PF00410.20,PF00466.21,PF01025.20,PF02576.18,PF03726.15,TIGR00006,TIGR00019,TIGR00020,TIGR00029,TIGR00043,TIGR00054,TIGR00059,TIGR00061,TIGR00064,TIGR00065,TIGR00082,TIGR00083,TIGR00084,TIGR00086,TIGR00088,TIGR00090,TIGR00092,TIGR00095,TIGR00115,TIGR00116,TIGR00138,TIGR00158,TIGR00166,TIGR00168,TIGR00186,TIGR00194,TIGR00250,TIGR00337,TIGR00344,TIGR00362,TIGR00392,TIGR00396,TIGR00398,TIGR00414,TIGR00416,TIGR00420,TIGR00431,TIGR00435,TIGR00436,TIGR00442,TIGR00445,TIGR00456,TIGR00459,TIGR00460,TIGR00468,TIGR00472,TIGR00487,TIGR00496,TIGR00539,TIGR00580,TIGR00593,TIGR00615,TIGR00631,TIGR00634,TIGR00635,TIGR00643,TIGR00663,TIGR00717,TIGR00755,TIGR00922,TIGR00959,TIGR00963,TIGR00967,TIGR01009,TIGR01011,TIGR01017,TIGR01021,TIGR01029,TIGR01032,TIGR01039,TIGR01044,TIGR01059,TIGR01063,TIGR01066,TIGR01071,TIGR01079,TIGR01082,TIGR01087,TIGR01128,TIGR01146,TIGR01164,TIGR01169,TIGR01171,TIGR01302,TIGR01391,TIGR01393,TIGR01394,TIGR01510,TIGR01632,TIGR01951,TIGR01953,TIGR02012,TIGR02013,TIGR02027,TIGR02075,TIGR02191,TIGR02273,TIGR02350,TIGR02386,TIGR02397,TIGR02432,TIGR02729,TIGR03263,TIGR03594,TIGR03625,TIGR03632,TIGR03654,TIGR03723,TIGR03725,TIGR03953	TIGR00382,TIGR00928		TIGR00810,TIGR00964
GCF_032469495.1_genome	115	3	0	2	PF00380.20,PF00410.20,PF00466.21,PF01025.20,PF02576.18,PF03726.15,TIGR00006,TIGR00019,TIGR00020,TIGR00029,TIGR00043,TIGR00054,TIGR00059,TIGR00061,TIGR00064,TIGR00065,TIGR00082,TIGR00083,TIGR00084,TIGR00086,TIGR00088,TIGR00090,TIGR00092,TIGR00095,TIGR00115,TIGR00116,TIGR00138,TIGR00158,TIGR00166,TIGR00168,TIGR00186,TIGR00194,TIGR00250,TIGR00337,TIGR00344,TIGR00362,TIGR00392,TIGR00396,TIGR00398,TIGR00414,TIGR00416,TIGR00420,TIGR00431,TIGR00435,TIGR00436,TIGR00442,TIGR00445,TIGR00456,TIGR00459,TIGR00460,TIGR00468,TIGR00472,TIGR00487,TIGR00496,TIGR00539,TIGR00580,TIGR00593,TIGR00615,TIGR00634,TIGR00635,TIGR00643,TIGR00663,TIGR00717,TIGR00755,TIGR00922,TIGR00959,TIGR00963,TIGR00967,TIGR01009,TIGR01011,TIGR01017,TIGR01021,TIGR01029,TIGR01032,TIGR01039,TIGR01044,TIGR01059,TIGR01063,TIGR01066,TIGR01071,TIGR01079,TIGR01082,TIGR01087,TIGR01128,TIGR01146,TIGR01164,TIGR01169,TIGR01171,TIGR01302,TIGR01391,TIGR01393,TIGR01394,TIGR01510,TIGR01632,TIGR01951,TIGR01953,TIGR02012,TIGR02013,TIGR02027,TIGR02075,TIGR02191,TIGR02273,TIGR02350,TIGR02386,TIGR02397,TIGR02432,TIGR02729,TIGR03263,TIGR03594,TIGR03625,TIGR03632,TIGR03654,TIGR03723,TIGR03725,TIGR03953	TIGR00382,TIGR00631,TIGR00928		TIGR00810,TIGR00964
GCF_032469515.1_genome	116	2	0	2	PF00380.20,PF00410.20,PF00466.21,PF01025.20,PF02576.18,PF03726.15,TIGR00006,TIGR00019,TIGR00020,TIGR00029,TIGR00043,TIGR00054,TIGR00059,TIGR00061,TIGR00064,TIGR00065,TIGR00082,TIGR00083,TIGR00084,TIGR00086,TIGR00088,TIGR00090,TIGR00092,TIGR00095,TIGR00115,TIGR00116,TIGR00138,TIGR00158,TIGR00166,TIGR00168,TIGR00186,TIGR00194,TIGR00250,TIGR00337,TIGR00344,TIGR00362,TIGR00392,TIGR00396,TIGR00398,TIGR00414,TIGR00416,TIGR00420,TIGR00431,TIGR00435,TIGR00436,TIGR00442,TIGR00445,TIGR00456,TIGR00459,TIGR00460,TIGR00468,TIGR00472,TIGR00487,TIGR00496,TIGR00539,TIGR00580,TIGR00593,TIGR00615,TIGR00631,TIGR00634,TIGR00635,TIGR00643,TIGR00663,TIGR00717,TIGR00755,TIGR00922,TIGR00959,TIGR00963,TIGR00967,TIGR01009,TIGR01011,TIGR01017,TIGR01021,TIGR01029,TIGR01032,TIGR01039,TIGR01044,TIGR01059,TIGR01063,TIGR01066,TIGR01071,TIGR01079,TIGR01082,TIGR01087,TIGR01128,TIGR01146,TIGR01164,TIGR01169,TIGR01171,TIGR01302,TIGR01391,TIGR01393,TIGR01394,TIGR01510,TIGR01632,TIGR01951,TIGR01953,TIGR02012,TIGR02013,TIGR02027,TIGR02075,TIGR02191,TIGR02273,TIGR02350,TIGR02386,TIGR02397,TIGR02432,TIGR02729,TIGR03263,TIGR03594,TIGR03625,TIGR03632,TIGR03654,TIGR03723,TIGR03725,TIGR03953	TIGR00382,TIGR00928		TIGR00810,TIGR00964
GCF_032469535.1_genome	116	2	0	2	PF00380.20,PF00410.20,PF00466.21,PF01025.20,PF02576.18,PF03726.15,TIGR00006,TIGR00019,TIGR00020,TIGR00029,TIGR00043,TIGR00054,TIGR00059,TIGR00061,TIGR00064,TIGR00065,TIGR00082,TIGR00083,TIGR00084,TIGR00086,TIGR00088,TIGR00090,TIGR00092,TIGR00095,TIGR00115,TIGR00116,TIGR00138,TIGR00158,TIGR00166,TIGR00168,TIGR00186,TIGR00194,TIGR00250,TIGR00337,TIGR00344,TIGR00362,TIGR00392,TIGR00396,TIGR00398,TIGR00414,TIGR00416,TIGR00420,TIGR00431,TIGR00435,TIGR00436,TIGR00442,TIGR00445,TIGR00456,TIGR00459,TIGR00460,TIGR00468,TIGR00472,TIGR00487,TIGR00496,TIGR00539,TIGR00580,TIGR00593,TIGR00615,TIGR00631,TIGR00634,TIGR00635,TIGR00643,TIGR00663,TIGR00717,TIGR00755,TIGR00922,TIGR00959,TIGR00963,TIGR00967,TIGR01009,TIGR01011,TIGR01017,TIGR01021,TIGR01029,TIGR01032,TIGR01039,TIGR01044,TIGR01059,TIGR01063,TIGR01066,TIGR01071,TIGR01079,TIGR01082,TIGR01087,TIGR01128,TIGR01146,TIGR01164,TIGR01169,TIGR01171,TIGR01302,TIGR01391,TIGR01393,TIGR01394,TIGR01510,TIGR01632,TIGR01951,TIGR01953,TIGR02012,TIGR02013,TIGR02027,TIGR02075,TIGR02191,TIGR02273,TIGR02350,TIGR02386,TIGR02397,TIGR02432,TIGR02729,TIGR03263,TIGR03594,TIGR03625,TIGR03632,TIGR03654,TIGR03723,TIGR03725,TIGR03953	TIGR00382,TIGR00928		TIGR00810,TIGR00964
GCF_032469545.1_genome	116	2	0	2	PF00380.20,PF00410.20,PF00466.21,PF01025.20,PF02576.18,PF03726.15,TIGR00006,TIGR00019,TIGR00020,TIGR00029,TIGR00043,TIGR00054,TIGR00059,TIGR00061,TIGR00064,TIGR00065,TIGR00082,TIGR00083,TIGR00084,TIGR00086,TIGR00088,TIGR00090,TIGR00092,TIGR00095,TIGR00115,TIGR00116,TIGR00138,TIGR00158,TIGR00166,TIGR00168,TIGR00186,TIGR00194,TIGR00250,TIGR00337,TIGR00344,TIGR00362,TIGR00392,TIGR00396,TIGR00398,TIGR00414,TIGR00416,TIGR00420,TIGR00431,TIGR00435,TIGR00436,TIGR00442,TIGR00445,TIGR00456,TIGR00459,TIGR00460,TIGR00468,TIGR00472,TIGR00487,TIGR00496,TIGR00539,TIGR00580,TIGR00593,TIGR00615,TIGR00631,TIGR00634,TIGR00635,TIGR00643,TIGR00663,TIGR00717,TIGR00755,TIGR00922,TIGR00959,TIGR00963,TIGR00967,TIGR01009,TIGR01011,TIGR01017,TIGR01021,TIGR01029,TIGR01032,TIGR01039,TIGR01044,TIGR01059,TIGR01063,TIGR01066,TIGR01071,TIGR01079,TIGR01082,TIGR01087,TIGR01128,TIGR01146,TIGR01164,TIGR01169,TIGR01171,TIGR01302,TIGR01391,TIGR01393,TIGR01394,TIGR01510,TIGR01632,TIGR01951,TIGR01953,TIGR02012,TIGR02013,TIGR02027,TIGR02075,TIGR02191,TIGR02273,TIGR02350,TIGR02386,TIGR02397,TIGR02432,TIGR02729,TIGR03263,TIGR03594,TIGR03625,TIGR03632,TIGR03654,TIGR03723,TIGR03725,TIGR03953	TIGR00382,TIGR00928		TIGR00810,TIGR00964
GCF_032469575.1_genome	116	2	0	2	PF00380.20,PF00410.20,PF00466.21,PF01025.20,PF02576.18,PF03726.15,TIGR00006,TIGR00019,TIGR00020,TIGR00029,TIGR00043,TIGR00054,TIGR00059,TIGR00061,TIGR00064,TIGR00065,TIGR00082,TIGR00083,TIGR00084,TIGR00086,TIGR00088,TIGR00090,TIGR00092,TIGR00095,TIGR00115,TIGR00116,TIGR00138,TIGR00158,TIGR00166,TIGR00168,TIGR00186,TIGR00194,TIGR00250,TIGR00337,TIGR00344,TIGR00362,TIGR00392,TIGR00396,TIGR00398,TIGR00414,TIGR00416,TIGR00420,TIGR00431,TIGR00435,TIGR00436,TIGR00442,TIGR00445,TIGR00456,TIGR00459,TIGR00460,TIGR00468,TIGR00472,TIGR00487,TIGR00496,TIGR00539,TIGR00580,TIGR00593,TIGR00615,TIGR00631,TIGR00634,TIGR00635,TIGR00643,TIGR00663,TIGR00717,TIGR00755,TIGR00922,TIGR00959,TIGR00963,TIGR00967,TIGR01009,TIGR01011,TIGR01017,TIGR01021,TIGR01029,TIGR01032,TIGR01039,TIGR01044,TIGR01059,TIGR01063,TIGR01066,TIGR01071,TIGR01079,TIGR01082,TIGR01087,TIGR01128,TIGR01146,TIGR01164,TIGR01169,TIGR01171,TIGR01302,TIGR01391,TIGR01393,TIGR01394,TIGR01510,TIGR01632,TIGR01951,TIGR01953,TIGR02012,TIGR02013,TIGR02027,TIGR02075,TIGR02191,TIGR02273,TIGR02350,TIGR02386,TIGR02397,TIGR02432,TIGR02729,TIGR03263,TIGR03594,TIGR03625,TIGR03632,TIGR03654,TIGR03723,TIGR03725,TIGR03953	TIGR00382,TIGR00928		TIGR00810,TIGR00964
GCF_032469595.1_genome	116	2	0	2	PF00380.20,PF00410.20,PF00466.21,PF01025.20,PF02576.18,PF03726.15,TIGR00006,TIGR00019,TIGR00020,TIGR00029,TIGR00043,TIGR00054,TIGR00059,TIGR00061,TIGR00064,TIGR00065,TIGR00082,TIGR00083,TIGR00084,TIGR00086,TIGR00088,TIGR00090,TIGR00092,TIGR00095,TIGR00115,TIGR00116,TIGR00138,TIGR00158,TIGR00166,TIGR00168,TIGR00186,TIGR00194,TIGR00250,TIGR00337,TIGR00344,TIGR00362,TIGR00392,TIGR00396,TIGR00398,TIGR00414,TIGR00416,TIGR00420,TIGR00431,TIGR00435,TIGR00436,TIGR00442,TIGR00445,TIGR00456,TIGR00459,TIGR00460,TIGR00468,TIGR00472,TIGR00487,TIGR00496,TIGR00539,TIGR00580,TIGR00593,TIGR00615,TIGR00631,TIGR00634,TIGR00635,TIGR00643,TIGR00663,TIGR00717,TIGR00755,TIGR00922,TIGR00959,TIGR00963,TIGR00967,TIGR01009,TIGR01011,TIGR01017,TIGR01021,TIGR01029,TIGR01032,TIGR01039,TIGR01044,TIGR01059,TIGR01063,TIGR01066,TIGR01071,TIGR01079,TIGR01082,TIGR01087,TIGR01128,TIGR01146,TIGR01164,TIGR01169,TIGR01171,TIGR01302,TIGR01391,TIGR01393,TIGR01394,TIGR01510,TIGR01632,TIGR01951,TIGR01953,TIGR02012,TIGR02013,TIGR02027,TIGR02075,TIGR02191,TIGR02273,TIGR02350,TIGR02386,TIGR02397,TIGR02432,TIGR02729,TIGR03263,TIGR03594,TIGR03625,TIGR03632,TIGR03654,TIGR03723,TIGR03725,TIGR03953	TIGR00382,TIGR00928		TIGR00810,TIGR00964
GCF_032469615.1_genome	116	2	0	2	PF00380.20,PF00410.20,PF00466.21,PF01025.20,PF02576.18,PF03726.15,TIGR00006,TIGR00019,TIGR00020,TIGR00029,TIGR00043,TIGR00054,TIGR00059,TIGR00061,TIGR00064,TIGR00065,TIGR00082,TIGR00083,TIGR00084,TIGR00086,TIGR00088,TIGR00090,TIGR00092,TIGR00095,TIGR00115,TIGR00116,TIGR00138,TIGR00158,TIGR00166,TIGR00168,TIGR00186,TIGR00194,TIGR00250,TIGR00337,TIGR00344,TIGR00362,TIGR00392,TIGR00396,TIGR00398,TIGR00414,TIGR00416,TIGR00420,TIGR00431,TIGR00435,TIGR00436,TIGR00442,TIGR00445,TIGR00456,TIGR00459,TIGR00460,TIGR00468,TIGR00472,TIGR00487,TIGR00496,TIGR00539,TIGR00580,TIGR00593,TIGR00615,TIGR00631,TIGR00634,TIGR00635,TIGR00643,TIGR00663,TIGR00717,TIGR00755,TIGR00922,TIGR00959,TIGR00963,TIGR00967,TIGR01009,TIGR01011,TIGR01017,TIGR01021,TIGR01029,TIGR01032,TIGR01039,TIGR01044,TIGR01059,TIGR01063,TIGR01066,TIGR01071,TIGR01079,TIGR01082,TIGR01087,TIGR01128,TIGR01146,TIGR01164,TIGR01169,TIGR01171,TIGR01302,TIGR01391,TIGR01393,TIGR01394,TIGR01510,TIGR01632,TIGR01951,TIGR01953,TIGR02012,TIGR02013,TIGR02027,TIGR02075,TIGR02191,TIGR02273,TIGR02350,TIGR02386,TIGR02397,TIGR02432,TIGR02729,TIGR03263,TIGR03594,TIGR03625,TIGR03632,TIGR03654,TIGR03723,TIGR03725,TIGR03953	TIGR00382,TIGR00928		TIGR00810,TIGR00964
GCF_032469635.1_genome	116	2	0	2	PF00380.20,PF00410.20,PF00466.21,PF01025.20,PF02576.18,PF03726.15,TIGR00006,TIGR00019,TIGR00020,TIGR00029,TIGR00043,TIGR00054,TIGR00059,TIGR00061,TIGR00064,TIGR00065,TIGR00082,TIGR00083,TIGR00084,TIGR00086,TIGR00088,TIGR00090,TIGR00092,TIGR00095,TIGR00115,TIGR00116,TIGR00138,TIGR00158,TIGR00166,TIGR00168,TIGR00186,TIGR00194,TIGR00250,TIGR00337,TIGR00344,TIGR00362,TIGR00392,TIGR00396,TIGR00398,TIGR00414,TIGR00416,TIGR00420,TIGR00431,TIGR00435,TIGR00436,TIGR00442,TIGR00445,TIGR00456,TIGR00459,TIGR00460,TIGR00468,TIGR00472,TIGR00487,TIGR00496,TIGR00539,TIGR00580,TIGR00593,TIGR00615,TIGR00631,TIGR00634,TIGR00635,TIGR00643,TIGR00663,TIGR00717,TIGR00755,TIGR00922,TIGR00959,TIGR00963,TIGR00967,TIGR01009,TIGR01011,TIGR01017,TIGR01021,TIGR01029,TIGR01032,TIGR01039,TIGR01044,TIGR01059,TIGR01063,TIGR01066,TIGR01071,TIGR01079,TIGR01082,TIGR01087,TIGR01128,TIGR01146,TIGR01164,TIGR01169,TIGR01171,TIGR01302,TIGR01391,TIGR01393,TIGR01394,TIGR01510,TIGR01632,TIGR01951,TIGR01953,TIGR02012,TIGR02013,TIGR02027,TIGR02075,TIGR02191,TIGR02273,TIGR02350,TIGR02386,TIGR02397,TIGR02432,TIGR02729,TIGR03263,TIGR03594,TIGR03625,TIGR03632,TIGR03654,TIGR03723,TIGR03725,TIGR03953	TIGR00382,TIGR00928		TIGR00810,TIGR00964
GCF_032469655.1_genome	116	2	0	2	PF00380.20,PF00410.20,PF00466.21,PF01025.20,PF02576.18,PF03726.15,TIGR00006,TIGR00019,TIGR00020,TIGR00029,TIGR00043,TIGR00054,TIGR00059,TIGR00061,TIGR00064,TIGR00065,TIGR00082,TIGR00083,TIGR00084,TIGR00086,TIGR00088,TIGR00090,TIGR00092,TIGR00095,TIGR00115,TIGR00116,TIGR00138,TIGR00158,TIGR00166,TIGR00168,TIGR00186,TIGR00194,TIGR00250,TIGR00337,TIGR00344,TIGR00362,TIGR00392,TIGR00396,TIGR00398,TIGR00414,TIGR00416,TIGR00420,TIGR00431,TIGR00435,TIGR00436,TIGR00442,TIGR00445,TIGR00456,TIGR00459,TIGR00460,TIGR00468,TIGR00472,TIGR00487,TIGR00496,TIGR00539,TIGR00580,TIGR00593,TIGR00615,TIGR00631,TIGR00634,TIGR00635,TIGR00643,TIGR00663,TIGR00717,TIGR00755,TIGR00922,TIGR00959,TIGR00963,TIGR00967,TIGR01009,TIGR01011,TIGR01017,TIGR01021,TIGR01029,TIGR01032,TIGR01039,TIGR01044,TIGR01059,TIGR01063,TIGR01066,TIGR01071,TIGR01079,TIGR01082,TIGR01087,TIGR01128,TIGR01146,TIGR01164,TIGR01169,TIGR01171,TIGR01302,TIGR01391,TIGR01393,TIGR01394,TIGR01510,TIGR01632,TIGR01951,TIGR01953,TIGR02012,TIGR02013,TIGR02027,TIGR02075,TIGR02191,TIGR02273,TIGR02350,TIGR02386,TIGR02397,TIGR02432,TIGR02729,TIGR03263,TIGR03594,TIGR03625,TIGR03632,TIGR03654,TIGR03723,TIGR03725,TIGR03953	TIGR00382,TIGR00928		TIGR00810,TIGR00964
GCF_032469675.1_genome	116	2	0	2	PF00380.20,PF00410.20,PF00466.21,PF01025.20,PF02576.18,PF03726.15,TIGR00006,TIGR00019,TIGR00020,TIGR00029,TIGR00043,TIGR00054,TIGR00059,TIGR00061,TIGR00064,TIGR00065,TIGR00082,TIGR00083,TIGR00084,TIGR00086,TIGR00088,TIGR00090,TIGR00092,TIGR00095,TIGR00115,TIGR00116,TIGR00138,TIGR00158,TIGR00166,TIGR00168,TIGR00186,TIGR00194,TIGR00250,TIGR00337,TIGR00344,TIGR00362,TIGR00392,TIGR00396,TIGR00398,TIGR00414,TIGR00416,TIGR00420,TIGR00431,TIGR00435,TIGR00436,TIGR00442,TIGR00445,TIGR00456,TIGR00459,TIGR00460,TIGR00468,TIGR00472,TIGR00487,TIGR00496,TIGR00539,TIGR00580,TIGR00593,TIGR00615,TIGR00631,TIGR00634,TIGR00635,TIGR00643,TIGR00663,TIGR00717,TIGR00755,TIGR00922,TIGR00959,TIGR00963,TIGR00967,TIGR01009,TIGR01011,TIGR01017,TIGR01021,TIGR01029,TIGR01032,TIGR01039,TIGR01044,TIGR01059,TIGR01063,TIGR01066,TIGR01071,TIGR01079,TIGR01082,TIGR01087,TIGR01128,TIGR01146,TIGR01164,TIGR01169,TIGR01171,TIGR01302,TIGR01391,TIGR01393,TIGR01394,TIGR01510,TIGR01632,TIGR01951,TIGR01953,TIGR02012,TIGR02013,TIGR02027,TIGR02075,TIGR02191,TIGR02273,TIGR02350,TIGR02386,TIGR02397,TIGR02432,TIGR02729,TIGR03263,TIGR03594,TIGR03625,TIGR03632,TIGR03654,TIGR03723,TIGR03725,TIGR03953	TIGR00382,TIGR00928		TIGR00810,TIGR00964
GCF_032469695.1_genome	116	2	0	2	PF00380.20,PF00410.20,PF00466.21,PF01025.20,PF02576.18,PF03726.15,TIGR00006,TIGR00019,TIGR00020,TIGR00029,TIGR00043,TIGR00054,TIGR00059,TIGR00061,TIGR00064,TIGR00065,TIGR00082,TIGR00083,TIGR00084,TIGR00086,TIGR00088,TIGR00090,TIGR00092,TIGR00095,TIGR00115,TIGR00116,TIGR00138,TIGR00158,TIGR00166,TIGR00168,TIGR00186,TIGR00194,TIGR00250,TIGR00337,TIGR00344,TIGR00362,TIGR00392,TIGR00396,TIGR00398,TIGR00414,TIGR00416,TIGR00420,TIGR00431,TIGR00435,TIGR00436,TIGR00442,TIGR00445,TIGR00456,TIGR00459,TIGR00460,TIGR00468,TIGR00472,TIGR00487,TIGR00496,TIGR00539,TIGR00580,TIGR00593,TIGR00615,TIGR00631,TIGR00634,TIGR00635,TIGR00643,TIGR00663,TIGR00717,TIGR00755,TIGR00922,TIGR00959,TIGR00963,TIGR00967,TIGR01009,TIGR01011,TIGR01017,TIGR01021,TIGR01029,TIGR01032,TIGR01039,TIGR01044,TIGR01059,TIGR01063,TIGR01066,TIGR01071,TIGR01079,TIGR01082,TIGR01087,TIGR01128,TIGR01146,TIGR01164,TIGR01169,TIGR01171,TIGR01302,TIGR01391,TIGR01393,TIGR01394,TIGR01510,TIGR01632,TIGR01951,TIGR01953,TIGR02012,TIGR02013,TIGR02027,TIGR02075,TIGR02191,TIGR02273,TIGR02350,TIGR02386,TIGR02397,TIGR02432,TIGR02729,TIGR03263,TIGR03594,TIGR03625,TIGR03632,TIGR03654,TIGR03723,TIGR03725,TIGR03953	TIGR00382,TIGR00928		TIGR00810,TIGR00964
GCF_032469705.1_genome	116	2	0	2	PF00380.20,PF00410.20,PF00466.21,PF01025.20,PF02576.18,PF03726.15,TIGR00006,TIGR00019,TIGR00020,TIGR00029,TIGR00043,TIGR00054,TIGR00059,TIGR00061,TIGR00064,TIGR00065,TIGR00082,TIGR00083,TIGR00084,TIGR00086,TIGR00088,TIGR00090,TIGR00092,TIGR00095,TIGR00115,TIGR00116,TIGR00138,TIGR00158,TIGR00166,TIGR00168,TIGR00186,TIGR00194,TIGR00250,TIGR00337,TIGR00344,TIGR00362,TIGR00392,TIGR00396,TIGR00398,TIGR00414,TIGR00416,TIGR00420,TIGR00431,TIGR00435,TIGR00436,TIGR00442,TIGR00445,TIGR00456,TIGR00459,TIGR00460,TIGR00468,TIGR00472,TIGR00487,TIGR00496,TIGR00539,TIGR00580,TIGR00593,TIGR00615,TIGR00631,TIGR00634,TIGR00635,TIGR00643,TIGR00663,TIGR00717,TIGR00755,TIGR00922,TIGR00959,TIGR00963,TIGR00967,TIGR01009,TIGR01011,TIGR01017,TIGR01021,TIGR01029,TIGR01032,TIGR01039,TIGR01044,TIGR01059,TIGR01063,TIGR01066,TIGR01071,TIGR01079,TIGR01082,TIGR01087,TIGR01128,TIGR01146,TIGR01164,TIGR01169,TIGR01171,TIGR01302,TIGR01391,TIGR01393,TIGR01394,TIGR01510,TIGR01632,TIGR01951,TIGR01953,TIGR02012,TIGR02013,TIGR02027,TIGR02075,TIGR02191,TIGR02273,TIGR02350,TIGR02386,TIGR02397,TIGR02432,TIGR02729,TIGR03263,TIGR03594,TIGR03625,TIGR03632,TIGR03654,TIGR03723,TIGR03725,TIGR03953	TIGR00382,TIGR00928		TIGR00810,TIGR00964
GCF_032469735.1_genome	116	2	0	2	PF00380.20,PF00410.20,PF00466.21,PF01025.20,PF02576.18,PF03726.15,TIGR00006,TIGR00019,TIGR00020,TIGR00029,TIGR00043,TIGR00054,TIGR00059,TIGR00061,TIGR00064,TIGR00065,TIGR00082,TIGR00083,TIGR00084,TIGR00086,TIGR00088,TIGR00090,TIGR00092,TIGR00095,TIGR00115,TIGR00116,TIGR00138,TIGR00158,TIGR00166,TIGR00168,TIGR00186,TIGR00194,TIGR00250,TIGR00337,TIGR00344,TIGR00362,TIGR00392,TIGR00396,TIGR00398,TIGR00414,TIGR00416,TIGR00420,TIGR00431,TIGR00435,TIGR00436,TIGR00442,TIGR00445,TIGR00456,TIGR00459,TIGR00460,TIGR00468,TIGR00472,TIGR00487,TIGR00496,TIGR00539,TIGR00580,TIGR00593,TIGR00615,TIGR00631,TIGR00634,TIGR00635,TIGR00643,TIGR00663,TIGR00717,TIGR00755,TIGR00922,TIGR00959,TIGR00963,TIGR00967,TIGR01009,TIGR01011,TIGR01017,TIGR01021,TIGR01029,TIGR01032,TIGR01039,TIGR01044,TIGR01059,TIGR01063,TIGR01066,TIGR01071,TIGR01079,TIGR01082,TIGR01087,TIGR01128,TIGR01146,TIGR01164,TIGR01169,TIGR01171,TIGR01302,TIGR01391,TIGR01393,TIGR01394,TIGR01510,TIGR01632,TIGR01951,TIGR01953,TIGR02012,TIGR02013,TIGR02027,TIGR02075,TIGR02191,TIGR02273,TIGR02350,TIGR02386,TIGR02397,TIGR02432,TIGR02729,TIGR03263,TIGR03594,TIGR03625,TIGR03632,TIGR03654,TIGR03723,TIGR03725,TIGR03953	TIGR00382,TIGR00928		TIGR00810,TIGR00964
GCF_032469745.1_genome	116	2	0	2	PF00380.20,PF00410.20,PF00466.21,PF01025.20,PF02576.18,PF03726.15,TIGR00006,TIGR00019,TIGR00020,TIGR00029,TIGR00043,TIGR00054,TIGR00059,TIGR00061,TIGR00064,TIGR00065,TIGR00082,TIGR00083,TIGR00084,TIGR00086,TIGR00088,TIGR00090,TIGR00092,TIGR00095,TIGR00115,TIGR00116,TIGR00138,TIGR00158,TIGR00166,TIGR00168,TIGR00186,TIGR00194,TIGR00250,TIGR00337,TIGR00344,TIGR00362,TIGR00392,TIGR00396,TIGR00398,TIGR00414,TIGR00416,TIGR00420,TIGR00431,TIGR00435,TIGR00436,TIGR00442,TIGR00445,TIGR00456,TIGR00459,TIGR00460,TIGR00468,TIGR00472,TIGR00487,TIGR00496,TIGR00539,TIGR00580,TIGR00593,TIGR00615,TIGR00631,TIGR00634,TIGR00635,TIGR00643,TIGR00663,TIGR00717,TIGR00755,TIGR00922,TIGR00959,TIGR00963,TIGR00967,TIGR01009,TIGR01011,TIGR01017,TIGR01021,TIGR01029,TIGR01032,TIGR01039,TIGR01044,TIGR01059,TIGR01063,TIGR01066,TIGR01071,TIGR01079,TIGR01082,TIGR01087,TIGR01128,TIGR01146,TIGR01164,TIGR01169,TIGR01171,TIGR01302,TIGR01391,TIGR01393,TIGR01394,TIGR01510,TIGR01632,TIGR01951,TIGR01953,TIGR02012,TIGR02013,TIGR02027,TIGR02075,TIGR02191,TIGR02273,TIGR02350,TIGR02386,TIGR02397,TIGR02432,TIGR02729,TIGR03263,TIGR03594,TIGR03625,TIGR03632,TIGR03654,TIGR03723,TIGR03725,TIGR03953	TIGR00382,TIGR00928		TIGR00810,TIGR00964
GCF_032469795.1_genome	116	2	0	2	PF00380.20,PF00410.20,PF00466.21,PF01025.20,PF02576.18,PF03726.15,TIGR00006,TIGR00019,TIGR00020,TIGR00029,TIGR00043,TIGR00054,TIGR00059,TIGR00061,TIGR00064,TIGR00065,TIGR00082,TIGR00083,TIGR00084,TIGR00086,TIGR00088,TIGR00090,TIGR00092,TIGR00095,TIGR00115,TIGR00116,TIGR00138,TIGR00158,TIGR00166,TIGR00168,TIGR00186,TIGR00194,TIGR00250,TIGR00337,TIGR00344,TIGR00362,TIGR00392,TIGR00396,TIGR00398,TIGR00414,TIGR00416,TIGR00420,TIGR00431,TIGR00435,TIGR00436,TIGR00442,TIGR00445,TIGR00456,TIGR00459,TIGR00460,TIGR00468,TIGR00472,TIGR00487,TIGR00496,TIGR00539,TIGR00580,TIGR00593,TIGR00615,TIGR00631,TIGR00634,TIGR00635,TIGR00643,TIGR00663,TIGR00717,TIGR00755,TIGR00922,TIGR00959,TIGR00963,TIGR00967,TIGR01009,TIGR01011,TIGR01017,TIGR01021,TIGR01029,TIGR01032,TIGR01039,TIGR01044,TIGR01059,TIGR01063,TIGR01066,TIGR01071,TIGR01079,TIGR01082,TIGR01087,TIGR01128,TIGR01146,TIGR01164,TIGR01169,TIGR01171,TIGR01302,TIGR01391,TIGR01393,TIGR01394,TIGR01510,TIGR01632,TIGR01951,TIGR01953,TIGR02012,TIGR02013,TIGR02027,TIGR02075,TIGR02191,TIGR02273,TIGR02350,TIGR02386,TIGR02397,TIGR02432,TIGR02729,TIGR03263,TIGR03594,TIGR03625,TIGR03632,TIGR03654,TIGR03723,TIGR03725,TIGR03953	TIGR00382,TIGR00928		TIGR00810,TIGR00964
GCF_032469805.1_genome	116	2	0	2	PF00380.20,PF00410.20,PF00466.21,PF01025.20,PF02576.18,PF03726.15,TIGR00006,TIGR00019,TIGR00020,TIGR00029,TIGR00043,TIGR00054,TIGR00059,TIGR00061,TIGR00064,TIGR00065,TIGR00082,TIGR00083,TIGR00084,TIGR00086,TIGR00088,TIGR00090,TIGR00092,TIGR00095,TIGR00115,TIGR00116,TIGR00138,TIGR00158,TIGR00166,TIGR00168,TIGR00186,TIGR00194,TIGR00250,TIGR00337,TIGR00344,TIGR00362,TIGR00392,TIGR00396,TIGR00398,TIGR00414,TIGR00416,TIGR00420,TIGR00431,TIGR00435,TIGR00436,TIGR00442,TIGR00445,TIGR00456,TIGR00459,TIGR00460,TIGR00468,TIGR00472,TIGR00487,TIGR00496,TIGR00539,TIGR00580,TIGR00593,TIGR00615,TIGR00631,TIGR00634,TIGR00635,TIGR00643,TIGR00663,TIGR00717,TIGR00755,TIGR00922,TIGR00959,TIGR00963,TIGR00967,TIGR01009,TIGR01011,TIGR01017,TIGR01021,TIGR01029,TIGR01032,TIGR01039,TIGR01044,TIGR01059,TIGR01063,TIGR01066,TIGR01071,TIGR01079,TIGR01082,TIGR01087,TIGR01128,TIGR01146,TIGR01164,TIGR01169,TIGR01171,TIGR01302,TIGR01391,TIGR01393,TIGR01394,TIGR01510,TIGR01632,TIGR01951,TIGR01953,TIGR02012,TIGR02013,TIGR02027,TIGR02075,TIGR02191,TIGR02273,TIGR02350,TIGR02386,TIGR02397,TIGR02432,TIGR02729,TIGR03263,TIGR03594,TIGR03625,TIGR03632,TIGR03654,TIGR03723,TIGR03725,TIGR03953	TIGR00382,TIGR00928		TIGR00810,TIGR00964
GCF_032470035.1_genome	116	2	0	2	PF00380.20,PF00410.20,PF00466.21,PF01025.20,PF02576.18,PF03726.15,TIGR00006,TIGR00019,TIGR00020,TIGR00029,TIGR00043,TIGR00054,TIGR00059,TIGR00061,TIGR00064,TIGR00065,TIGR00082,TIGR00083,TIGR00084,TIGR00086,TIGR00088,TIGR00090,TIGR00092,TIGR00095,TIGR00115,TIGR00116,TIGR00138,TIGR00158,TIGR00166,TIGR00168,TIGR00186,TIGR00194,TIGR00250,TIGR00337,TIGR00344,TIGR00362,TIGR00392,TIGR00396,TIGR00398,TIGR00414,TIGR00416,TIGR00420,TIGR00431,TIGR00435,TIGR00436,TIGR00442,TIGR00445,TIGR00456,TIGR00459,TIGR00460,TIGR00468,TIGR00472,TIGR00487,TIGR00496,TIGR00539,TIGR00580,TIGR00593,TIGR00615,TIGR00631,TIGR00634,TIGR00635,TIGR00643,TIGR00663,TIGR00717,TIGR00755,TIGR00922,TIGR00959,TIGR00963,TIGR00967,TIGR01009,TIGR01011,TIGR01017,TIGR01021,TIGR01029,TIGR01032,TIGR01039,TIGR01044,TIGR01059,TIGR01063,TIGR01066,TIGR01071,TIGR01079,TIGR01082,TIGR01087,TIGR01128,TIGR01146,TIGR01164,TIGR01169,TIGR01171,TIGR01302,TIGR01391,TIGR01393,TIGR01394,TIGR01510,TIGR01632,TIGR01951,TIGR01953,TIGR02012,TIGR02013,TIGR02027,TIGR02075,TIGR02191,TIGR02273,TIGR02350,TIGR02386,TIGR02397,TIGR02432,TIGR02729,TIGR03263,TIGR03594,TIGR03625,TIGR03632,TIGR03654,TIGR03723,TIGR03725,TIGR03953	TIGR00382,TIGR00928		TIGR00810,TIGR00964
GCF_032470055.1_genome	116	2	0	2	PF00380.20,PF00410.20,PF00466.21,PF01025.20,PF02576.18,PF03726.15,TIGR00006,TIGR00019,TIGR00020,TIGR00029,TIGR00043,TIGR00054,TIGR00059,TIGR00061,TIGR00064,TIGR00065,TIGR00082,TIGR00083,TIGR00084,TIGR00086,TIGR00088,TIGR00090,TIGR00092,TIGR00095,TIGR00115,TIGR00116,TIGR00138,TIGR00158,TIGR00166,TIGR00168,TIGR00186,TIGR00194,TIGR00250,TIGR00337,TIGR00344,TIGR00362,TIGR00392,TIGR00396,TIGR00398,TIGR00414,TIGR00416,TIGR00420,TIGR00431,TIGR00435,TIGR00436,TIGR00442,TIGR00445,TIGR00456,TIGR00459,TIGR00460,TIGR00468,TIGR00472,TIGR00487,TIGR00496,TIGR00539,TIGR00580,TIGR00593,TIGR00615,TIGR00631,TIGR00634,TIGR00635,TIGR00643,TIGR00663,TIGR00717,TIGR00755,TIGR00922,TIGR00959,TIGR00963,TIGR00967,TIGR01009,TIGR01011,TIGR01017,TIGR01021,TIGR01029,TIGR01032,TIGR01039,TIGR01044,TIGR01059,TIGR01063,TIGR01066,TIGR01071,TIGR01079,TIGR01082,TIGR01087,TIGR01128,TIGR01146,TIGR01164,TIGR01169,TIGR01171,TIGR01302,TIGR01391,TIGR01393,TIGR01394,TIGR01510,TIGR01632,TIGR01951,TIGR01953,TIGR02012,TIGR02013,TIGR02027,TIGR02075,TIGR02191,TIGR02273,TIGR02350,TIGR02386,TIGR02397,TIGR02432,TIGR02729,TIGR03263,TIGR03594,TIGR03625,TIGR03632,TIGR03654,TIGR03723,TIGR03725,TIGR03953	TIGR00382,TIGR00928		TIGR00810,TIGR00964
GCF_032470075.1_genome	116	2	0	2	PF00380.20,PF00410.20,PF00466.21,PF01025.20,PF02576.18,PF03726.15,TIGR00006,TIGR00019,TIGR00020,TIGR00029,TIGR00043,TIGR00054,TIGR00059,TIGR00061,TIGR00064,TIGR00065,TIGR00082,TIGR00083,TIGR00084,TIGR00086,TIGR00088,TIGR00090,TIGR00092,TIGR00095,TIGR00115,TIGR00116,TIGR00138,TIGR00158,TIGR00166,TIGR00168,TIGR00186,TIGR00194,TIGR00250,TIGR00337,TIGR00344,TIGR00362,TIGR00392,TIGR00396,TIGR00398,TIGR00414,TIGR00416,TIGR00420,TIGR00431,TIGR00435,TIGR00436,TIGR00442,TIGR00445,TIGR00456,TIGR00459,TIGR00460,TIGR00468,TIGR00472,TIGR00487,TIGR00496,TIGR00539,TIGR00580,TIGR00593,TIGR00615,TIGR00631,TIGR00634,TIGR00635,TIGR00643,TIGR00663,TIGR00717,TIGR00755,TIGR00922,TIGR00959,TIGR00963,TIGR00967,TIGR01009,TIGR01011,TIGR01017,TIGR01021,TIGR01029,TIGR01032,TIGR01039,TIGR01044,TIGR01059,TIGR01063,TIGR01066,TIGR01071,TIGR01079,TIGR01082,TIGR01087,TIGR01128,TIGR01146,TIGR01164,TIGR01169,TIGR01171,TIGR01302,TIGR01391,TIGR01393,TIGR01394,TIGR01510,TIGR01632,TIGR01951,TIGR01953,TIGR02012,TIGR02013,TIGR02027,TIGR02075,TIGR02191,TIGR02273,TIGR02350,TIGR02386,TIGR02397,TIGR02432,TIGR02729,TIGR03263,TIGR03594,TIGR03625,TIGR03632,TIGR03654,TIGR03723,TIGR03725,TIGR03953	TIGR00382,TIGR00928		TIGR00810,TIGR00964
GCF_032470095.1_genome	116	2	0	2	PF00380.20,PF00410.20,PF00466.21,PF01025.20,PF02576.18,PF03726.15,TIGR00006,TIGR00019,TIGR00020,TIGR00029,TIGR00043,TIGR00054,TIGR00059,TIGR00061,TIGR00064,TIGR00065,TIGR00082,TIGR00083,TIGR00084,TIGR00086,TIGR00088,TIGR00090,TIGR00092,TIGR00095,TIGR00115,TIGR00116,TIGR00138,TIGR00158,TIGR00166,TIGR00168,TIGR00186,TIGR00194,TIGR00250,TIGR00337,TIGR00344,TIGR00362,TIGR00392,TIGR00396,TIGR00398,TIGR00414,TIGR00416,TIGR00420,TIGR00431,TIGR00435,TIGR00436,TIGR00442,TIGR00445,TIGR00456,TIGR00459,TIGR00460,TIGR00468,TIGR00472,TIGR00487,TIGR00496,TIGR00539,TIGR00580,TIGR00593,TIGR00615,TIGR00631,TIGR00634,TIGR00635,TIGR00643,TIGR00663,TIGR00717,TIGR00755,TIGR00922,TIGR00959,TIGR00963,TIGR00967,TIGR01009,TIGR01011,TIGR01017,TIGR01021,TIGR01029,TIGR01032,TIGR01039,TIGR01044,TIGR01059,TIGR01063,TIGR01066,TIGR01071,TIGR01079,TIGR01082,TIGR01087,TIGR01128,TIGR01146,TIGR01164,TIGR01169,TIGR01171,TIGR01302,TIGR01391,TIGR01393,TIGR01394,TIGR01510,TIGR01632,TIGR01951,TIGR01953,TIGR02012,TIGR02013,TIGR02027,TIGR02075,TIGR02191,TIGR02273,TIGR02350,TIGR02386,TIGR02397,TIGR02432,TIGR02729,TIGR03263,TIGR03594,TIGR03625,TIGR03632,TIGR03654,TIGR03723,TIGR03725,TIGR03953	TIGR00382,TIGR00928		TIGR00810,TIGR00964
GCF_032470115.1_genome	116	2	0	2	PF00380.20,PF00410.20,PF00466.21,PF01025.20,PF02576.18,PF03726.15,TIGR00006,TIGR00019,TIGR00020,TIGR00029,TIGR00043,TIGR00054,TIGR00059,TIGR00061,TIGR00064,TIGR00065,TIGR00082,TIGR00083,TIGR00084,TIGR00086,TIGR00088,TIGR00090,TIGR00092,TIGR00095,TIGR00115,TIGR00116,TIGR00138,TIGR00158,TIGR00166,TIGR00168,TIGR00186,TIGR00194,TIGR00250,TIGR00337,TIGR00344,TIGR00362,TIGR00392,TIGR00396,TIGR00398,TIGR00414,TIGR00416,TIGR00420,TIGR00431,TIGR00435,TIGR00436,TIGR00442,TIGR00445,TIGR00456,TIGR00459,TIGR00460,TIGR00468,TIGR00472,TIGR00487,TIGR00496,TIGR00539,TIGR00580,TIGR00593,TIGR00615,TIGR00631,TIGR00634,TIGR00635,TIGR00643,TIGR00663,TIGR00717,TIGR00755,TIGR00922,TIGR00959,TIGR00963,TIGR00967,TIGR01009,TIGR01011,TIGR01017,TIGR01021,TIGR01029,TIGR01032,TIGR01039,TIGR01044,TIGR01059,TIGR01063,TIGR01066,TIGR01071,TIGR01079,TIGR01082,TIGR01087,TIGR01128,TIGR01146,TIGR01164,TIGR01169,TIGR01171,TIGR01302,TIGR01391,TIGR01393,TIGR01394,TIGR01510,TIGR01632,TIGR01951,TIGR01953,TIGR02012,TIGR02013,TIGR02027,TIGR02075,TIGR02191,TIGR02273,TIGR02350,TIGR02386,TIGR02397,TIGR02432,TIGR02729,TIGR03263,TIGR03594,TIGR03625,TIGR03632,TIGR03654,TIGR03723,TIGR03725,TIGR03953	TIGR00382,TIGR00928		TIGR00810,TIGR00964
GCF_032470135.1_genome	116	2	0	2	PF00380.20,PF00410.20,PF00466.21,PF01025.20,PF02576.18,PF03726.15,TIGR00006,TIGR00019,TIGR00020,TIGR00029,TIGR00043,TIGR00054,TIGR00059,TIGR00061,TIGR00064,TIGR00065,TIGR00082,TIGR00083,TIGR00084,TIGR00086,TIGR00088,TIGR00090,TIGR00092,TIGR00095,TIGR00115,TIGR00116,TIGR00138,TIGR00158,TIGR00166,TIGR00168,TIGR00186,TIGR00194,TIGR00250,TIGR00337,TIGR00344,TIGR00362,TIGR00392,TIGR00396,TIGR00398,TIGR00414,TIGR00416,TIGR00420,TIGR00431,TIGR00435,TIGR00436,TIGR00442,TIGR00445,TIGR00456,TIGR00459,TIGR00460,TIGR00468,TIGR00472,TIGR00487,TIGR00496,TIGR00539,TIGR00580,TIGR00593,TIGR00615,TIGR00631,TIGR00634,TIGR00635,TIGR00643,TIGR00663,TIGR00717,TIGR00755,TIGR00922,TIGR00959,TIGR00963,TIGR00967,TIGR01009,TIGR01011,TIGR01017,TIGR01021,TIGR01029,TIGR01032,TIGR01039,TIGR01044,TIGR01059,TIGR01063,TIGR01066,TIGR01071,TIGR01079,TIGR01082,TIGR01087,TIGR01128,TIGR01146,TIGR01164,TIGR01169,TIGR01171,TIGR01302,TIGR01391,TIGR01393,TIGR01394,TIGR01510,TIGR01632,TIGR01951,TIGR01953,TIGR02012,TIGR02013,TIGR02027,TIGR02075,TIGR02191,TIGR02273,TIGR02350,TIGR02386,TIGR02397,TIGR02432,TIGR02729,TIGR03263,TIGR03594,TIGR03625,TIGR03632,TIGR03654,TIGR03723,TIGR03725,TIGR03953	TIGR00382,TIGR00928		TIGR00810,TIGR00964
GCF_032470145.1_genome	115	3	0	2	PF00380.20,PF00410.20,PF00466.21,PF01025.20,PF02576.18,PF03726.15,TIGR00006,TIGR00019,TIGR00020,TIGR00029,TIGR00043,TIGR00054,TIGR00059,TIGR00061,TIGR00064,TIGR00065,TIGR00082,TIGR00083,TIGR00084,TIGR00086,TIGR00088,TIGR00090,TIGR00092,TIGR00095,TIGR00115,TIGR00116,TIGR00138,TIGR00158,TIGR00166,TIGR00168,TIGR00186,TIGR00194,TIGR00250,TIGR00337,TIGR00344,TIGR00362,TIGR00392,TIGR00396,TIGR00398,TIGR00414,TIGR00416,TIGR00420,TIGR00431,TIGR00435,TIGR00436,TIGR00442,TIGR00445,TIGR00456,TIGR00459,TIGR00460,TIGR00468,TIGR00472,TIGR00487,TIGR00496,TIGR00539,TIGR00580,TIGR00593,TIGR00615,TIGR00634,TIGR00635,TIGR00643,TIGR00663,TIGR00717,TIGR00755,TIGR00922,TIGR00959,TIGR00963,TIGR00967,TIGR01009,TIGR01011,TIGR01017,TIGR01021,TIGR01029,TIGR01032,TIGR01039,TIGR01044,TIGR01059,TIGR01063,TIGR01066,TIGR01071,TIGR01079,TIGR01082,TIGR01087,TIGR01128,TIGR01146,TIGR01164,TIGR01169,TIGR01171,TIGR01302,TIGR01391,TIGR01393,TIGR01394,TIGR01510,TIGR01632,TIGR01951,TIGR01953,TIGR02012,TIGR02013,TIGR02027,TIGR02075,TIGR02191,TIGR02273,TIGR02350,TIGR02386,TIGR02397,TIGR02432,TIGR02729,TIGR03263,TIGR03594,TIGR03625,TIGR03632,TIGR03654,TIGR03723,TIGR03725,TIGR03953	TIGR00382,TIGR00631,TIGR00928		TIGR00810,TIGR00964
GCF_032470165.1_genome	116	2	0	2	PF00380.20,PF00410.20,PF00466.21,PF01025.20,PF02576.18,PF03726.15,TIGR00006,TIGR00019,TIGR00020,TIGR00029,TIGR00043,TIGR00054,TIGR00059,TIGR00061,TIGR00064,TIGR00065,TIGR00082,TIGR00083,TIGR00084,TIGR00086,TIGR00088,TIGR00090,TIGR00092,TIGR00095,TIGR00115,TIGR00116,TIGR00138,TIGR00158,TIGR00166,TIGR00168,TIGR00186,TIGR00194,TIGR00250,TIGR00337,TIGR00344,TIGR00362,TIGR00392,TIGR00396,TIGR00398,TIGR00414,TIGR00416,TIGR00420,TIGR00431,TIGR00435,TIGR00436,TIGR00442,TIGR00445,TIGR00456,TIGR00459,TIGR00460,TIGR00468,TIGR00472,TIGR00487,TIGR00496,TIGR00539,TIGR00580,TIGR00593,TIGR00615,TIGR00631,TIGR00634,TIGR00635,TIGR00643,TIGR00663,TIGR00717,TIGR00755,TIGR00922,TIGR00959,TIGR00963,TIGR00967,TIGR01009,TIGR01011,TIGR01017,TIGR01021,TIGR01029,TIGR01032,TIGR01039,TIGR01044,TIGR01059,TIGR01063,TIGR01066,TIGR01071,TIGR01079,TIGR01082,TIGR01087,TIGR01128,TIGR01146,TIGR01164,TIGR01169,TIGR01171,TIGR01302,TIGR01391,TIGR01393,TIGR01394,TIGR01510,TIGR01632,TIGR01951,TIGR01953,TIGR02012,TIGR02013,TIGR02027,TIGR02075,TIGR02191,TIGR02273,TIGR02350,TIGR02386,TIGR02397,TIGR02432,TIGR02729,TIGR03263,TIGR03594,TIGR03625,TIGR03632,TIGR03654,TIGR03723,TIGR03725,TIGR03953	TIGR00382,TIGR00928		TIGR00810,TIGR00964
GCF_032470205.1_genome	116	2	0	2	PF00380.20,PF00410.20,PF00466.21,PF01025.20,PF02576.18,PF03726.15,TIGR00006,TIGR00019,TIGR00020,TIGR00029,TIGR00043,TIGR00054,TIGR00059,TIGR00061,TIGR00064,TIGR00065,TIGR00082,TIGR00083,TIGR00084,TIGR00086,TIGR00088,TIGR00090,TIGR00092,TIGR00095,TIGR00115,TIGR00116,TIGR00138,TIGR00158,TIGR00166,TIGR00168,TIGR00186,TIGR00194,TIGR00250,TIGR00337,TIGR00344,TIGR00362,TIGR00392,TIGR00396,TIGR00398,TIGR00414,TIGR00416,TIGR00420,TIGR00431,TIGR00435,TIGR00436,TIGR00442,TIGR00445,TIGR00456,TIGR00459,TIGR00460,TIGR00468,TIGR00472,TIGR00487,TIGR00496,TIGR00539,TIGR00580,TIGR00593,TIGR00615,TIGR00631,TIGR00634,TIGR00635,TIGR00643,TIGR00663,TIGR00717,TIGR00755,TIGR00922,TIGR00959,TIGR00963,TIGR00967,TIGR01009,TIGR01011,TIGR01017,TIGR01021,TIGR01029,TIGR01032,TIGR01039,TIGR01044,TIGR01059,TIGR01063,TIGR01066,TIGR01071,TIGR01079,TIGR01082,TIGR01087,TIGR01128,TIGR01146,TIGR01164,TIGR01169,TIGR01171,TIGR01302,TIGR01391,TIGR01393,TIGR01394,TIGR01510,TIGR01632,TIGR01951,TIGR01953,TIGR02012,TIGR02013,TIGR02027,TIGR02075,TIGR02191,TIGR02273,TIGR02350,TIGR02386,TIGR02397,TIGR02432,TIGR02729,TIGR03263,TIGR03594,TIGR03625,TIGR03632,TIGR03654,TIGR03723,TIGR03725,TIGR03953	TIGR00382,TIGR00928		TIGR00810,TIGR00964
GCF_033374175.1_genome	116	2	0	2	PF00380.20,PF00410.20,PF00466.21,PF01025.20,PF02576.18,PF03726.15,TIGR00006,TIGR00019,TIGR00020,TIGR00029,TIGR00043,TIGR00054,TIGR00059,TIGR00061,TIGR00064,TIGR00065,TIGR00082,TIGR00083,TIGR00084,TIGR00086,TIGR00088,TIGR00090,TIGR00092,TIGR00095,TIGR00115,TIGR00116,TIGR00138,TIGR00158,TIGR00166,TIGR00168,TIGR00186,TIGR00194,TIGR00250,TIGR00337,TIGR00344,TIGR00362,TIGR00392,TIGR00396,TIGR00398,TIGR00414,TIGR00416,TIGR00420,TIGR00431,TIGR00435,TIGR00436,TIGR00442,TIGR00445,TIGR00456,TIGR00459,TIGR00460,TIGR00468,TIGR00472,TIGR00487,TIGR00496,TIGR00539,TIGR00580,TIGR00593,TIGR00615,TIGR00631,TIGR00634,TIGR00635,TIGR00643,TIGR00663,TIGR00717,TIGR00755,TIGR00922,TIGR00959,TIGR00963,TIGR00967,TIGR01009,TIGR01011,TIGR01017,TIGR01021,TIGR01029,TIGR01032,TIGR01039,TIGR01044,TIGR01059,TIGR01063,TIGR01066,TIGR01071,TIGR01079,TIGR01082,TIGR01087,TIGR01128,TIGR01146,TIGR01164,TIGR01169,TIGR01171,TIGR01302,TIGR01391,TIGR01393,TIGR01394,TIGR01510,TIGR01632,TIGR01951,TIGR01953,TIGR02012,TIGR02013,TIGR02027,TIGR02075,TIGR02191,TIGR02273,TIGR02350,TIGR02386,TIGR02397,TIGR02432,TIGR02729,TIGR03263,TIGR03594,TIGR03625,TIGR03632,TIGR03654,TIGR03723,TIGR03725,TIGR03953	TIGR00382,TIGR00928		TIGR00810,TIGR00964
GCF_033375015.1_genome	116	2	0	2	PF00380.20,PF00410.20,PF00466.21,PF01025.20,PF02576.18,PF03726.15,TIGR00006,TIGR00019,TIGR00020,TIGR00029,TIGR00043,TIGR00054,TIGR00059,TIGR00061,TIGR00064,TIGR00065,TIGR00082,TIGR00083,TIGR00084,TIGR00086,TIGR00088,TIGR00090,TIGR00092,TIGR00095,TIGR00115,TIGR00116,TIGR00138,TIGR00158,TIGR00166,TIGR00168,TIGR00186,TIGR00194,TIGR00250,TIGR00337,TIGR00344,TIGR00362,TIGR00392,TIGR00396,TIGR00398,TIGR00414,TIGR00416,TIGR00420,TIGR00431,TIGR00435,TIGR00436,TIGR00442,TIGR00445,TIGR00456,TIGR00459,TIGR00460,TIGR00468,TIGR00472,TIGR00487,TIGR00496,TIGR00539,TIGR00580,TIGR00593,TIGR00615,TIGR00631,TIGR00634,TIGR00635,TIGR00643,TIGR00663,TIGR00717,TIGR00755,TIGR00922,TIGR00959,TIGR00963,TIGR00967,TIGR01009,TIGR01011,TIGR01017,TIGR01021,TIGR01029,TIGR01032,TIGR01039,TIGR01044,TIGR01059,TIGR01063,TIGR01066,TIGR01071,TIGR01079,TIGR01082,TIGR01087,TIGR01128,TIGR01146,TIGR01164,TIGR01169,TIGR01171,TIGR01302,TIGR01391,TIGR01393,TIGR01394,TIGR01510,TIGR01632,TIGR01951,TIGR01953,TIGR02012,TIGR02013,TIGR02027,TIGR02075,TIGR02191,TIGR02273,TIGR02350,TIGR02386,TIGR02397,TIGR02432,TIGR02729,TIGR03263,TIGR03594,TIGR03625,TIGR03632,TIGR03654,TIGR03723,TIGR03725,TIGR03953	TIGR00382,TIGR00928		TIGR00810,TIGR00964
GCF_033375815.1_genome	115	2	0	3	PF00380.20,PF00410.20,PF00466.21,PF01025.20,PF02576.18,PF03726.15,TIGR00006,TIGR00019,TIGR00020,TIGR00029,TIGR00043,TIGR00054,TIGR00059,TIGR00061,TIGR00064,TIGR00065,TIGR00082,TIGR00083,TIGR00084,TIGR00086,TIGR00088,TIGR00090,TIGR00092,TIGR00095,TIGR00115,TIGR00116,TIGR00138,TIGR00158,TIGR00166,TIGR00168,TIGR00186,TIGR00194,TIGR00250,TIGR00337,TIGR00344,TIGR00362,TIGR00392,TIGR00396,TIGR00398,TIGR00414,TIGR00416,TIGR00420,TIGR00431,TIGR00435,TIGR00436,TIGR00442,TIGR00445,TIGR00456,TIGR00459,TIGR00460,TIGR00468,TIGR00472,TIGR00487,TIGR00496,TIGR00539,TIGR00580,TIGR00593,TIGR00615,TIGR00631,TIGR00634,TIGR00635,TIGR00643,TIGR00663,TIGR00717,TIGR00755,TIGR00922,TIGR00959,TIGR00963,TIGR01009,TIGR01011,TIGR01017,TIGR01021,TIGR01029,TIGR01032,TIGR01039,TIGR01044,TIGR01059,TIGR01063,TIGR01066,TIGR01071,TIGR01079,TIGR01082,TIGR01087,TIGR01128,TIGR01146,TIGR01164,TIGR01169,TIGR01171,TIGR01302,TIGR01391,TIGR01393,TIGR01394,TIGR01510,TIGR01632,TIGR01951,TIGR01953,TIGR02012,TIGR02013,TIGR02027,TIGR02075,TIGR02191,TIGR02273,TIGR02350,TIGR02386,TIGR02397,TIGR02432,TIGR02729,TIGR03263,TIGR03594,TIGR03625,TIGR03632,TIGR03654,TIGR03723,TIGR03725,TIGR03953	TIGR00382,TIGR00928		TIGR00810,TIGR00964,TIGR00967
GCF_033657645.1_genome	116	2	0	2	PF00380.20,PF00410.20,PF00466.21,PF01025.20,PF02576.18,PF03726.15,TIGR00006,TIGR00019,TIGR00020,TIGR00029,TIGR00043,TIGR00054,TIGR00059,TIGR00061,TIGR00064,TIGR00065,TIGR00082,TIGR00083,TIGR00084,TIGR00086,TIGR00088,TIGR00090,TIGR00092,TIGR00095,TIGR00115,TIGR00116,TIGR00138,TIGR00158,TIGR00166,TIGR00168,TIGR00186,TIGR00194,TIGR00250,TIGR00337,TIGR00344,TIGR00362,TIGR00392,TIGR00396,TIGR00398,TIGR00414,TIGR00416,TIGR00420,TIGR00431,TIGR00435,TIGR00436,TIGR00442,TIGR00445,TIGR00456,TIGR00459,TIGR00460,TIGR00468,TIGR00472,TIGR00487,TIGR00496,TIGR00539,TIGR00580,TIGR00593,TIGR00615,TIGR00631,TIGR00634,TIGR00635,TIGR00643,TIGR00663,TIGR00717,TIGR00755,TIGR00922,TIGR00959,TIGR00963,TIGR00967,TIGR01009,TIGR01011,TIGR01017,TIGR01021,TIGR01029,TIGR01032,TIGR01039,TIGR01044,TIGR01059,TIGR01063,TIGR01066,TIGR01071,TIGR01079,TIGR01082,TIGR01087,TIGR01128,TIGR01146,TIGR01164,TIGR01169,TIGR01171,TIGR01302,TIGR01391,TIGR01393,TIGR01394,TIGR01510,TIGR01632,TIGR01951,TIGR01953,TIGR02012,TIGR02013,TIGR02027,TIGR02075,TIGR02191,TIGR02273,TIGR02350,TIGR02386,TIGR02397,TIGR02432,TIGR02729,TIGR03263,TIGR03594,TIGR03625,TIGR03632,TIGR03654,TIGR03723,TIGR03725,TIGR03953	TIGR00382,TIGR00928		TIGR00810,TIGR00964
GCF_035783035.1_genome	116	2	0	2	PF00380.20,PF00410.20,PF00466.21,PF01025.20,PF02576.18,PF03726.15,TIGR00006,TIGR00019,TIGR00020,TIGR00029,TIGR00043,TIGR00054,TIGR00059,TIGR00061,TIGR00064,TIGR00065,TIGR00082,TIGR00083,TIGR00084,TIGR00086,TIGR00088,TIGR00090,TIGR00092,TIGR00095,TIGR00115,TIGR00116,TIGR00138,TIGR00158,TIGR00166,TIGR00168,TIGR00186,TIGR00194,TIGR00250,TIGR00337,TIGR00344,TIGR00362,TIGR00392,TIGR00396,TIGR00398,TIGR00414,TIGR00416,TIGR00420,TIGR00431,TIGR00435,TIGR00436,TIGR00442,TIGR00445,TIGR00456,TIGR00459,TIGR00460,TIGR00468,TIGR00472,TIGR00487,TIGR00496,TIGR00539,TIGR00580,TIGR00593,TIGR00615,TIGR00631,TIGR00634,TIGR00635,TIGR00643,TIGR00663,TIGR00717,TIGR00755,TIGR00922,TIGR00959,TIGR00963,TIGR00967,TIGR01009,TIGR01011,TIGR01017,TIGR01021,TIGR01029,TIGR01032,TIGR01039,TIGR01044,TIGR01059,TIGR01063,TIGR01066,TIGR01071,TIGR01079,TIGR01082,TIGR01087,TIGR01128,TIGR01146,TIGR01164,TIGR01169,TIGR01171,TIGR01302,TIGR01391,TIGR01393,TIGR01394,TIGR01510,TIGR01632,TIGR01951,TIGR01953,TIGR02012,TIGR02013,TIGR02027,TIGR02075,TIGR02191,TIGR02273,TIGR02350,TIGR02386,TIGR02397,TIGR02432,TIGR02729,TIGR03263,TIGR03594,TIGR03625,TIGR03632,TIGR03654,TIGR03723,TIGR03725,TIGR03953	TIGR00382,TIGR00928		TIGR00810,TIGR00964
GCF_035785195.1_genome	116	2	0	2	PF00380.20,PF00410.20,PF00466.21,PF01025.20,PF02576.18,PF03726.15,TIGR00006,TIGR00019,TIGR00020,TIGR00029,TIGR00043,TIGR00054,TIGR00059,TIGR00061,TIGR00064,TIGR00065,TIGR00082,TIGR00083,TIGR00084,TIGR00086,TIGR00088,TIGR00090,TIGR00092,TIGR00095,TIGR00115,TIGR00116,TIGR00138,TIGR00158,TIGR00166,TIGR00168,TIGR00186,TIGR00194,TIGR00250,TIGR00337,TIGR00344,TIGR00362,TIGR00392,TIGR00396,TIGR00398,TIGR00414,TIGR00416,TIGR00420,TIGR00431,TIGR00435,TIGR00436,TIGR00442,TIGR00445,TIGR00456,TIGR00459,TIGR00460,TIGR00468,TIGR00472,TIGR00487,TIGR00496,TIGR00539,TIGR00580,TIGR00593,TIGR00615,TIGR00631,TIGR00634,TIGR00635,TIGR00643,TIGR00663,TIGR00717,TIGR00755,TIGR00922,TIGR00959,TIGR00963,TIGR00967,TIGR01009,TIGR01011,TIGR01017,TIGR01021,TIGR01029,TIGR01032,TIGR01039,TIGR01044,TIGR01059,TIGR01063,TIGR01066,TIGR01071,TIGR01079,TIGR01082,TIGR01087,TIGR01128,TIGR01146,TIGR01164,TIGR01169,TIGR01171,TIGR01302,TIGR01391,TIGR01393,TIGR01394,TIGR01510,TIGR01632,TIGR01951,TIGR01953,TIGR02012,TIGR02013,TIGR02027,TIGR02075,TIGR02191,TIGR02273,TIGR02350,TIGR02386,TIGR02397,TIGR02432,TIGR02729,TIGR03263,TIGR03594,TIGR03625,TIGR03632,TIGR03654,TIGR03723,TIGR03725,TIGR03953	TIGR00382,TIGR00928		TIGR00810,TIGR00964
GCF_035785215.1_genome	116	2	0	2	PF00380.20,PF00410.20,PF00466.21,PF01025.20,PF02576.18,PF03726.15,TIGR00006,TIGR00019,TIGR00020,TIGR00029,TIGR00043,TIGR00054,TIGR00059,TIGR00061,TIGR00064,TIGR00065,TIGR00082,TIGR00083,TIGR00084,TIGR00086,TIGR00088,TIGR00090,TIGR00092,TIGR00095,TIGR00115,TIGR00116,TIGR00138,TIGR00158,TIGR00166,TIGR00168,TIGR00186,TIGR00194,TIGR00250,TIGR00337,TIGR00344,TIGR00362,TIGR00392,TIGR00396,TIGR00398,TIGR00414,TIGR00416,TIGR00420,TIGR00431,TIGR00435,TIGR00436,TIGR00442,TIGR00445,TIGR00456,TIGR00459,TIGR00460,TIGR00468,TIGR00472,TIGR00487,TIGR00496,TIGR00539,TIGR00580,TIGR00593,TIGR00615,TIGR00631,TIGR00634,TIGR00635,TIGR00643,TIGR00663,TIGR00717,TIGR00755,TIGR00922,TIGR00959,TIGR00963,TIGR00967,TIGR01009,TIGR01011,TIGR01017,TIGR01021,TIGR01029,TIGR01032,TIGR01039,TIGR01044,TIGR01059,TIGR01063,TIGR01066,TIGR01071,TIGR01079,TIGR01082,TIGR01087,TIGR01128,TIGR01146,TIGR01164,TIGR01169,TIGR01171,TIGR01302,TIGR01391,TIGR01393,TIGR01394,TIGR01510,TIGR01632,TIGR01951,TIGR01953,TIGR02012,TIGR02013,TIGR02027,TIGR02075,TIGR02191,TIGR02273,TIGR02350,TIGR02386,TIGR02397,TIGR02432,TIGR02729,TIGR03263,TIGR03594,TIGR03625,TIGR03632,TIGR03654,TIGR03723,TIGR03725,TIGR03953	TIGR00382,TIGR00928		TIGR00810,TIGR00964
GCF_035824895.1_genome	116	2	0	2	PF00380.20,PF00410.20,PF00466.21,PF01025.20,PF02576.18,PF03726.15,TIGR00006,TIGR00019,TIGR00020,TIGR00029,TIGR00043,TIGR00054,TIGR00059,TIGR00061,TIGR00064,TIGR00065,TIGR00082,TIGR00083,TIGR00084,TIGR00086,TIGR00088,TIGR00090,TIGR00092,TIGR00095,TIGR00115,TIGR00116,TIGR00138,TIGR00158,TIGR00166,TIGR00168,TIGR00186,TIGR00194,TIGR00250,TIGR00337,TIGR00344,TIGR00362,TIGR00392,TIGR00396,TIGR00398,TIGR00414,TIGR00416,TIGR00420,TIGR00431,TIGR00435,TIGR00436,TIGR00442,TIGR00445,TIGR00456,TIGR00459,TIGR00460,TIGR00468,TIGR00472,TIGR00487,TIGR00496,TIGR00539,TIGR00580,TIGR00593,TIGR00615,TIGR00631,TIGR00634,TIGR00635,TIGR00643,TIGR00663,TIGR00717,TIGR00755,TIGR00922,TIGR00959,TIGR00963,TIGR00967,TIGR01009,TIGR01011,TIGR01017,TIGR01021,TIGR01029,TIGR01032,TIGR01039,TIGR01044,TIGR01059,TIGR01063,TIGR01066,TIGR01071,TIGR01079,TIGR01082,TIGR01087,TIGR01128,TIGR01146,TIGR01164,TIGR01169,TIGR01171,TIGR01302,TIGR01391,TIGR01393,TIGR01394,TIGR01510,TIGR01632,TIGR01951,TIGR01953,TIGR02012,TIGR02013,TIGR02027,TIGR02075,TIGR02191,TIGR02273,TIGR02350,TIGR02386,TIGR02397,TIGR02432,TIGR02729,TIGR03263,TIGR03594,TIGR03625,TIGR03632,TIGR03654,TIGR03723,TIGR03725,TIGR03953	TIGR00382,TIGR00928		TIGR00810,TIGR00964
GCF_036323865.1_genome	116	2	0	2	PF00380.20,PF00410.20,PF00466.21,PF01025.20,PF02576.18,PF03726.15,TIGR00006,TIGR00019,TIGR00020,TIGR00029,TIGR00043,TIGR00054,TIGR00059,TIGR00061,TIGR00064,TIGR00065,TIGR00082,TIGR00083,TIGR00084,TIGR00086,TIGR00088,TIGR00090,TIGR00092,TIGR00095,TIGR00115,TIGR00116,TIGR00138,TIGR00158,TIGR00166,TIGR00168,TIGR00186,TIGR00194,TIGR00250,TIGR00337,TIGR00344,TIGR00362,TIGR00392,TIGR00396,TIGR00398,TIGR00414,TIGR00416,TIGR00420,TIGR00431,TIGR00435,TIGR00436,TIGR00442,TIGR00445,TIGR00456,TIGR00459,TIGR00460,TIGR00468,TIGR00472,TIGR00487,TIGR00496,TIGR00539,TIGR00580,TIGR00593,TIGR00615,TIGR00631,TIGR00634,TIGR00635,TIGR00643,TIGR00663,TIGR00717,TIGR00755,TIGR00922,TIGR00959,TIGR00963,TIGR00967,TIGR01009,TIGR01011,TIGR01017,TIGR01021,TIGR01029,TIGR01032,TIGR01039,TIGR01044,TIGR01059,TIGR01063,TIGR01066,TIGR01071,TIGR01079,TIGR01082,TIGR01087,TIGR01128,TIGR01146,TIGR01164,TIGR01169,TIGR01171,TIGR01302,TIGR01391,TIGR01393,TIGR01394,TIGR01510,TIGR01632,TIGR01951,TIGR01953,TIGR02012,TIGR02013,TIGR02027,TIGR02075,TIGR02191,TIGR02273,TIGR02350,TIGR02386,TIGR02397,TIGR02432,TIGR02729,TIGR03263,TIGR03594,TIGR03625,TIGR03632,TIGR03654,TIGR03723,TIGR03725,TIGR03953	TIGR00382,TIGR00928		TIGR00810,TIGR00964
GCF_036541435.1_genome	116	2	0	2	PF00380.20,PF00410.20,PF00466.21,PF01025.20,PF02576.18,PF03726.15,TIGR00006,TIGR00019,TIGR00020,TIGR00029,TIGR00043,TIGR00054,TIGR00059,TIGR00061,TIGR00064,TIGR00065,TIGR00082,TIGR00083,TIGR00084,TIGR00086,TIGR00088,TIGR00090,TIGR00092,TIGR00095,TIGR00115,TIGR00116,TIGR00138,TIGR00158,TIGR00166,TIGR00168,TIGR00186,TIGR00194,TIGR00250,TIGR00337,TIGR00344,TIGR00362,TIGR00392,TIGR00396,TIGR00398,TIGR00414,TIGR00416,TIGR00420,TIGR00431,TIGR00435,TIGR00436,TIGR00442,TIGR00445,TIGR00456,TIGR00459,TIGR00460,TIGR00468,TIGR00472,TIGR00487,TIGR00496,TIGR00539,TIGR00580,TIGR00593,TIGR00615,TIGR00631,TIGR00634,TIGR00635,TIGR00643,TIGR00663,TIGR00717,TIGR00755,TIGR00922,TIGR00959,TIGR00963,TIGR00967,TIGR01009,TIGR01011,TIGR01017,TIGR01021,TIGR01029,TIGR01032,TIGR01039,TIGR01044,TIGR01059,TIGR01063,TIGR01066,TIGR01071,TIGR01079,TIGR01082,TIGR01087,TIGR01128,TIGR01146,TIGR01164,TIGR01169,TIGR01171,TIGR01302,TIGR01391,TIGR01393,TIGR01394,TIGR01510,TIGR01632,TIGR01951,TIGR01953,TIGR02012,TIGR02013,TIGR02027,TIGR02075,TIGR02191,TIGR02273,TIGR02350,TIGR02386,TIGR02397,TIGR02432,TIGR02729,TIGR03263,TIGR03594,TIGR03625,TIGR03632,TIGR03654,TIGR03723,TIGR03725,TIGR03953	TIGR00382,TIGR00928		TIGR00810,TIGR00964
GCF_036541475.1_genome	116	2	0	2	PF00380.20,PF00410.20,PF00466.21,PF01025.20,PF02576.18,PF03726.15,TIGR00006,TIGR00019,TIGR00020,TIGR00029,TIGR00043,TIGR00054,TIGR00059,TIGR00061,TIGR00064,TIGR00065,TIGR00082,TIGR00083,TIGR00084,TIGR00086,TIGR00088,TIGR00090,TIGR00092,TIGR00095,TIGR00115,TIGR00116,TIGR00138,TIGR00158,TIGR00166,TIGR00168,TIGR00186,TIGR00194,TIGR00250,TIGR00337,TIGR00344,TIGR00362,TIGR00392,TIGR00396,TIGR00398,TIGR00414,TIGR00416,TIGR00420,TIGR00431,TIGR00435,TIGR00436,TIGR00442,TIGR00445,TIGR00456,TIGR00459,TIGR00460,TIGR00468,TIGR00472,TIGR00487,TIGR00496,TIGR00539,TIGR00580,TIGR00593,TIGR00615,TIGR00631,TIGR00634,TIGR00635,TIGR00643,TIGR00663,TIGR00717,TIGR00755,TIGR00922,TIGR00959,TIGR00963,TIGR00967,TIGR01009,TIGR01011,TIGR01017,TIGR01021,TIGR01029,TIGR01032,TIGR01039,TIGR01044,TIGR01059,TIGR01063,TIGR01066,TIGR01071,TIGR01079,TIGR01082,TIGR01087,TIGR01128,TIGR01146,TIGR01164,TIGR01169,TIGR01171,TIGR01302,TIGR01391,TIGR01393,TIGR01394,TIGR01510,TIGR01632,TIGR01951,TIGR01953,TIGR02012,TIGR02013,TIGR02027,TIGR02075,TIGR02191,TIGR02273,TIGR02350,TIGR02386,TIGR02397,TIGR02432,TIGR02729,TIGR03263,TIGR03594,TIGR03625,TIGR03632,TIGR03654,TIGR03723,TIGR03725,TIGR03953	TIGR00382,TIGR00928		TIGR00810,TIGR00964
GCF_036541485.1_genome	116	2	0	2	PF00380.20,PF00410.20,PF00466.21,PF01025.20,PF02576.18,PF03726.15,TIGR00006,TIGR00019,TIGR00020,TIGR00029,TIGR00043,TIGR00054,TIGR00059,TIGR00061,TIGR00064,TIGR00065,TIGR00082,TIGR00083,TIGR00084,TIGR00086,TIGR00088,TIGR00090,TIGR00092,TIGR00095,TIGR00115,TIGR00116,TIGR00138,TIGR00158,TIGR00166,TIGR00168,TIGR00186,TIGR00194,TIGR00250,TIGR00337,TIGR00344,TIGR00362,TIGR00392,TIGR00396,TIGR00398,TIGR00414,TIGR00416,TIGR00420,TIGR00431,TIGR00435,TIGR00436,TIGR00442,TIGR00445,TIGR00456,TIGR00459,TIGR00460,TIGR00468,TIGR00472,TIGR00487,TIGR00496,TIGR00539,TIGR00580,TIGR00593,TIGR00615,TIGR00631,TIGR00634,TIGR00635,TIGR00643,TIGR00663,TIGR00717,TIGR00755,TIGR00922,TIGR00959,TIGR00963,TIGR00967,TIGR01009,TIGR01011,TIGR01017,TIGR01021,TIGR01029,TIGR01032,TIGR01039,TIGR01044,TIGR01059,TIGR01063,TIGR01066,TIGR01071,TIGR01079,TIGR01082,TIGR01087,TIGR01128,TIGR01146,TIGR01164,TIGR01169,TIGR01171,TIGR01302,TIGR01391,TIGR01393,TIGR01394,TIGR01510,TIGR01632,TIGR01951,TIGR01953,TIGR02012,TIGR02013,TIGR02027,TIGR02075,TIGR02191,TIGR02273,TIGR02350,TIGR02386,TIGR02397,TIGR02432,TIGR02729,TIGR03263,TIGR03594,TIGR03625,TIGR03632,TIGR03654,TIGR03723,TIGR03725,TIGR03953	TIGR00382,TIGR00928		TIGR00810,TIGR00964
GCF_036541525.1_genome	116	2	0	2	PF00380.20,PF00410.20,PF00466.21,PF01025.20,PF02576.18,PF03726.15,TIGR00006,TIGR00019,TIGR00020,TIGR00029,TIGR00043,TIGR00054,TIGR00059,TIGR00061,TIGR00064,TIGR00065,TIGR00082,TIGR00083,TIGR00084,TIGR00086,TIGR00088,TIGR00090,TIGR00092,TIGR00095,TIGR00115,TIGR00116,TIGR00138,TIGR00158,TIGR00166,TIGR00168,TIGR00186,TIGR00194,TIGR00250,TIGR00337,TIGR00344,TIGR00362,TIGR00392,TIGR00396,TIGR00398,TIGR00414,TIGR00416,TIGR00420,TIGR00431,TIGR00435,TIGR00436,TIGR00442,TIGR00445,TIGR00456,TIGR00459,TIGR00460,TIGR00468,TIGR00472,TIGR00487,TIGR00496,TIGR00539,TIGR00580,TIGR00593,TIGR00615,TIGR00631,TIGR00634,TIGR00635,TIGR00643,TIGR00663,TIGR00717,TIGR00755,TIGR00922,TIGR00959,TIGR00963,TIGR00967,TIGR01009,TIGR01011,TIGR01017,TIGR01021,TIGR01029,TIGR01032,TIGR01039,TIGR01044,TIGR01059,TIGR01063,TIGR01066,TIGR01071,TIGR01079,TIGR01082,TIGR01087,TIGR01128,TIGR01146,TIGR01164,TIGR01169,TIGR01171,TIGR01302,TIGR01391,TIGR01393,TIGR01394,TIGR01510,TIGR01632,TIGR01951,TIGR01953,TIGR02012,TIGR02013,TIGR02027,TIGR02075,TIGR02191,TIGR02273,TIGR02350,TIGR02386,TIGR02397,TIGR02432,TIGR02729,TIGR03263,TIGR03594,TIGR03625,TIGR03632,TIGR03654,TIGR03723,TIGR03725,TIGR03953	TIGR00382,TIGR00928		TIGR00810,TIGR00964
GCF_036541535.1_genome	116	2	0	2	PF00380.20,PF00410.20,PF00466.21,PF01025.20,PF02576.18,PF03726.15,TIGR00006,TIGR00019,TIGR00020,TIGR00029,TIGR00043,TIGR00054,TIGR00059,TIGR00061,TIGR00064,TIGR00065,TIGR00082,TIGR00083,TIGR00084,TIGR00086,TIGR00088,TIGR00090,TIGR00092,TIGR00095,TIGR00115,TIGR00116,TIGR00138,TIGR00158,TIGR00166,TIGR00168,TIGR00186,TIGR00194,TIGR00250,TIGR00337,TIGR00344,TIGR00362,TIGR00392,TIGR00396,TIGR00398,TIGR00414,TIGR00416,TIGR00420,TIGR00431,TIGR00435,TIGR00436,TIGR00442,TIGR00445,TIGR00456,TIGR00459,TIGR00460,TIGR00468,TIGR00472,TIGR00487,TIGR00496,TIGR00539,TIGR00580,TIGR00593,TIGR00615,TIGR00631,TIGR00634,TIGR00635,TIGR00643,TIGR00663,TIGR00717,TIGR00755,TIGR00922,TIGR00959,TIGR00963,TIGR00967,TIGR01009,TIGR01011,TIGR01017,TIGR01021,TIGR01029,TIGR01032,TIGR01039,TIGR01044,TIGR01059,TIGR01063,TIGR01066,TIGR01071,TIGR01079,TIGR01082,TIGR01087,TIGR01128,TIGR01146,TIGR01164,TIGR01169,TIGR01171,TIGR01302,TIGR01391,TIGR01393,TIGR01394,TIGR01510,TIGR01632,TIGR01951,TIGR01953,TIGR02012,TIGR02013,TIGR02027,TIGR02075,TIGR02191,TIGR02273,TIGR02350,TIGR02386,TIGR02397,TIGR02432,TIGR02729,TIGR03263,TIGR03594,TIGR03625,TIGR03632,TIGR03654,TIGR03723,TIGR03725,TIGR03953	TIGR00382,TIGR00928		TIGR00810,TIGR00964
GCF_036541565.1_genome	116	2	0	2	PF00380.20,PF00410.20,PF00466.21,PF01025.20,PF02576.18,PF03726.15,TIGR00006,TIGR00019,TIGR00020,TIGR00029,TIGR00043,TIGR00054,TIGR00059,TIGR00061,TIGR00064,TIGR00065,TIGR00082,TIGR00083,TIGR00084,TIGR00086,TIGR00088,TIGR00090,TIGR00092,TIGR00095,TIGR00115,TIGR00116,TIGR00138,TIGR00158,TIGR00166,TIGR00168,TIGR00186,TIGR00194,TIGR00250,TIGR00337,TIGR00344,TIGR00362,TIGR00392,TIGR00396,TIGR00398,TIGR00414,TIGR00416,TIGR00420,TIGR00431,TIGR00435,TIGR00436,TIGR00442,TIGR00445,TIGR00456,TIGR00459,TIGR00460,TIGR00468,TIGR00472,TIGR00487,TIGR00496,TIGR00539,TIGR00580,TIGR00593,TIGR00615,TIGR00631,TIGR00634,TIGR00635,TIGR00643,TIGR00663,TIGR00717,TIGR00755,TIGR00922,TIGR00959,TIGR00963,TIGR00967,TIGR01009,TIGR01011,TIGR01017,TIGR01021,TIGR01029,TIGR01032,TIGR01039,TIGR01044,TIGR01059,TIGR01063,TIGR01066,TIGR01071,TIGR01079,TIGR01082,TIGR01087,TIGR01128,TIGR01146,TIGR01164,TIGR01169,TIGR01171,TIGR01302,TIGR01391,TIGR01393,TIGR01394,TIGR01510,TIGR01632,TIGR01951,TIGR01953,TIGR02012,TIGR02013,TIGR02027,TIGR02075,TIGR02191,TIGR02273,TIGR02350,TIGR02386,TIGR02397,TIGR02432,TIGR02729,TIGR03263,TIGR03594,TIGR03625,TIGR03632,TIGR03654,TIGR03723,TIGR03725,TIGR03953	TIGR00382,TIGR00928		TIGR00810,TIGR00964
GCF_036541575.1_genome	116	2	0	2	PF00380.20,PF00410.20,PF00466.21,PF01025.20,PF02576.18,PF03726.15,TIGR00006,TIGR00019,TIGR00020,TIGR00029,TIGR00043,TIGR00054,TIGR00059,TIGR00061,TIGR00064,TIGR00065,TIGR00082,TIGR00083,TIGR00084,TIGR00086,TIGR00088,TIGR00090,TIGR00092,TIGR00095,TIGR00115,TIGR00116,TIGR00138,TIGR00158,TIGR00166,TIGR00168,TIGR00186,TIGR00194,TIGR00250,TIGR00337,TIGR00344,TIGR00362,TIGR00392,TIGR00396,TIGR00398,TIGR00414,TIGR00416,TIGR00420,TIGR00431,TIGR00435,TIGR00436,TIGR00442,TIGR00445,TIGR00456,TIGR00459,TIGR00460,TIGR00468,TIGR00472,TIGR00487,TIGR00496,TIGR00539,TIGR00580,TIGR00593,TIGR00615,TIGR00631,TIGR00634,TIGR00635,TIGR00643,TIGR00663,TIGR00717,TIGR00755,TIGR00922,TIGR00959,TIGR00963,TIGR00967,TIGR01009,TIGR01011,TIGR01017,TIGR01021,TIGR01029,TIGR01032,TIGR01039,TIGR01044,TIGR01059,TIGR01063,TIGR01066,TIGR01071,TIGR01079,TIGR01082,TIGR01087,TIGR01128,TIGR01146,TIGR01164,TIGR01169,TIGR01171,TIGR01302,TIGR01391,TIGR01393,TIGR01394,TIGR01510,TIGR01632,TIGR01951,TIGR01953,TIGR02012,TIGR02013,TIGR02027,TIGR02075,TIGR02191,TIGR02273,TIGR02350,TIGR02386,TIGR02397,TIGR02432,TIGR02729,TIGR03263,TIGR03594,TIGR03625,TIGR03632,TIGR03654,TIGR03723,TIGR03725,TIGR03953	TIGR00382,TIGR00928		TIGR00810,TIGR00964
GCF_036541585.1_genome	117	2	0	1	PF00380.20,PF00410.20,PF00466.21,PF01025.20,PF02576.18,PF03726.15,TIGR00006,TIGR00019,TIGR00020,TIGR00029,TIGR00043,TIGR00054,TIGR00059,TIGR00061,TIGR00064,TIGR00065,TIGR00082,TIGR00083,TIGR00084,TIGR00086,TIGR00088,TIGR00090,TIGR00092,TIGR00095,TIGR00115,TIGR00116,TIGR00138,TIGR00158,TIGR00166,TIGR00168,TIGR00186,TIGR00194,TIGR00250,TIGR00337,TIGR00344,TIGR00362,TIGR00392,TIGR00396,TIGR00398,TIGR00414,TIGR00416,TIGR00420,TIGR00431,TIGR00435,TIGR00436,TIGR00442,TIGR00445,TIGR00456,TIGR00459,TIGR00460,TIGR00468,TIGR00472,TIGR00487,TIGR00496,TIGR00539,TIGR00580,TIGR00593,TIGR00615,TIGR00631,TIGR00634,TIGR00635,TIGR00643,TIGR00663,TIGR00717,TIGR00755,TIGR00922,TIGR00959,TIGR00963,TIGR00964,TIGR00967,TIGR01009,TIGR01011,TIGR01017,TIGR01021,TIGR01029,TIGR01032,TIGR01039,TIGR01044,TIGR01059,TIGR01063,TIGR01066,TIGR01071,TIGR01079,TIGR01082,TIGR01087,TIGR01128,TIGR01146,TIGR01164,TIGR01169,TIGR01171,TIGR01302,TIGR01391,TIGR01393,TIGR01394,TIGR01510,TIGR01632,TIGR01951,TIGR01953,TIGR02012,TIGR02013,TIGR02027,TIGR02075,TIGR02191,TIGR02273,TIGR02350,TIGR02386,TIGR02397,TIGR02432,TIGR02729,TIGR03263,TIGR03594,TIGR03625,TIGR03632,TIGR03654,TIGR03723,TIGR03725,TIGR03953	TIGR00382,TIGR00928		TIGR00810
GCF_036541625.1_genome	116	2	0	2	PF00380.20,PF00410.20,PF00466.21,PF01025.20,PF02576.18,PF03726.15,TIGR00006,TIGR00019,TIGR00020,TIGR00029,TIGR00043,TIGR00054,TIGR00059,TIGR00061,TIGR00064,TIGR00065,TIGR00082,TIGR00083,TIGR00084,TIGR00086,TIGR00088,TIGR00090,TIGR00092,TIGR00095,TIGR00115,TIGR00116,TIGR00138,TIGR00158,TIGR00166,TIGR00168,TIGR00186,TIGR00194,TIGR00250,TIGR00337,TIGR00344,TIGR00362,TIGR00392,TIGR00396,TIGR00398,TIGR00414,TIGR00416,TIGR00420,TIGR00431,TIGR00435,TIGR00436,TIGR00442,TIGR00445,TIGR00456,TIGR00459,TIGR00460,TIGR00468,TIGR00472,TIGR00487,TIGR00496,TIGR00539,TIGR00580,TIGR00593,TIGR00615,TIGR00631,TIGR00634,TIGR00635,TIGR00643,TIGR00663,TIGR00717,TIGR00755,TIGR00922,TIGR00959,TIGR00963,TIGR00967,TIGR01009,TIGR01011,TIGR01017,TIGR01021,TIGR01029,TIGR01032,TIGR01039,TIGR01044,TIGR01059,TIGR01063,TIGR01066,TIGR01071,TIGR01079,TIGR01082,TIGR01087,TIGR01128,TIGR01146,TIGR01164,TIGR01169,TIGR01171,TIGR01302,TIGR01391,TIGR01393,TIGR01394,TIGR01510,TIGR01632,TIGR01951,TIGR01953,TIGR02012,TIGR02013,TIGR02027,TIGR02075,TIGR02191,TIGR02273,TIGR02350,TIGR02386,TIGR02397,TIGR02432,TIGR02729,TIGR03263,TIGR03594,TIGR03625,TIGR03632,TIGR03654,TIGR03723,TIGR03725,TIGR03953	TIGR00382,TIGR00928		TIGR00810,TIGR00964
GCF_036541635.1_genome	116	2	0	2	PF00380.20,PF00410.20,PF00466.21,PF01025.20,PF02576.18,PF03726.15,TIGR00006,TIGR00019,TIGR00020,TIGR00029,TIGR00043,TIGR00054,TIGR00059,TIGR00061,TIGR00064,TIGR00065,TIGR00082,TIGR00083,TIGR00084,TIGR00086,TIGR00088,TIGR00090,TIGR00092,TIGR00095,TIGR00115,TIGR00116,TIGR00138,TIGR00158,TIGR00166,TIGR00168,TIGR00186,TIGR00194,TIGR00250,TIGR00337,TIGR00344,TIGR00362,TIGR00392,TIGR00396,TIGR00398,TIGR00414,TIGR00416,TIGR00420,TIGR00431,TIGR00435,TIGR00436,TIGR00442,TIGR00445,TIGR00456,TIGR00459,TIGR00460,TIGR00468,TIGR00472,TIGR00487,TIGR00496,TIGR00539,TIGR00580,TIGR00593,TIGR00615,TIGR00631,TIGR00634,TIGR00635,TIGR00643,TIGR00663,TIGR00717,TIGR00755,TIGR00922,TIGR00959,TIGR00963,TIGR00967,TIGR01009,TIGR01011,TIGR01017,TIGR01021,TIGR01029,TIGR01032,TIGR01039,TIGR01044,TIGR01059,TIGR01063,TIGR01066,TIGR01071,TIGR01079,TIGR01082,TIGR01087,TIGR01128,TIGR01146,TIGR01164,TIGR01169,TIGR01171,TIGR01302,TIGR01391,TIGR01393,TIGR01394,TIGR01510,TIGR01632,TIGR01951,TIGR01953,TIGR02012,TIGR02013,TIGR02027,TIGR02075,TIGR02191,TIGR02273,TIGR02350,TIGR02386,TIGR02397,TIGR02432,TIGR02729,TIGR03263,TIGR03594,TIGR03625,TIGR03632,TIGR03654,TIGR03723,TIGR03725,TIGR03953	TIGR00382,TIGR00928		TIGR00810,TIGR00964
GCF_036541665.1_genome	116	2	0	2	PF00380.20,PF00410.20,PF00466.21,PF01025.20,PF02576.18,PF03726.15,TIGR00006,TIGR00019,TIGR00020,TIGR00029,TIGR00043,TIGR00054,TIGR00059,TIGR00061,TIGR00064,TIGR00065,TIGR00082,TIGR00083,TIGR00084,TIGR00086,TIGR00088,TIGR00090,TIGR00092,TIGR00095,TIGR00115,TIGR00116,TIGR00138,TIGR00158,TIGR00166,TIGR00168,TIGR00186,TIGR00194,TIGR00250,TIGR00337,TIGR00344,TIGR00362,TIGR00392,TIGR00396,TIGR00398,TIGR00414,TIGR00416,TIGR00420,TIGR00431,TIGR00435,TIGR00436,TIGR00442,TIGR00445,TIGR00456,TIGR00459,TIGR00460,TIGR00468,TIGR00472,TIGR00487,TIGR00496,TIGR00539,TIGR00580,TIGR00593,TIGR00615,TIGR00631,TIGR00634,TIGR00635,TIGR00643,TIGR00663,TIGR00717,TIGR00755,TIGR00922,TIGR00959,TIGR00963,TIGR00967,TIGR01009,TIGR01011,TIGR01017,TIGR01021,TIGR01029,TIGR01032,TIGR01039,TIGR01044,TIGR01059,TIGR01063,TIGR01066,TIGR01071,TIGR01079,TIGR01082,TIGR01087,TIGR01128,TIGR01146,TIGR01164,TIGR01169,TIGR01171,TIGR01302,TIGR01391,TIGR01393,TIGR01394,TIGR01510,TIGR01632,TIGR01951,TIGR01953,TIGR02012,TIGR02013,TIGR02027,TIGR02075,TIGR02191,TIGR02273,TIGR02350,TIGR02386,TIGR02397,TIGR02432,TIGR02729,TIGR03263,TIGR03594,TIGR03625,TIGR03632,TIGR03654,TIGR03723,TIGR03725,TIGR03953	TIGR00382,TIGR00928		TIGR00810,TIGR00964
GCF_036541675.1_genome	116	2	0	2	PF00380.20,PF00410.20,PF00466.21,PF01025.20,PF02576.18,PF03726.15,TIGR00006,TIGR00019,TIGR00020,TIGR00029,TIGR00043,TIGR00054,TIGR00059,TIGR00061,TIGR00064,TIGR00065,TIGR00082,TIGR00083,TIGR00084,TIGR00086,TIGR00088,TIGR00090,TIGR00092,TIGR00095,TIGR00115,TIGR00116,TIGR00138,TIGR00158,TIGR00166,TIGR00168,TIGR00186,TIGR00194,TIGR00250,TIGR00337,TIGR00344,TIGR00362,TIGR00392,TIGR00396,TIGR00398,TIGR00414,TIGR00416,TIGR00420,TIGR00431,TIGR00435,TIGR00436,TIGR00442,TIGR00445,TIGR00456,TIGR00459,TIGR00460,TIGR00468,TIGR00472,TIGR00487,TIGR00496,TIGR00539,TIGR00580,TIGR00593,TIGR00615,TIGR00631,TIGR00634,TIGR00635,TIGR00643,TIGR00663,TIGR00717,TIGR00755,TIGR00922,TIGR00959,TIGR00963,TIGR00967,TIGR01009,TIGR01011,TIGR01017,TIGR01021,TIGR01029,TIGR01032,TIGR01039,TIGR01044,TIGR01059,TIGR01063,TIGR01066,TIGR01071,TIGR01079,TIGR01082,TIGR01087,TIGR01128,TIGR01146,TIGR01164,TIGR01169,TIGR01171,TIGR01302,TIGR01391,TIGR01393,TIGR01394,TIGR01510,TIGR01632,TIGR01951,TIGR01953,TIGR02012,TIGR02013,TIGR02027,TIGR02075,TIGR02191,TIGR02273,TIGR02350,TIGR02386,TIGR02397,TIGR02432,TIGR02729,TIGR03263,TIGR03594,TIGR03625,TIGR03632,TIGR03654,TIGR03723,TIGR03725,TIGR03953	TIGR00382,TIGR00928		TIGR00810,TIGR00964
GCF_036541685.1_genome	115	3	0	2	PF00380.20,PF00410.20,PF00466.21,PF01025.20,PF02576.18,PF03726.15,TIGR00006,TIGR00019,TIGR00020,TIGR00029,TIGR00043,TIGR00054,TIGR00059,TIGR00061,TIGR00064,TIGR00065,TIGR00082,TIGR00083,TIGR00084,TIGR00086,TIGR00088,TIGR00090,TIGR00092,TIGR00095,TIGR00115,TIGR00116,TIGR00138,TIGR00158,TIGR00166,TIGR00168,TIGR00186,TIGR00194,TIGR00250,TIGR00337,TIGR00344,TIGR00362,TIGR00392,TIGR00396,TIGR00398,TIGR00414,TIGR00416,TIGR00420,TIGR00431,TIGR00435,TIGR00436,TIGR00442,TIGR00445,TIGR00456,TIGR00459,TIGR00460,TIGR00468,TIGR00472,TIGR00487,TIGR00496,TIGR00539,TIGR00580,TIGR00593,TIGR00615,TIGR00634,TIGR00635,TIGR00643,TIGR00663,TIGR00717,TIGR00755,TIGR00922,TIGR00959,TIGR00963,TIGR00967,TIGR01009,TIGR01011,TIGR01017,TIGR01021,TIGR01029,TIGR01032,TIGR01039,TIGR01044,TIGR01059,TIGR01063,TIGR01066,TIGR01071,TIGR01079,TIGR01082,TIGR01087,TIGR01128,TIGR01146,TIGR01164,TIGR01169,TIGR01171,TIGR01302,TIGR01391,TIGR01393,TIGR01394,TIGR01510,TIGR01632,TIGR01951,TIGR01953,TIGR02012,TIGR02013,TIGR02027,TIGR02075,TIGR02191,TIGR02273,TIGR02350,TIGR02386,TIGR02397,TIGR02432,TIGR02729,TIGR03263,TIGR03594,TIGR03625,TIGR03632,TIGR03654,TIGR03723,TIGR03725,TIGR03953	TIGR00382,TIGR00631,TIGR00928		TIGR00810,TIGR00964
GCF_036541725.1_genome	116	2	0	2	PF00380.20,PF00410.20,PF00466.21,PF01025.20,PF02576.18,PF03726.15,TIGR00006,TIGR00019,TIGR00020,TIGR00029,TIGR00043,TIGR00054,TIGR00059,TIGR00061,TIGR00064,TIGR00065,TIGR00082,TIGR00083,TIGR00084,TIGR00086,TIGR00088,TIGR00090,TIGR00092,TIGR00095,TIGR00115,TIGR00116,TIGR00138,TIGR00158,TIGR00166,TIGR00168,TIGR00186,TIGR00194,TIGR00250,TIGR00337,TIGR00344,TIGR00362,TIGR00392,TIGR00396,TIGR00398,TIGR00414,TIGR00416,TIGR00420,TIGR00431,TIGR00435,TIGR00436,TIGR00442,TIGR00445,TIGR00456,TIGR00459,TIGR00460,TIGR00468,TIGR00472,TIGR00487,TIGR00496,TIGR00539,TIGR00580,TIGR00593,TIGR00615,TIGR00631,TIGR00634,TIGR00635,TIGR00643,TIGR00663,TIGR00717,TIGR00755,TIGR00922,TIGR00959,TIGR00963,TIGR00967,TIGR01009,TIGR01011,TIGR01017,TIGR01021,TIGR01029,TIGR01032,TIGR01039,TIGR01044,TIGR01059,TIGR01063,TIGR01066,TIGR01071,TIGR01079,TIGR01082,TIGR01087,TIGR01128,TIGR01146,TIGR01164,TIGR01169,TIGR01171,TIGR01302,TIGR01391,TIGR01393,TIGR01394,TIGR01510,TIGR01632,TIGR01951,TIGR01953,TIGR02012,TIGR02013,TIGR02027,TIGR02075,TIGR02191,TIGR02273,TIGR02350,TIGR02386,TIGR02397,TIGR02432,TIGR02729,TIGR03263,TIGR03594,TIGR03625,TIGR03632,TIGR03654,TIGR03723,TIGR03725,TIGR03953	TIGR00382,TIGR00928		TIGR00810,TIGR00964
GCF_036541735.1_genome	116	2	0	2	PF00380.20,PF00410.20,PF00466.21,PF01025.20,PF02576.18,PF03726.15,TIGR00006,TIGR00019,TIGR00020,TIGR00029,TIGR00043,TIGR00054,TIGR00059,TIGR00061,TIGR00064,TIGR00065,TIGR00082,TIGR00083,TIGR00084,TIGR00086,TIGR00088,TIGR00090,TIGR00092,TIGR00095,TIGR00115,TIGR00116,TIGR00138,TIGR00158,TIGR00166,TIGR00168,TIGR00186,TIGR00194,TIGR00250,TIGR00337,TIGR00344,TIGR00362,TIGR00392,TIGR00396,TIGR00398,TIGR00414,TIGR00416,TIGR00420,TIGR00431,TIGR00435,TIGR00436,TIGR00442,TIGR00445,TIGR00456,TIGR00459,TIGR00460,TIGR00468,TIGR00472,TIGR00487,TIGR00496,TIGR00539,TIGR00580,TIGR00593,TIGR00615,TIGR00631,TIGR00634,TIGR00635,TIGR00643,TIGR00663,TIGR00717,TIGR00755,TIGR00922,TIGR00959,TIGR00963,TIGR00967,TIGR01009,TIGR01011,TIGR01017,TIGR01021,TIGR01029,TIGR01032,TIGR01039,TIGR01044,TIGR01059,TIGR01063,TIGR01066,TIGR01071,TIGR01079,TIGR01082,TIGR01087,TIGR01128,TIGR01146,TIGR01164,TIGR01169,TIGR01171,TIGR01302,TIGR01391,TIGR01393,TIGR01394,TIGR01510,TIGR01632,TIGR01951,TIGR01953,TIGR02012,TIGR02013,TIGR02027,TIGR02075,TIGR02191,TIGR02273,TIGR02350,TIGR02386,TIGR02397,TIGR02432,TIGR02729,TIGR03263,TIGR03594,TIGR03625,TIGR03632,TIGR03654,TIGR03723,TIGR03725,TIGR03953	TIGR00382,TIGR00928		TIGR00810,TIGR00964
GCF_036541745.1_genome	116	2	0	2	PF00380.20,PF00410.20,PF00466.21,PF01025.20,PF02576.18,PF03726.15,TIGR00006,TIGR00019,TIGR00020,TIGR00029,TIGR00043,TIGR00054,TIGR00059,TIGR00061,TIGR00064,TIGR00065,TIGR00082,TIGR00083,TIGR00084,TIGR00086,TIGR00088,TIGR00090,TIGR00092,TIGR00095,TIGR00115,TIGR00116,TIGR00138,TIGR00158,TIGR00166,TIGR00168,TIGR00186,TIGR00194,TIGR00250,TIGR00337,TIGR00344,TIGR00362,TIGR00392,TIGR00396,TIGR00398,TIGR00414,TIGR00416,TIGR00420,TIGR00431,TIGR00435,TIGR00436,TIGR00442,TIGR00445,TIGR00456,TIGR00459,TIGR00460,TIGR00468,TIGR00472,TIGR00487,TIGR00496,TIGR00539,TIGR00580,TIGR00593,TIGR00615,TIGR00631,TIGR00634,TIGR00635,TIGR00643,TIGR00663,TIGR00717,TIGR00755,TIGR00922,TIGR00959,TIGR00963,TIGR00967,TIGR01009,TIGR01011,TIGR01017,TIGR01021,TIGR01029,TIGR01032,TIGR01039,TIGR01044,TIGR01059,TIGR01063,TIGR01066,TIGR01071,TIGR01079,TIGR01082,TIGR01087,TIGR01128,TIGR01146,TIGR01164,TIGR01169,TIGR01171,TIGR01302,TIGR01391,TIGR01393,TIGR01394,TIGR01510,TIGR01632,TIGR01951,TIGR01953,TIGR02012,TIGR02013,TIGR02027,TIGR02075,TIGR02191,TIGR02273,TIGR02350,TIGR02386,TIGR02397,TIGR02432,TIGR02729,TIGR03263,TIGR03594,TIGR03625,TIGR03632,TIGR03654,TIGR03723,TIGR03725,TIGR03953	TIGR00382,TIGR00928		TIGR00810,TIGR00964
GCF_036541765.1_genome	116	2	0	2	PF00380.20,PF00410.20,PF00466.21,PF01025.20,PF02576.18,PF03726.15,TIGR00006,TIGR00019,TIGR00020,TIGR00029,TIGR00043,TIGR00054,TIGR00059,TIGR00061,TIGR00064,TIGR00065,TIGR00082,TIGR00083,TIGR00084,TIGR00086,TIGR00088,TIGR00090,TIGR00092,TIGR00095,TIGR00115,TIGR00116,TIGR00138,TIGR00158,TIGR00166,TIGR00168,TIGR00186,TIGR00194,TIGR00250,TIGR00337,TIGR00344,TIGR00362,TIGR00392,TIGR00396,TIGR00398,TIGR00414,TIGR00416,TIGR00420,TIGR00431,TIGR00435,TIGR00436,TIGR00442,TIGR00445,TIGR00456,TIGR00459,TIGR00460,TIGR00468,TIGR00472,TIGR00487,TIGR00496,TIGR00539,TIGR00580,TIGR00593,TIGR00615,TIGR00631,TIGR00634,TIGR00635,TIGR00643,TIGR00663,TIGR00717,TIGR00755,TIGR00922,TIGR00959,TIGR00963,TIGR00967,TIGR01009,TIGR01011,TIGR01017,TIGR01021,TIGR01029,TIGR01032,TIGR01039,TIGR01044,TIGR01059,TIGR01063,TIGR01066,TIGR01071,TIGR01079,TIGR01082,TIGR01087,TIGR01128,TIGR01146,TIGR01164,TIGR01169,TIGR01171,TIGR01302,TIGR01391,TIGR01393,TIGR01394,TIGR01510,TIGR01632,TIGR01951,TIGR01953,TIGR02012,TIGR02013,TIGR02027,TIGR02075,TIGR02191,TIGR02273,TIGR02350,TIGR02386,TIGR02397,TIGR02432,TIGR02729,TIGR03263,TIGR03594,TIGR03625,TIGR03632,TIGR03654,TIGR03723,TIGR03725,TIGR03953	TIGR00382,TIGR00928		TIGR00810,TIGR00964
GCF_036541805.1_genome	116	2	0	2	PF00380.20,PF00410.20,PF00466.21,PF01025.20,PF02576.18,PF03726.15,TIGR00006,TIGR00019,TIGR00020,TIGR00029,TIGR00043,TIGR00054,TIGR00059,TIGR00061,TIGR00064,TIGR00065,TIGR00082,TIGR00083,TIGR00084,TIGR00086,TIGR00088,TIGR00090,TIGR00092,TIGR00095,TIGR00115,TIGR00116,TIGR00138,TIGR00158,TIGR00166,TIGR00168,TIGR00186,TIGR00194,TIGR00250,TIGR00337,TIGR00344,TIGR00362,TIGR00392,TIGR00396,TIGR00398,TIGR00414,TIGR00416,TIGR00420,TIGR00431,TIGR00435,TIGR00436,TIGR00442,TIGR00445,TIGR00456,TIGR00459,TIGR00460,TIGR00468,TIGR00472,TIGR00487,TIGR00496,TIGR00539,TIGR00580,TIGR00593,TIGR00615,TIGR00631,TIGR00634,TIGR00635,TIGR00643,TIGR00663,TIGR00717,TIGR00755,TIGR00922,TIGR00959,TIGR00963,TIGR00967,TIGR01009,TIGR01011,TIGR01017,TIGR01021,TIGR01029,TIGR01032,TIGR01039,TIGR01044,TIGR01059,TIGR01063,TIGR01066,TIGR01071,TIGR01079,TIGR01082,TIGR01087,TIGR01128,TIGR01146,TIGR01164,TIGR01169,TIGR01171,TIGR01302,TIGR01391,TIGR01393,TIGR01394,TIGR01510,TIGR01632,TIGR01951,TIGR01953,TIGR02012,TIGR02013,TIGR02027,TIGR02075,TIGR02191,TIGR02273,TIGR02350,TIGR02386,TIGR02397,TIGR02432,TIGR02729,TIGR03263,TIGR03594,TIGR03625,TIGR03632,TIGR03654,TIGR03723,TIGR03725,TIGR03953	TIGR00382,TIGR00928		TIGR00810,TIGR00964
GCF_036541825.1_genome	114	4	0	2	PF00380.20,PF00410.20,PF00466.21,PF01025.20,PF02576.18,PF03726.15,TIGR00006,TIGR00019,TIGR00020,TIGR00029,TIGR00043,TIGR00054,TIGR00059,TIGR00061,TIGR00064,TIGR00065,TIGR00082,TIGR00083,TIGR00084,TIGR00086,TIGR00088,TIGR00090,TIGR00092,TIGR00095,TIGR00115,TIGR00116,TIGR00138,TIGR00158,TIGR00166,TIGR00168,TIGR00186,TIGR00194,TIGR00250,TIGR00337,TIGR00344,TIGR00362,TIGR00392,TIGR00396,TIGR00398,TIGR00414,TIGR00416,TIGR00420,TIGR00431,TIGR00435,TIGR00436,TIGR00442,TIGR00445,TIGR00456,TIGR00459,TIGR00460,TIGR00468,TIGR00472,TIGR00487,TIGR00496,TIGR00539,TIGR00580,TIGR00593,TIGR00615,TIGR00634,TIGR00635,TIGR00643,TIGR00663,TIGR00717,TIGR00755,TIGR00922,TIGR00959,TIGR00963,TIGR00967,TIGR01009,TIGR01011,TIGR01017,TIGR01021,TIGR01029,TIGR01039,TIGR01044,TIGR01059,TIGR01063,TIGR01066,TIGR01071,TIGR01079,TIGR01082,TIGR01087,TIGR01128,TIGR01146,TIGR01164,TIGR01169,TIGR01171,TIGR01302,TIGR01391,TIGR01393,TIGR01394,TIGR01510,TIGR01632,TIGR01951,TIGR01953,TIGR02012,TIGR02013,TIGR02027,TIGR02075,TIGR02191,TIGR02273,TIGR02350,TIGR02386,TIGR02397,TIGR02432,TIGR02729,TIGR03263,TIGR03594,TIGR03625,TIGR03632,TIGR03654,TIGR03723,TIGR03725,TIGR03953	TIGR00382,TIGR00631,TIGR00928,TIGR01032		TIGR00810,TIGR00964
GCF_036541835.1_genome	115	3	0	2	PF00380.20,PF00410.20,PF00466.21,PF01025.20,PF02576.18,PF03726.15,TIGR00006,TIGR00019,TIGR00020,TIGR00029,TIGR00043,TIGR00054,TIGR00059,TIGR00061,TIGR00064,TIGR00065,TIGR00082,TIGR00083,TIGR00084,TIGR00086,TIGR00088,TIGR00090,TIGR00092,TIGR00095,TIGR00115,TIGR00116,TIGR00138,TIGR00158,TIGR00166,TIGR00168,TIGR00186,TIGR00194,TIGR00250,TIGR00337,TIGR00344,TIGR00362,TIGR00392,TIGR00396,TIGR00398,TIGR00414,TIGR00416,TIGR00420,TIGR00431,TIGR00435,TIGR00436,TIGR00442,TIGR00445,TIGR00456,TIGR00459,TIGR00460,TIGR00468,TIGR00472,TIGR00487,TIGR00496,TIGR00539,TIGR00580,TIGR00593,TIGR00615,TIGR00634,TIGR00635,TIGR00643,TIGR00663,TIGR00717,TIGR00755,TIGR00922,TIGR00959,TIGR00963,TIGR00967,TIGR01009,TIGR01011,TIGR01017,TIGR01021,TIGR01029,TIGR01032,TIGR01039,TIGR01044,TIGR01059,TIGR01063,TIGR01066,TIGR01071,TIGR01079,TIGR01082,TIGR01087,TIGR01128,TIGR01146,TIGR01164,TIGR01169,TIGR01171,TIGR01302,TIGR01391,TIGR01393,TIGR01394,TIGR01510,TIGR01632,TIGR01951,TIGR01953,TIGR02012,TIGR02013,TIGR02027,TIGR02075,TIGR02191,TIGR02273,TIGR02350,TIGR02386,TIGR02397,TIGR02432,TIGR02729,TIGR03263,TIGR03594,TIGR03625,TIGR03632,TIGR03654,TIGR03723,TIGR03725,TIGR03953	TIGR00382,TIGR00631,TIGR00928		TIGR00810,TIGR00964
GCF_036541845.1_genome	116	2	0	2	PF00380.20,PF00410.20,PF00466.21,PF01025.20,PF02576.18,PF03726.15,TIGR00006,TIGR00019,TIGR00020,TIGR00029,TIGR00043,TIGR00054,TIGR00059,TIGR00061,TIGR00064,TIGR00065,TIGR00082,TIGR00083,TIGR00084,TIGR00086,TIGR00088,TIGR00090,TIGR00092,TIGR00095,TIGR00115,TIGR00116,TIGR00138,TIGR00158,TIGR00166,TIGR00168,TIGR00186,TIGR00194,TIGR00250,TIGR00337,TIGR00344,TIGR00362,TIGR00392,TIGR00396,TIGR00398,TIGR00414,TIGR00416,TIGR00420,TIGR00431,TIGR00435,TIGR00436,TIGR00442,TIGR00445,TIGR00456,TIGR00459,TIGR00460,TIGR00468,TIGR00472,TIGR00487,TIGR00496,TIGR00539,TIGR00580,TIGR00593,TIGR00615,TIGR00631,TIGR00634,TIGR00635,TIGR00643,TIGR00663,TIGR00717,TIGR00755,TIGR00922,TIGR00959,TIGR00963,TIGR00967,TIGR01009,TIGR01011,TIGR01017,TIGR01021,TIGR01029,TIGR01032,TIGR01039,TIGR01044,TIGR01059,TIGR01063,TIGR01066,TIGR01071,TIGR01079,TIGR01082,TIGR01087,TIGR01128,TIGR01146,TIGR01164,TIGR01169,TIGR01171,TIGR01302,TIGR01391,TIGR01393,TIGR01394,TIGR01510,TIGR01632,TIGR01951,TIGR01953,TIGR02012,TIGR02013,TIGR02027,TIGR02075,TIGR02191,TIGR02273,TIGR02350,TIGR02386,TIGR02397,TIGR02432,TIGR02729,TIGR03263,TIGR03594,TIGR03625,TIGR03632,TIGR03654,TIGR03723,TIGR03725,TIGR03953	TIGR00382,TIGR00928		TIGR00810,TIGR00964
GCF_036541865.1_genome	116	2	0	2	PF00380.20,PF00410.20,PF00466.21,PF01025.20,PF02576.18,PF03726.15,TIGR00006,TIGR00019,TIGR00020,TIGR00029,TIGR00043,TIGR00054,TIGR00059,TIGR00061,TIGR00064,TIGR00065,TIGR00082,TIGR00083,TIGR00084,TIGR00086,TIGR00088,TIGR00090,TIGR00092,TIGR00095,TIGR00115,TIGR00116,TIGR00138,TIGR00158,TIGR00166,TIGR00168,TIGR00186,TIGR00194,TIGR00250,TIGR00337,TIGR00344,TIGR00362,TIGR00392,TIGR00396,TIGR00398,TIGR00414,TIGR00416,TIGR00420,TIGR00431,TIGR00435,TIGR00436,TIGR00442,TIGR00445,TIGR00456,TIGR00459,TIGR00460,TIGR00468,TIGR00472,TIGR00487,TIGR00496,TIGR00539,TIGR00580,TIGR00593,TIGR00615,TIGR00631,TIGR00634,TIGR00635,TIGR00643,TIGR00663,TIGR00717,TIGR00755,TIGR00922,TIGR00959,TIGR00963,TIGR00967,TIGR01009,TIGR01011,TIGR01017,TIGR01021,TIGR01029,TIGR01032,TIGR01039,TIGR01044,TIGR01059,TIGR01063,TIGR01066,TIGR01071,TIGR01079,TIGR01082,TIGR01087,TIGR01128,TIGR01146,TIGR01164,TIGR01169,TIGR01171,TIGR01302,TIGR01391,TIGR01393,TIGR01394,TIGR01510,TIGR01632,TIGR01951,TIGR01953,TIGR02012,TIGR02013,TIGR02027,TIGR02075,TIGR02191,TIGR02273,TIGR02350,TIGR02386,TIGR02397,TIGR02432,TIGR02729,TIGR03263,TIGR03594,TIGR03625,TIGR03632,TIGR03654,TIGR03723,TIGR03725,TIGR03953	TIGR00382,TIGR00928		TIGR00810,TIGR00964
GCF_036541905.1_genome	115	3	0	2	PF00380.20,PF00410.20,PF00466.21,PF01025.20,PF02576.18,PF03726.15,TIGR00006,TIGR00019,TIGR00020,TIGR00029,TIGR00043,TIGR00054,TIGR00059,TIGR00061,TIGR00064,TIGR00065,TIGR00082,TIGR00083,TIGR00084,TIGR00086,TIGR00088,TIGR00090,TIGR00092,TIGR00095,TIGR00115,TIGR00116,TIGR00138,TIGR00158,TIGR00166,TIGR00168,TIGR00186,TIGR00194,TIGR00250,TIGR00337,TIGR00344,TIGR00362,TIGR00392,TIGR00396,TIGR00398,TIGR00414,TIGR00416,TIGR00420,TIGR00431,TIGR00435,TIGR00436,TIGR00442,TIGR00445,TIGR00456,TIGR00459,TIGR00460,TIGR00468,TIGR00472,TIGR00487,TIGR00496,TIGR00539,TIGR00580,TIGR00593,TIGR00615,TIGR00634,TIGR00635,TIGR00643,TIGR00663,TIGR00717,TIGR00755,TIGR00922,TIGR00959,TIGR00963,TIGR00967,TIGR01009,TIGR01011,TIGR01017,TIGR01021,TIGR01029,TIGR01032,TIGR01039,TIGR01044,TIGR01059,TIGR01063,TIGR01066,TIGR01071,TIGR01079,TIGR01082,TIGR01087,TIGR01128,TIGR01146,TIGR01164,TIGR01169,TIGR01171,TIGR01302,TIGR01391,TIGR01393,TIGR01394,TIGR01510,TIGR01632,TIGR01951,TIGR01953,TIGR02012,TIGR02013,TIGR02027,TIGR02075,TIGR02191,TIGR02273,TIGR02350,TIGR02386,TIGR02397,TIGR02432,TIGR02729,TIGR03263,TIGR03594,TIGR03625,TIGR03632,TIGR03654,TIGR03723,TIGR03725,TIGR03953	TIGR00382,TIGR00631,TIGR00928		TIGR00810,TIGR00964
GCF_036541925.1_genome	116	2	0	2	PF00380.20,PF00410.20,PF00466.21,PF01025.20,PF02576.18,PF03726.15,TIGR00006,TIGR00019,TIGR00020,TIGR00029,TIGR00043,TIGR00054,TIGR00059,TIGR00061,TIGR00064,TIGR00065,TIGR00082,TIGR00083,TIGR00084,TIGR00086,TIGR00088,TIGR00090,TIGR00092,TIGR00095,TIGR00115,TIGR00116,TIGR00138,TIGR00158,TIGR00166,TIGR00168,TIGR00186,TIGR00194,TIGR00250,TIGR00337,TIGR00344,TIGR00362,TIGR00392,TIGR00396,TIGR00398,TIGR00414,TIGR00416,TIGR00420,TIGR00431,TIGR00435,TIGR00436,TIGR00442,TIGR00445,TIGR00456,TIGR00459,TIGR00460,TIGR00468,TIGR00472,TIGR00487,TIGR00496,TIGR00539,TIGR00580,TIGR00593,TIGR00615,TIGR00631,TIGR00634,TIGR00635,TIGR00643,TIGR00663,TIGR00717,TIGR00755,TIGR00922,TIGR00959,TIGR00963,TIGR00967,TIGR01009,TIGR01011,TIGR01017,TIGR01021,TIGR01029,TIGR01032,TIGR01039,TIGR01044,TIGR01059,TIGR01063,TIGR01066,TIGR01071,TIGR01079,TIGR01082,TIGR01087,TIGR01128,TIGR01146,TIGR01164,TIGR01169,TIGR01171,TIGR01302,TIGR01391,TIGR01393,TIGR01394,TIGR01510,TIGR01632,TIGR01951,TIGR01953,TIGR02012,TIGR02013,TIGR02027,TIGR02075,TIGR02191,TIGR02273,TIGR02350,TIGR02386,TIGR02397,TIGR02432,TIGR02729,TIGR03263,TIGR03594,TIGR03625,TIGR03632,TIGR03654,TIGR03723,TIGR03725,TIGR03953	TIGR00382,TIGR00928		TIGR00810,TIGR00964
GCF_036541935.1_genome	116	2	0	2	PF00380.20,PF00410.20,PF00466.21,PF01025.20,PF02576.18,PF03726.15,TIGR00006,TIGR00019,TIGR00020,TIGR00029,TIGR00043,TIGR00054,TIGR00059,TIGR00061,TIGR00064,TIGR00065,TIGR00082,TIGR00083,TIGR00084,TIGR00086,TIGR00088,TIGR00090,TIGR00092,TIGR00095,TIGR00115,TIGR00116,TIGR00138,TIGR00158,TIGR00166,TIGR00168,TIGR00186,TIGR00194,TIGR00250,TIGR00337,TIGR00344,TIGR00362,TIGR00392,TIGR00396,TIGR00398,TIGR00414,TIGR00416,TIGR00420,TIGR00431,TIGR00435,TIGR00436,TIGR00442,TIGR00445,TIGR00456,TIGR00459,TIGR00460,TIGR00468,TIGR00472,TIGR00487,TIGR00496,TIGR00539,TIGR00580,TIGR00593,TIGR00615,TIGR00631,TIGR00634,TIGR00635,TIGR00643,TIGR00663,TIGR00717,TIGR00755,TIGR00922,TIGR00959,TIGR00963,TIGR00967,TIGR01009,TIGR01011,TIGR01017,TIGR01021,TIGR01029,TIGR01032,TIGR01039,TIGR01044,TIGR01059,TIGR01063,TIGR01066,TIGR01071,TIGR01079,TIGR01082,TIGR01087,TIGR01128,TIGR01146,TIGR01164,TIGR01169,TIGR01171,TIGR01302,TIGR01391,TIGR01393,TIGR01394,TIGR01510,TIGR01632,TIGR01951,TIGR01953,TIGR02012,TIGR02013,TIGR02027,TIGR02075,TIGR02191,TIGR02273,TIGR02350,TIGR02386,TIGR02397,TIGR02432,TIGR02729,TIGR03263,TIGR03594,TIGR03625,TIGR03632,TIGR03654,TIGR03723,TIGR03725,TIGR03953	TIGR00382,TIGR00928		TIGR00810,TIGR00964
GCF_036542025.1_genome	116	2	0	2	PF00380.20,PF00410.20,PF00466.21,PF01025.20,PF02576.18,PF03726.15,TIGR00006,TIGR00019,TIGR00020,TIGR00029,TIGR00043,TIGR00054,TIGR00059,TIGR00061,TIGR00064,TIGR00065,TIGR00082,TIGR00083,TIGR00084,TIGR00086,TIGR00088,TIGR00090,TIGR00092,TIGR00095,TIGR00115,TIGR00116,TIGR00138,TIGR00158,TIGR00166,TIGR00168,TIGR00186,TIGR00194,TIGR00250,TIGR00337,TIGR00344,TIGR00362,TIGR00392,TIGR00396,TIGR00398,TIGR00414,TIGR00416,TIGR00420,TIGR00431,TIGR00435,TIGR00436,TIGR00442,TIGR00445,TIGR00456,TIGR00459,TIGR00460,TIGR00468,TIGR00472,TIGR00487,TIGR00496,TIGR00539,TIGR00580,TIGR00593,TIGR00615,TIGR00631,TIGR00634,TIGR00635,TIGR00643,TIGR00663,TIGR00717,TIGR00755,TIGR00922,TIGR00959,TIGR00963,TIGR00967,TIGR01009,TIGR01011,TIGR01017,TIGR01021,TIGR01029,TIGR01032,TIGR01039,TIGR01044,TIGR01059,TIGR01063,TIGR01066,TIGR01071,TIGR01079,TIGR01082,TIGR01087,TIGR01128,TIGR01146,TIGR01164,TIGR01169,TIGR01171,TIGR01302,TIGR01391,TIGR01393,TIGR01394,TIGR01510,TIGR01632,TIGR01951,TIGR01953,TIGR02012,TIGR02013,TIGR02027,TIGR02075,TIGR02191,TIGR02273,TIGR02350,TIGR02386,TIGR02397,TIGR02432,TIGR02729,TIGR03263,TIGR03594,TIGR03625,TIGR03632,TIGR03654,TIGR03723,TIGR03725,TIGR03953	TIGR00382,TIGR00928		TIGR00810,TIGR00964
GCF_036981655.1_genome	116	2	0	2	PF00380.20,PF00410.20,PF00466.21,PF01025.20,PF02576.18,PF03726.15,TIGR00006,TIGR00019,TIGR00020,TIGR00029,TIGR00043,TIGR00054,TIGR00059,TIGR00061,TIGR00064,TIGR00065,TIGR00082,TIGR00083,TIGR00084,TIGR00086,TIGR00088,TIGR00090,TIGR00092,TIGR00095,TIGR00115,TIGR00116,TIGR00138,TIGR00158,TIGR00166,TIGR00168,TIGR00186,TIGR00194,TIGR00250,TIGR00337,TIGR00344,TIGR00362,TIGR00392,TIGR00396,TIGR00398,TIGR00414,TIGR00416,TIGR00420,TIGR00431,TIGR00435,TIGR00436,TIGR00442,TIGR00445,TIGR00456,TIGR00459,TIGR00460,TIGR00468,TIGR00472,TIGR00487,TIGR00496,TIGR00539,TIGR00580,TIGR00593,TIGR00615,TIGR00631,TIGR00634,TIGR00635,TIGR00643,TIGR00663,TIGR00717,TIGR00755,TIGR00922,TIGR00959,TIGR00963,TIGR00967,TIGR01009,TIGR01011,TIGR01017,TIGR01021,TIGR01029,TIGR01032,TIGR01039,TIGR01044,TIGR01059,TIGR01063,TIGR01066,TIGR01071,TIGR01079,TIGR01082,TIGR01087,TIGR01128,TIGR01146,TIGR01164,TIGR01169,TIGR01171,TIGR01302,TIGR01391,TIGR01393,TIGR01394,TIGR01510,TIGR01632,TIGR01951,TIGR01953,TIGR02012,TIGR02013,TIGR02027,TIGR02075,TIGR02191,TIGR02273,TIGR02350,TIGR02386,TIGR02397,TIGR02432,TIGR02729,TIGR03263,TIGR03594,TIGR03625,TIGR03632,TIGR03654,TIGR03723,TIGR03725,TIGR03953	TIGR00382,TIGR00928		TIGR00810,TIGR00964
GCF_036981665.1_genome	115	3	0	2	PF00380.20,PF00410.20,PF00466.21,PF01025.20,PF02576.18,PF03726.15,TIGR00006,TIGR00019,TIGR00020,TIGR00029,TIGR00043,TIGR00054,TIGR00059,TIGR00061,TIGR00064,TIGR00065,TIGR00082,TIGR00083,TIGR00084,TIGR00086,TIGR00088,TIGR00090,TIGR00092,TIGR00095,TIGR00115,TIGR00116,TIGR00138,TIGR00158,TIGR00166,TIGR00168,TIGR00186,TIGR00194,TIGR00250,TIGR00337,TIGR00344,TIGR00362,TIGR00392,TIGR00396,TIGR00398,TIGR00414,TIGR00416,TIGR00420,TIGR00431,TIGR00435,TIGR00436,TIGR00442,TIGR00445,TIGR00456,TIGR00459,TIGR00460,TIGR00468,TIGR00472,TIGR00487,TIGR00496,TIGR00539,TIGR00580,TIGR00593,TIGR00615,TIGR00634,TIGR00635,TIGR00643,TIGR00663,TIGR00717,TIGR00755,TIGR00922,TIGR00959,TIGR00963,TIGR00967,TIGR01009,TIGR01011,TIGR01017,TIGR01021,TIGR01029,TIGR01032,TIGR01039,TIGR01044,TIGR01059,TIGR01063,TIGR01066,TIGR01071,TIGR01079,TIGR01082,TIGR01087,TIGR01128,TIGR01146,TIGR01164,TIGR01169,TIGR01171,TIGR01302,TIGR01391,TIGR01393,TIGR01394,TIGR01510,TIGR01632,TIGR01951,TIGR01953,TIGR02012,TIGR02013,TIGR02027,TIGR02075,TIGR02191,TIGR02273,TIGR02350,TIGR02386,TIGR02397,TIGR02432,TIGR02729,TIGR03263,TIGR03594,TIGR03625,TIGR03632,TIGR03654,TIGR03723,TIGR03725,TIGR03953	TIGR00382,TIGR00631,TIGR00928		TIGR00810,TIGR00964
GCF_036981675.1_genome	116	2	0	2	PF00380.20,PF00410.20,PF00466.21,PF01025.20,PF02576.18,PF03726.15,TIGR00006,TIGR00019,TIGR00020,TIGR00029,TIGR00043,TIGR00054,TIGR00059,TIGR00061,TIGR00064,TIGR00065,TIGR00082,TIGR00083,TIGR00084,TIGR00086,TIGR00088,TIGR00090,TIGR00092,TIGR00095,TIGR00115,TIGR00116,TIGR00138,TIGR00158,TIGR00166,TIGR00168,TIGR00186,TIGR00194,TIGR00250,TIGR00337,TIGR00344,TIGR00362,TIGR00392,TIGR00396,TIGR00398,TIGR00414,TIGR00416,TIGR00420,TIGR00431,TIGR00435,TIGR00436,TIGR00442,TIGR00445,TIGR00456,TIGR00459,TIGR00460,TIGR00468,TIGR00472,TIGR00487,TIGR00496,TIGR00539,TIGR00580,TIGR00593,TIGR00615,TIGR00631,TIGR00634,TIGR00635,TIGR00643,TIGR00663,TIGR00717,TIGR00755,TIGR00922,TIGR00959,TIGR00963,TIGR00967,TIGR01009,TIGR01011,TIGR01017,TIGR01021,TIGR01029,TIGR01032,TIGR01039,TIGR01044,TIGR01059,TIGR01063,TIGR01066,TIGR01071,TIGR01079,TIGR01082,TIGR01087,TIGR01128,TIGR01146,TIGR01164,TIGR01169,TIGR01171,TIGR01302,TIGR01391,TIGR01393,TIGR01394,TIGR01510,TIGR01632,TIGR01951,TIGR01953,TIGR02012,TIGR02013,TIGR02027,TIGR02075,TIGR02191,TIGR02273,TIGR02350,TIGR02386,TIGR02397,TIGR02432,TIGR02729,TIGR03263,TIGR03594,TIGR03625,TIGR03632,TIGR03654,TIGR03723,TIGR03725,TIGR03953	TIGR00382,TIGR00928		TIGR00810,TIGR00964
GCF_036981685.1_genome	115	3	0	2	PF00380.20,PF00410.20,PF00466.21,PF01025.20,PF02576.18,PF03726.15,TIGR00006,TIGR00019,TIGR00020,TIGR00029,TIGR00043,TIGR00054,TIGR00059,TIGR00061,TIGR00064,TIGR00065,TIGR00082,TIGR00083,TIGR00084,TIGR00086,TIGR00088,TIGR00090,TIGR00092,TIGR00095,TIGR00115,TIGR00116,TIGR00138,TIGR00158,TIGR00166,TIGR00168,TIGR00186,TIGR00194,TIGR00250,TIGR00337,TIGR00344,TIGR00362,TIGR00392,TIGR00396,TIGR00398,TIGR00414,TIGR00416,TIGR00420,TIGR00431,TIGR00435,TIGR00436,TIGR00442,TIGR00445,TIGR00456,TIGR00459,TIGR00460,TIGR00468,TIGR00472,TIGR00487,TIGR00496,TIGR00539,TIGR00580,TIGR00593,TIGR00615,TIGR00634,TIGR00635,TIGR00643,TIGR00663,TIGR00717,TIGR00755,TIGR00922,TIGR00959,TIGR00963,TIGR00967,TIGR01009,TIGR01011,TIGR01017,TIGR01021,TIGR01029,TIGR01032,TIGR01039,TIGR01044,TIGR01059,TIGR01063,TIGR01066,TIGR01071,TIGR01079,TIGR01082,TIGR01087,TIGR01128,TIGR01146,TIGR01164,TIGR01169,TIGR01171,TIGR01302,TIGR01391,TIGR01393,TIGR01394,TIGR01510,TIGR01632,TIGR01951,TIGR01953,TIGR02012,TIGR02013,TIGR02027,TIGR02075,TIGR02191,TIGR02273,TIGR02350,TIGR02386,TIGR02397,TIGR02432,TIGR02729,TIGR03263,TIGR03594,TIGR03625,TIGR03632,TIGR03654,TIGR03723,TIGR03725,TIGR03953	TIGR00382,TIGR00631,TIGR00928		TIGR00810,TIGR00964
GCF_036981705.1_genome	117	2	0	1	PF00380.20,PF00410.20,PF00466.21,PF01025.20,PF02576.18,PF03726.15,TIGR00006,TIGR00019,TIGR00020,TIGR00029,TIGR00043,TIGR00054,TIGR00059,TIGR00061,TIGR00064,TIGR00065,TIGR00082,TIGR00083,TIGR00084,TIGR00086,TIGR00088,TIGR00090,TIGR00092,TIGR00095,TIGR00115,TIGR00116,TIGR00138,TIGR00158,TIGR00166,TIGR00168,TIGR00186,TIGR00194,TIGR00250,TIGR00337,TIGR00344,TIGR00362,TIGR00392,TIGR00396,TIGR00398,TIGR00414,TIGR00416,TIGR00420,TIGR00431,TIGR00435,TIGR00436,TIGR00442,TIGR00445,TIGR00456,TIGR00459,TIGR00460,TIGR00468,TIGR00472,TIGR00487,TIGR00496,TIGR00539,TIGR00580,TIGR00593,TIGR00615,TIGR00631,TIGR00634,TIGR00635,TIGR00643,TIGR00663,TIGR00717,TIGR00755,TIGR00922,TIGR00959,TIGR00963,TIGR00964,TIGR00967,TIGR01009,TIGR01011,TIGR01017,TIGR01021,TIGR01029,TIGR01032,TIGR01039,TIGR01044,TIGR01059,TIGR01063,TIGR01066,TIGR01071,TIGR01079,TIGR01082,TIGR01087,TIGR01128,TIGR01146,TIGR01164,TIGR01169,TIGR01171,TIGR01302,TIGR01391,TIGR01393,TIGR01394,TIGR01510,TIGR01632,TIGR01951,TIGR01953,TIGR02012,TIGR02013,TIGR02027,TIGR02075,TIGR02191,TIGR02273,TIGR02350,TIGR02386,TIGR02397,TIGR02432,TIGR02729,TIGR03263,TIGR03594,TIGR03625,TIGR03632,TIGR03654,TIGR03723,TIGR03725,TIGR03953	TIGR00382,TIGR00928		TIGR00810
GCF_036981855.1_genome	116	2	0	2	PF00380.20,PF00410.20,PF00466.21,PF01025.20,PF02576.18,PF03726.15,TIGR00006,TIGR00019,TIGR00020,TIGR00029,TIGR00043,TIGR00054,TIGR00059,TIGR00061,TIGR00064,TIGR00065,TIGR00082,TIGR00083,TIGR00084,TIGR00086,TIGR00088,TIGR00090,TIGR00092,TIGR00095,TIGR00115,TIGR00116,TIGR00138,TIGR00158,TIGR00166,TIGR00168,TIGR00186,TIGR00194,TIGR00250,TIGR00337,TIGR00344,TIGR00362,TIGR00392,TIGR00396,TIGR00398,TIGR00414,TIGR00416,TIGR00420,TIGR00431,TIGR00435,TIGR00436,TIGR00442,TIGR00445,TIGR00456,TIGR00459,TIGR00460,TIGR00468,TIGR00472,TIGR00487,TIGR00496,TIGR00539,TIGR00580,TIGR00593,TIGR00615,TIGR00631,TIGR00634,TIGR00635,TIGR00643,TIGR00663,TIGR00717,TIGR00755,TIGR00922,TIGR00959,TIGR00963,TIGR00967,TIGR01009,TIGR01011,TIGR01017,TIGR01021,TIGR01029,TIGR01032,TIGR01039,TIGR01044,TIGR01059,TIGR01063,TIGR01066,TIGR01071,TIGR01079,TIGR01082,TIGR01087,TIGR01128,TIGR01146,TIGR01164,TIGR01169,TIGR01171,TIGR01302,TIGR01391,TIGR01393,TIGR01394,TIGR01510,TIGR01632,TIGR01951,TIGR01953,TIGR02012,TIGR02013,TIGR02027,TIGR02075,TIGR02191,TIGR02273,TIGR02350,TIGR02386,TIGR02397,TIGR02432,TIGR02729,TIGR03263,TIGR03594,TIGR03625,TIGR03632,TIGR03654,TIGR03723,TIGR03725,TIGR03953	TIGR00382,TIGR00928		TIGR00810,TIGR00964
GCF_036981875.1_genome	116	2	0	2	PF00380.20,PF00410.20,PF00466.21,PF01025.20,PF02576.18,PF03726.15,TIGR00006,TIGR00019,TIGR00020,TIGR00029,TIGR00043,TIGR00054,TIGR00059,TIGR00061,TIGR00064,TIGR00065,TIGR00082,TIGR00083,TIGR00084,TIGR00086,TIGR00088,TIGR00090,TIGR00092,TIGR00095,TIGR00115,TIGR00116,TIGR00138,TIGR00158,TIGR00166,TIGR00168,TIGR00186,TIGR00194,TIGR00250,TIGR00337,TIGR00344,TIGR00362,TIGR00392,TIGR00396,TIGR00398,TIGR00414,TIGR00416,TIGR00420,TIGR00431,TIGR00435,TIGR00436,TIGR00442,TIGR00445,TIGR00456,TIGR00459,TIGR00460,TIGR00468,TIGR00472,TIGR00487,TIGR00496,TIGR00539,TIGR00580,TIGR00593,TIGR00615,TIGR00631,TIGR00634,TIGR00635,TIGR00643,TIGR00663,TIGR00717,TIGR00755,TIGR00922,TIGR00959,TIGR00963,TIGR00967,TIGR01009,TIGR01011,TIGR01017,TIGR01021,TIGR01029,TIGR01032,TIGR01039,TIGR01044,TIGR01059,TIGR01063,TIGR01066,TIGR01071,TIGR01079,TIGR01082,TIGR01087,TIGR01128,TIGR01146,TIGR01164,TIGR01169,TIGR01171,TIGR01302,TIGR01391,TIGR01393,TIGR01394,TIGR01510,TIGR01632,TIGR01951,TIGR01953,TIGR02012,TIGR02013,TIGR02027,TIGR02075,TIGR02191,TIGR02273,TIGR02350,TIGR02386,TIGR02397,TIGR02432,TIGR02729,TIGR03263,TIGR03594,TIGR03625,TIGR03632,TIGR03654,TIGR03723,TIGR03725,TIGR03953	TIGR00382,TIGR00928		TIGR00810,TIGR00964
GCF_036981895.1_genome	117	1	0	2	PF00380.20,PF00410.20,PF00466.21,PF01025.20,PF02576.18,PF03726.15,TIGR00006,TIGR00019,TIGR00020,TIGR00029,TIGR00043,TIGR00054,TIGR00059,TIGR00061,TIGR00064,TIGR00065,TIGR00082,TIGR00083,TIGR00084,TIGR00086,TIGR00088,TIGR00090,TIGR00092,TIGR00095,TIGR00115,TIGR00116,TIGR00138,TIGR00158,TIGR00166,TIGR00168,TIGR00186,TIGR00194,TIGR00250,TIGR00337,TIGR00344,TIGR00362,TIGR00392,TIGR00396,TIGR00398,TIGR00414,TIGR00416,TIGR00420,TIGR00431,TIGR00435,TIGR00436,TIGR00442,TIGR00445,TIGR00456,TIGR00459,TIGR00460,TIGR00468,TIGR00472,TIGR00487,TIGR00496,TIGR00539,TIGR00580,TIGR00593,TIGR00615,TIGR00631,TIGR00634,TIGR00635,TIGR00643,TIGR00663,TIGR00717,TIGR00755,TIGR00922,TIGR00928,TIGR00959,TIGR00963,TIGR00967,TIGR01009,TIGR01011,TIGR01017,TIGR01021,TIGR01029,TIGR01032,TIGR01039,TIGR01044,TIGR01059,TIGR01063,TIGR01066,TIGR01071,TIGR01079,TIGR01082,TIGR01087,TIGR01128,TIGR01146,TIGR01164,TIGR01169,TIGR01171,TIGR01302,TIGR01391,TIGR01393,TIGR01394,TIGR01510,TIGR01632,TIGR01951,TIGR01953,TIGR02012,TIGR02013,TIGR02027,TIGR02075,TIGR02191,TIGR02273,TIGR02350,TIGR02386,TIGR02397,TIGR02432,TIGR02729,TIGR03263,TIGR03594,TIGR03625,TIGR03632,TIGR03654,TIGR03723,TIGR03725,TIGR03953	TIGR00382		TIGR00810,TIGR00964
GCF_038181465.1_genome	116	2	0	2	PF00380.20,PF00410.20,PF00466.21,PF01025.20,PF02576.18,PF03726.15,TIGR00006,TIGR00019,TIGR00020,TIGR00029,TIGR00043,TIGR00054,TIGR00059,TIGR00061,TIGR00064,TIGR00065,TIGR00082,TIGR00083,TIGR00084,TIGR00086,TIGR00088,TIGR00090,TIGR00092,TIGR00095,TIGR00115,TIGR00116,TIGR00138,TIGR00158,TIGR00166,TIGR00168,TIGR00186,TIGR00194,TIGR00250,TIGR00337,TIGR00344,TIGR00362,TIGR00392,TIGR00396,TIGR00398,TIGR00414,TIGR00416,TIGR00420,TIGR00431,TIGR00435,TIGR00436,TIGR00442,TIGR00445,TIGR00456,TIGR00459,TIGR00460,TIGR00468,TIGR00472,TIGR00487,TIGR00496,TIGR00539,TIGR00580,TIGR00593,TIGR00615,TIGR00631,TIGR00634,TIGR00635,TIGR00643,TIGR00663,TIGR00717,TIGR00755,TIGR00922,TIGR00959,TIGR00963,TIGR00967,TIGR01009,TIGR01011,TIGR01017,TIGR01021,TIGR01029,TIGR01032,TIGR01039,TIGR01044,TIGR01059,TIGR01063,TIGR01066,TIGR01071,TIGR01079,TIGR01082,TIGR01087,TIGR01128,TIGR01146,TIGR01164,TIGR01169,TIGR01171,TIGR01302,TIGR01391,TIGR01393,TIGR01394,TIGR01510,TIGR01632,TIGR01951,TIGR01953,TIGR02012,TIGR02013,TIGR02027,TIGR02075,TIGR02191,TIGR02273,TIGR02350,TIGR02386,TIGR02397,TIGR02432,TIGR02729,TIGR03263,TIGR03594,TIGR03625,TIGR03632,TIGR03654,TIGR03723,TIGR03725,TIGR03953	TIGR00382,TIGR00928		TIGR00810,TIGR00964
GCF_038396855.1_genome	114	2	0	4	PF00380.20,PF00410.20,PF00466.21,PF01025.20,PF02576.18,PF03726.15,TIGR00006,TIGR00020,TIGR00029,TIGR00043,TIGR00054,TIGR00059,TIGR00061,TIGR00064,TIGR00065,TIGR00082,TIGR00083,TIGR00084,TIGR00086,TIGR00088,TIGR00090,TIGR00095,TIGR00115,TIGR00116,TIGR00138,TIGR00158,TIGR00166,TIGR00168,TIGR00186,TIGR00194,TIGR00250,TIGR00337,TIGR00344,TIGR00362,TIGR00392,TIGR00396,TIGR00398,TIGR00414,TIGR00416,TIGR00420,TIGR00431,TIGR00435,TIGR00436,TIGR00442,TIGR00445,TIGR00456,TIGR00459,TIGR00460,TIGR00468,TIGR00472,TIGR00487,TIGR00496,TIGR00539,TIGR00580,TIGR00593,TIGR00615,TIGR00631,TIGR00634,TIGR00635,TIGR00643,TIGR00663,TIGR00717,TIGR00755,TIGR00922,TIGR00959,TIGR00963,TIGR00967,TIGR01009,TIGR01011,TIGR01017,TIGR01021,TIGR01029,TIGR01032,TIGR01039,TIGR01044,TIGR01059,TIGR01063,TIGR01066,TIGR01071,TIGR01079,TIGR01082,TIGR01087,TIGR01128,TIGR01146,TIGR01164,TIGR01169,TIGR01171,TIGR01302,TIGR01391,TIGR01393,TIGR01394,TIGR01510,TIGR01632,TIGR01951,TIGR01953,TIGR02012,TIGR02013,TIGR02027,TIGR02075,TIGR02191,TIGR02273,TIGR02350,TIGR02386,TIGR02397,TIGR02432,TIGR02729,TIGR03263,TIGR03594,TIGR03625,TIGR03632,TIGR03654,TIGR03723,TIGR03725,TIGR03953	TIGR00382,TIGR00928		TIGR00019,TIGR00092,TIGR00810,TIGR00964
GCF_039555165.1_genome	116	2	0	2	PF00380.20,PF00410.20,PF00466.21,PF01025.20,PF02576.18,PF03726.15,TIGR00006,TIGR00019,TIGR00020,TIGR00029,TIGR00043,TIGR00054,TIGR00059,TIGR00061,TIGR00064,TIGR00065,TIGR00082,TIGR00083,TIGR00084,TIGR00086,TIGR00088,TIGR00090,TIGR00092,TIGR00095,TIGR00115,TIGR00116,TIGR00138,TIGR00158,TIGR00166,TIGR00168,TIGR00186,TIGR00194,TIGR00250,TIGR00337,TIGR00344,TIGR00362,TIGR00392,TIGR00396,TIGR00398,TIGR00414,TIGR00416,TIGR00420,TIGR00431,TIGR00435,TIGR00436,TIGR00442,TIGR00445,TIGR00456,TIGR00459,TIGR00460,TIGR00468,TIGR00472,TIGR00487,TIGR00496,TIGR00539,TIGR00580,TIGR00593,TIGR00615,TIGR00631,TIGR00634,TIGR00635,TIGR00643,TIGR00663,TIGR00717,TIGR00755,TIGR00922,TIGR00959,TIGR00963,TIGR00967,TIGR01009,TIGR01011,TIGR01017,TIGR01021,TIGR01029,TIGR01032,TIGR01039,TIGR01044,TIGR01059,TIGR01063,TIGR01066,TIGR01071,TIGR01079,TIGR01082,TIGR01087,TIGR01128,TIGR01146,TIGR01164,TIGR01169,TIGR01171,TIGR01302,TIGR01391,TIGR01393,TIGR01394,TIGR01510,TIGR01632,TIGR01951,TIGR01953,TIGR02012,TIGR02013,TIGR02027,TIGR02075,TIGR02191,TIGR02273,TIGR02350,TIGR02386,TIGR02397,TIGR02432,TIGR02729,TIGR03263,TIGR03594,TIGR03625,TIGR03632,TIGR03654,TIGR03723,TIGR03725,TIGR03953	TIGR00382,TIGR00928		TIGR00810,TIGR00964
GCF_039677685.1_genome	116	2	0	2	PF00380.20,PF00410.20,PF00466.21,PF01025.20,PF02576.18,PF03726.15,TIGR00006,TIGR00019,TIGR00020,TIGR00029,TIGR00043,TIGR00054,TIGR00059,TIGR00061,TIGR00064,TIGR00065,TIGR00082,TIGR00083,TIGR00084,TIGR00086,TIGR00088,TIGR00090,TIGR00092,TIGR00095,TIGR00115,TIGR00116,TIGR00138,TIGR00158,TIGR00166,TIGR00168,TIGR00186,TIGR00194,TIGR00250,TIGR00337,TIGR00344,TIGR00362,TIGR00392,TIGR00396,TIGR00398,TIGR00414,TIGR00416,TIGR00420,TIGR00431,TIGR00435,TIGR00436,TIGR00442,TIGR00445,TIGR00456,TIGR00459,TIGR00460,TIGR00468,TIGR00472,TIGR00487,TIGR00496,TIGR00539,TIGR00580,TIGR00593,TIGR00615,TIGR00631,TIGR00634,TIGR00635,TIGR00643,TIGR00663,TIGR00717,TIGR00755,TIGR00922,TIGR00959,TIGR00963,TIGR00967,TIGR01009,TIGR01011,TIGR01017,TIGR01021,TIGR01029,TIGR01032,TIGR01039,TIGR01044,TIGR01059,TIGR01063,TIGR01066,TIGR01071,TIGR01079,TIGR01082,TIGR01087,TIGR01128,TIGR01146,TIGR01164,TIGR01169,TIGR01171,TIGR01302,TIGR01391,TIGR01393,TIGR01394,TIGR01510,TIGR01632,TIGR01951,TIGR01953,TIGR02012,TIGR02013,TIGR02027,TIGR02075,TIGR02191,TIGR02273,TIGR02350,TIGR02386,TIGR02397,TIGR02432,TIGR02729,TIGR03263,TIGR03594,TIGR03625,TIGR03632,TIGR03654,TIGR03723,TIGR03725,TIGR03953	TIGR00382,TIGR00928		TIGR00810,TIGR00964
GCF_039679065.1_genome	109	2	0	9	PF00380.20,PF00410.20,PF01025.20,PF02576.18,PF03726.15,TIGR00006,TIGR00019,TIGR00020,TIGR00029,TIGR00043,TIGR00054,TIGR00059,TIGR00061,TIGR00064,TIGR00065,TIGR00082,TIGR00083,TIGR00084,TIGR00086,TIGR00088,TIGR00090,TIGR00092,TIGR00095,TIGR00115,TIGR00116,TIGR00138,TIGR00158,TIGR00166,TIGR00168,TIGR00186,TIGR00194,TIGR00250,TIGR00337,TIGR00344,TIGR00362,TIGR00392,TIGR00396,TIGR00398,TIGR00414,TIGR00416,TIGR00420,TIGR00431,TIGR00435,TIGR00436,TIGR00442,TIGR00445,TIGR00456,TIGR00459,TIGR00460,TIGR00468,TIGR00472,TIGR00487,TIGR00496,TIGR00539,TIGR00580,TIGR00593,TIGR00615,TIGR00631,TIGR00634,TIGR00635,TIGR00643,TIGR00663,TIGR00717,TIGR00755,TIGR00959,TIGR00963,TIGR00967,TIGR01009,TIGR01011,TIGR01017,TIGR01021,TIGR01032,TIGR01039,TIGR01044,TIGR01059,TIGR01063,TIGR01066,TIGR01071,TIGR01079,TIGR01082,TIGR01087,TIGR01128,TIGR01146,TIGR01164,TIGR01171,TIGR01302,TIGR01391,TIGR01393,TIGR01394,TIGR01510,TIGR01951,TIGR01953,TIGR02012,TIGR02027,TIGR02075,TIGR02191,TIGR02273,TIGR02350,TIGR02397,TIGR02432,TIGR02729,TIGR03263,TIGR03594,TIGR03625,TIGR03632,TIGR03654,TIGR03723,TIGR03725,TIGR03953	TIGR00382,TIGR00928		PF00466.21,TIGR00810,TIGR00922,TIGR00964,TIGR01029,TIGR01169,TIGR01632,TIGR02013,TIGR02386
GCF_041154335.1_genome	116	2	0	2	PF00380.20,PF00410.20,PF00466.21,PF01025.20,PF02576.18,PF03726.15,TIGR00006,TIGR00019,TIGR00020,TIGR00029,TIGR00043,TIGR00054,TIGR00059,TIGR00061,TIGR00064,TIGR00065,TIGR00082,TIGR00083,TIGR00084,TIGR00086,TIGR00088,TIGR00090,TIGR00092,TIGR00095,TIGR00115,TIGR00116,TIGR00138,TIGR00158,TIGR00166,TIGR00168,TIGR00186,TIGR00194,TIGR00250,TIGR00337,TIGR00344,TIGR00362,TIGR00392,TIGR00396,TIGR00398,TIGR00414,TIGR00416,TIGR00420,TIGR00431,TIGR00435,TIGR00436,TIGR00442,TIGR00445,TIGR00456,TIGR00459,TIGR00460,TIGR00468,TIGR00472,TIGR00487,TIGR00496,TIGR00539,TIGR00580,TIGR00593,TIGR00615,TIGR00631,TIGR00634,TIGR00635,TIGR00643,TIGR00663,TIGR00717,TIGR00755,TIGR00922,TIGR00959,TIGR00963,TIGR00967,TIGR01009,TIGR01011,TIGR01017,TIGR01021,TIGR01029,TIGR01032,TIGR01039,TIGR01044,TIGR01059,TIGR01063,TIGR01066,TIGR01071,TIGR01079,TIGR01082,TIGR01087,TIGR01128,TIGR01146,TIGR01164,TIGR01169,TIGR01171,TIGR01302,TIGR01391,TIGR01393,TIGR01394,TIGR01510,TIGR01632,TIGR01951,TIGR01953,TIGR02012,TIGR02013,TIGR02027,TIGR02075,TIGR02191,TIGR02273,TIGR02350,TIGR02386,TIGR02397,TIGR02432,TIGR02729,TIGR03263,TIGR03594,TIGR03625,TIGR03632,TIGR03654,TIGR03723,TIGR03725,TIGR03953	TIGR00382,TIGR00928		TIGR00810,TIGR00964
GCF_041501535.1_genome	116	2	0	2	PF00380.20,PF00410.20,PF00466.21,PF01025.20,PF02576.18,PF03726.15,TIGR00006,TIGR00019,TIGR00020,TIGR00029,TIGR00043,TIGR00054,TIGR00059,TIGR00061,TIGR00064,TIGR00065,TIGR00082,TIGR00083,TIGR00084,TIGR00086,TIGR00088,TIGR00090,TIGR00092,TIGR00095,TIGR00115,TIGR00116,TIGR00138,TIGR00158,TIGR00166,TIGR00168,TIGR00186,TIGR00194,TIGR00250,TIGR00337,TIGR00344,TIGR00362,TIGR00392,TIGR00396,TIGR00398,TIGR00414,TIGR00416,TIGR00420,TIGR00431,TIGR00435,TIGR00436,TIGR00442,TIGR00445,TIGR00456,TIGR00459,TIGR00460,TIGR00468,TIGR00472,TIGR00487,TIGR00496,TIGR00539,TIGR00580,TIGR00593,TIGR00615,TIGR00631,TIGR00634,TIGR00635,TIGR00643,TIGR00663,TIGR00717,TIGR00755,TIGR00922,TIGR00959,TIGR00963,TIGR00967,TIGR01009,TIGR01011,TIGR01017,TIGR01021,TIGR01029,TIGR01032,TIGR01039,TIGR01044,TIGR01059,TIGR01063,TIGR01066,TIGR01071,TIGR01079,TIGR01082,TIGR01087,TIGR01128,TIGR01146,TIGR01164,TIGR01169,TIGR01171,TIGR01302,TIGR01391,TIGR01393,TIGR01394,TIGR01510,TIGR01632,TIGR01951,TIGR01953,TIGR02012,TIGR02013,TIGR02027,TIGR02075,TIGR02191,TIGR02273,TIGR02350,TIGR02386,TIGR02397,TIGR02432,TIGR02729,TIGR03263,TIGR03594,TIGR03625,TIGR03632,TIGR03654,TIGR03723,TIGR03725,TIGR03953	TIGR00382,TIGR00928		TIGR00810,TIGR00964
GCF_044452485.1_genome	116	2	0	2	PF00380.20,PF00410.20,PF00466.21,PF01025.20,PF02576.18,PF03726.15,TIGR00006,TIGR00019,TIGR00020,TIGR00029,TIGR00043,TIGR00054,TIGR00059,TIGR00061,TIGR00064,TIGR00065,TIGR00082,TIGR00083,TIGR00084,TIGR00086,TIGR00088,TIGR00090,TIGR00092,TIGR00095,TIGR00115,TIGR00116,TIGR00138,TIGR00158,TIGR00166,TIGR00168,TIGR00186,TIGR00194,TIGR00250,TIGR00337,TIGR00344,TIGR00362,TIGR00392,TIGR00396,TIGR00398,TIGR00414,TIGR00416,TIGR00420,TIGR00431,TIGR00435,TIGR00436,TIGR00442,TIGR00445,TIGR00456,TIGR00459,TIGR00460,TIGR00468,TIGR00472,TIGR00487,TIGR00496,TIGR00539,TIGR00580,TIGR00593,TIGR00615,TIGR00631,TIGR00634,TIGR00635,TIGR00643,TIGR00663,TIGR00717,TIGR00755,TIGR00922,TIGR00959,TIGR00963,TIGR00967,TIGR01009,TIGR01011,TIGR01017,TIGR01021,TIGR01029,TIGR01032,TIGR01039,TIGR01044,TIGR01059,TIGR01063,TIGR01066,TIGR01071,TIGR01079,TIGR01082,TIGR01087,TIGR01128,TIGR01146,TIGR01164,TIGR01169,TIGR01171,TIGR01302,TIGR01391,TIGR01393,TIGR01394,TIGR01510,TIGR01632,TIGR01951,TIGR01953,TIGR02012,TIGR02013,TIGR02027,TIGR02075,TIGR02191,TIGR02273,TIGR02350,TIGR02386,TIGR02397,TIGR02432,TIGR02729,TIGR03263,TIGR03594,TIGR03625,TIGR03632,TIGR03654,TIGR03723,TIGR03725,TIGR03953	TIGR00382,TIGR00928		TIGR00810,TIGR00964
GCF_044538455.1_genome	116	2	0	2	PF00380.20,PF00410.20,PF00466.21,PF01025.20,PF02576.18,PF03726.15,TIGR00006,TIGR00019,TIGR00020,TIGR00029,TIGR00043,TIGR00054,TIGR00059,TIGR00061,TIGR00064,TIGR00065,TIGR00082,TIGR00083,TIGR00084,TIGR00086,TIGR00088,TIGR00090,TIGR00092,TIGR00095,TIGR00115,TIGR00116,TIGR00138,TIGR00158,TIGR00166,TIGR00168,TIGR00186,TIGR00194,TIGR00250,TIGR00337,TIGR00344,TIGR00362,TIGR00392,TIGR00396,TIGR00398,TIGR00414,TIGR00416,TIGR00420,TIGR00431,TIGR00435,TIGR00436,TIGR00442,TIGR00445,TIGR00456,TIGR00459,TIGR00460,TIGR00468,TIGR00472,TIGR00487,TIGR00496,TIGR00539,TIGR00580,TIGR00593,TIGR00615,TIGR00631,TIGR00634,TIGR00635,TIGR00643,TIGR00663,TIGR00717,TIGR00755,TIGR00922,TIGR00959,TIGR00963,TIGR00967,TIGR01009,TIGR01011,TIGR01017,TIGR01021,TIGR01029,TIGR01032,TIGR01039,TIGR01044,TIGR01059,TIGR01063,TIGR01066,TIGR01071,TIGR01079,TIGR01082,TIGR01087,TIGR01128,TIGR01146,TIGR01164,TIGR01169,TIGR01171,TIGR01302,TIGR01391,TIGR01393,TIGR01394,TIGR01510,TIGR01632,TIGR01951,TIGR01953,TIGR02012,TIGR02013,TIGR02027,TIGR02075,TIGR02191,TIGR02273,TIGR02350,TIGR02386,TIGR02397,TIGR02432,TIGR02729,TIGR03263,TIGR03594,TIGR03625,TIGR03632,TIGR03654,TIGR03723,TIGR03725,TIGR03953	TIGR00382,TIGR00928		TIGR00810,TIGR00964
GCF_046580065.1_genome	115	3	0	2	PF00380.20,PF00410.20,PF00466.21,PF01025.20,PF02576.18,PF03726.15,TIGR00006,TIGR00019,TIGR00020,TIGR00029,TIGR00043,TIGR00054,TIGR00059,TIGR00061,TIGR00064,TIGR00065,TIGR00082,TIGR00083,TIGR00084,TIGR00086,TIGR00088,TIGR00090,TIGR00092,TIGR00095,TIGR00115,TIGR00116,TIGR00138,TIGR00158,TIGR00166,TIGR00168,TIGR00186,TIGR00194,TIGR00250,TIGR00337,TIGR00344,TIGR00362,TIGR00392,TIGR00396,TIGR00398,TIGR00414,TIGR00416,TIGR00420,TIGR00431,TIGR00435,TIGR00436,TIGR00442,TIGR00445,TIGR00456,TIGR00459,TIGR00460,TIGR00468,TIGR00472,TIGR00487,TIGR00496,TIGR00539,TIGR00580,TIGR00593,TIGR00615,TIGR00634,TIGR00635,TIGR00643,TIGR00663,TIGR00717,TIGR00755,TIGR00922,TIGR00959,TIGR00963,TIGR00967,TIGR01009,TIGR01011,TIGR01017,TIGR01021,TIGR01029,TIGR01032,TIGR01039,TIGR01044,TIGR01059,TIGR01063,TIGR01066,TIGR01071,TIGR01079,TIGR01082,TIGR01087,TIGR01128,TIGR01146,TIGR01164,TIGR01169,TIGR01171,TIGR01302,TIGR01391,TIGR01393,TIGR01394,TIGR01510,TIGR01632,TIGR01951,TIGR01953,TIGR02012,TIGR02013,TIGR02027,TIGR02075,TIGR02191,TIGR02273,TIGR02350,TIGR02386,TIGR02397,TIGR02432,TIGR02729,TIGR03263,TIGR03594,TIGR03625,TIGR03632,TIGR03654,TIGR03723,TIGR03725,TIGR03953	TIGR00382,TIGR00631,TIGR00928		TIGR00810,TIGR00964
GCF_046580085.1_genome	115	3	0	2	PF00380.20,PF00410.20,PF00466.21,PF01025.20,PF02576.18,PF03726.15,TIGR00006,TIGR00019,TIGR00020,TIGR00029,TIGR00043,TIGR00054,TIGR00059,TIGR00061,TIGR00064,TIGR00065,TIGR00082,TIGR00083,TIGR00084,TIGR00086,TIGR00088,TIGR00090,TIGR00092,TIGR00095,TIGR00115,TIGR00116,TIGR00138,TIGR00158,TIGR00166,TIGR00168,TIGR00186,TIGR00194,TIGR00250,TIGR00337,TIGR00344,TIGR00362,TIGR00392,TIGR00396,TIGR00398,TIGR00414,TIGR00416,TIGR00420,TIGR00431,TIGR00435,TIGR00436,TIGR00442,TIGR00445,TIGR00456,TIGR00459,TIGR00460,TIGR00468,TIGR00472,TIGR00487,TIGR00496,TIGR00539,TIGR00580,TIGR00593,TIGR00615,TIGR00634,TIGR00635,TIGR00643,TIGR00663,TIGR00717,TIGR00755,TIGR00922,TIGR00959,TIGR00963,TIGR00967,TIGR01009,TIGR01011,TIGR01017,TIGR01021,TIGR01029,TIGR01032,TIGR01039,TIGR01044,TIGR01059,TIGR01063,TIGR01066,TIGR01071,TIGR01079,TIGR01082,TIGR01087,TIGR01128,TIGR01146,TIGR01164,TIGR01169,TIGR01171,TIGR01302,TIGR01391,TIGR01393,TIGR01394,TIGR01510,TIGR01632,TIGR01951,TIGR01953,TIGR02012,TIGR02013,TIGR02027,TIGR02075,TIGR02191,TIGR02273,TIGR02350,TIGR02386,TIGR02397,TIGR02432,TIGR02729,TIGR03263,TIGR03594,TIGR03625,TIGR03632,TIGR03654,TIGR03723,TIGR03725,TIGR03953	TIGR00382,TIGR00631,TIGR00928		TIGR00810,TIGR00964
GCF_046580095.1_genome	115	3	0	2	PF00380.20,PF00410.20,PF00466.21,PF01025.20,PF02576.18,PF03726.15,TIGR00006,TIGR00019,TIGR00020,TIGR00029,TIGR00043,TIGR00054,TIGR00059,TIGR00061,TIGR00064,TIGR00065,TIGR00082,TIGR00083,TIGR00084,TIGR00086,TIGR00088,TIGR00090,TIGR00092,TIGR00095,TIGR00115,TIGR00116,TIGR00138,TIGR00158,TIGR00166,TIGR00168,TIGR00186,TIGR00194,TIGR00250,TIGR00337,TIGR00344,TIGR00362,TIGR00392,TIGR00396,TIGR00398,TIGR00414,TIGR00416,TIGR00420,TIGR00431,TIGR00435,TIGR00436,TIGR00442,TIGR00445,TIGR00456,TIGR00459,TIGR00460,TIGR00468,TIGR00472,TIGR00487,TIGR00496,TIGR00539,TIGR00580,TIGR00593,TIGR00615,TIGR00634,TIGR00635,TIGR00643,TIGR00663,TIGR00717,TIGR00755,TIGR00922,TIGR00959,TIGR00963,TIGR00967,TIGR01009,TIGR01011,TIGR01017,TIGR01021,TIGR01029,TIGR01032,TIGR01039,TIGR01044,TIGR01059,TIGR01063,TIGR01066,TIGR01071,TIGR01079,TIGR01082,TIGR01087,TIGR01128,TIGR01146,TIGR01164,TIGR01169,TIGR01171,TIGR01302,TIGR01391,TIGR01393,TIGR01394,TIGR01510,TIGR01632,TIGR01951,TIGR01953,TIGR02012,TIGR02013,TIGR02027,TIGR02075,TIGR02191,TIGR02273,TIGR02350,TIGR02386,TIGR02397,TIGR02432,TIGR02729,TIGR03263,TIGR03594,TIGR03625,TIGR03632,TIGR03654,TIGR03723,TIGR03725,TIGR03953	TIGR00382,TIGR00631,TIGR00928		TIGR00810,TIGR00964
GCF_046580905.1_genome	111	5	2	2	PF00380.20,PF00410.20,PF00466.21,PF01025.20,PF02576.18,PF03726.15,TIGR00006,TIGR00019,TIGR00020,TIGR00029,TIGR00054,TIGR00059,TIGR00061,TIGR00064,TIGR00065,TIGR00082,TIGR00083,TIGR00084,TIGR00086,TIGR00088,TIGR00092,TIGR00095,TIGR00115,TIGR00116,TIGR00138,TIGR00158,TIGR00166,TIGR00168,TIGR00186,TIGR00194,TIGR00250,TIGR00337,TIGR00344,TIGR00362,TIGR00392,TIGR00398,TIGR00414,TIGR00416,TIGR00420,TIGR00431,TIGR00435,TIGR00436,TIGR00442,TIGR00445,TIGR00456,TIGR00459,TIGR00460,TIGR00468,TIGR00472,TIGR00487,TIGR00496,TIGR00539,TIGR00580,TIGR00593,TIGR00615,TIGR00634,TIGR00635,TIGR00643,TIGR00663,TIGR00717,TIGR00755,TIGR00922,TIGR00959,TIGR00963,TIGR00967,TIGR01009,TIGR01011,TIGR01017,TIGR01021,TIGR01029,TIGR01032,TIGR01039,TIGR01044,TIGR01059,TIGR01063,TIGR01066,TIGR01071,TIGR01079,TIGR01082,TIGR01087,TIGR01146,TIGR01164,TIGR01169,TIGR01171,TIGR01302,TIGR01391,TIGR01393,TIGR01394,TIGR01510,TIGR01632,TIGR01951,TIGR01953,TIGR02012,TIGR02013,TIGR02027,TIGR02075,TIGR02191,TIGR02273,TIGR02350,TIGR02386,TIGR02397,TIGR02432,TIGR02729,TIGR03263,TIGR03594,TIGR03625,TIGR03632,TIGR03654,TIGR03723,TIGR03725,TIGR03953	TIGR00043,TIGR00382,TIGR00396,TIGR00631,TIGR00928	TIGR00090,TIGR01128	TIGR00810,TIGR00964
GCF_049786955.1_genome	116	2	0	2	PF00380.20,PF00410.20,PF00466.21,PF01025.20,PF02576.18,PF03726.15,TIGR00006,TIGR00019,TIGR00020,TIGR00029,TIGR00043,TIGR00054,TIGR00059,TIGR00061,TIGR00064,TIGR00065,TIGR00082,TIGR00083,TIGR00084,TIGR00086,TIGR00088,TIGR00090,TIGR00092,TIGR00095,TIGR00115,TIGR00116,TIGR00138,TIGR00158,TIGR00166,TIGR00168,TIGR00186,TIGR00194,TIGR00250,TIGR00337,TIGR00344,TIGR00362,TIGR00392,TIGR00396,TIGR00398,TIGR00414,TIGR00416,TIGR00420,TIGR00431,TIGR00435,TIGR00436,TIGR00442,TIGR00445,TIGR00456,TIGR00459,TIGR00460,TIGR00468,TIGR00472,TIGR00487,TIGR00496,TIGR00539,TIGR00580,TIGR00593,TIGR00615,TIGR00631,TIGR00634,TIGR00635,TIGR00643,TIGR00663,TIGR00717,TIGR00755,TIGR00922,TIGR00959,TIGR00963,TIGR00967,TIGR01009,TIGR01011,TIGR01017,TIGR01021,TIGR01029,TIGR01032,TIGR01039,TIGR01044,TIGR01059,TIGR01063,TIGR01066,TIGR01071,TIGR01079,TIGR01082,TIGR01087,TIGR01128,TIGR01146,TIGR01164,TIGR01169,TIGR01171,TIGR01302,TIGR01391,TIGR01393,TIGR01394,TIGR01510,TIGR01632,TIGR01951,TIGR01953,TIGR02012,TIGR02013,TIGR02027,TIGR02075,TIGR02191,TIGR02273,TIGR02350,TIGR02386,TIGR02397,TIGR02432,TIGR02729,TIGR03263,TIGR03594,TIGR03625,TIGR03632,TIGR03654,TIGR03723,TIGR03725,TIGR03953	TIGR00382,TIGR00928		TIGR00810,TIGR00964
GCF_049804275.1_genome	115	2	0	3	PF00380.20,PF00410.20,PF00466.21,PF01025.20,PF02576.18,PF03726.15,TIGR00006,TIGR00019,TIGR00020,TIGR00029,TIGR00043,TIGR00054,TIGR00059,TIGR00061,TIGR00064,TIGR00065,TIGR00082,TIGR00083,TIGR00084,TIGR00086,TIGR00088,TIGR00090,TIGR00092,TIGR00095,TIGR00115,TIGR00116,TIGR00138,TIGR00158,TIGR00166,TIGR00168,TIGR00186,TIGR00194,TIGR00250,TIGR00337,TIGR00344,TIGR00362,TIGR00392,TIGR00396,TIGR00398,TIGR00414,TIGR00416,TIGR00420,TIGR00431,TIGR00435,TIGR00436,TIGR00442,TIGR00445,TIGR00456,TIGR00459,TIGR00468,TIGR00472,TIGR00487,TIGR00496,TIGR00539,TIGR00580,TIGR00593,TIGR00615,TIGR00631,TIGR00634,TIGR00635,TIGR00643,TIGR00663,TIGR00717,TIGR00755,TIGR00922,TIGR00959,TIGR00963,TIGR00967,TIGR01009,TIGR01011,TIGR01017,TIGR01021,TIGR01029,TIGR01032,TIGR01039,TIGR01044,TIGR01059,TIGR01063,TIGR01066,TIGR01071,TIGR01079,TIGR01082,TIGR01087,TIGR01128,TIGR01146,TIGR01164,TIGR01169,TIGR01171,TIGR01302,TIGR01391,TIGR01393,TIGR01394,TIGR01510,TIGR01632,TIGR01951,TIGR01953,TIGR02012,TIGR02013,TIGR02027,TIGR02075,TIGR02191,TIGR02273,TIGR02350,TIGR02386,TIGR02397,TIGR02432,TIGR02729,TIGR03263,TIGR03594,TIGR03625,TIGR03632,TIGR03654,TIGR03723,TIGR03725,TIGR03953	TIGR00382,TIGR00928		TIGR00460,TIGR00810,TIGR00964
GCF_049804415.1_genome	115	2	0	3	PF00380.20,PF00410.20,PF00466.21,PF01025.20,PF02576.18,PF03726.15,TIGR00006,TIGR00019,TIGR00020,TIGR00029,TIGR00043,TIGR00054,TIGR00059,TIGR00061,TIGR00064,TIGR00065,TIGR00082,TIGR00083,TIGR00084,TIGR00086,TIGR00088,TIGR00090,TIGR00092,TIGR00095,TIGR00115,TIGR00116,TIGR00138,TIGR00158,TIGR00166,TIGR00168,TIGR00186,TIGR00194,TIGR00250,TIGR00337,TIGR00344,TIGR00362,TIGR00392,TIGR00396,TIGR00398,TIGR00414,TIGR00416,TIGR00420,TIGR00431,TIGR00435,TIGR00436,TIGR00442,TIGR00445,TIGR00456,TIGR00459,TIGR00468,TIGR00472,TIGR00487,TIGR00496,TIGR00539,TIGR00580,TIGR00593,TIGR00615,TIGR00631,TIGR00634,TIGR00635,TIGR00643,TIGR00663,TIGR00717,TIGR00755,TIGR00922,TIGR00959,TIGR00963,TIGR00967,TIGR01009,TIGR01011,TIGR01017,TIGR01021,TIGR01029,TIGR01032,TIGR01039,TIGR01044,TIGR01059,TIGR01063,TIGR01066,TIGR01071,TIGR01079,TIGR01082,TIGR01087,TIGR01128,TIGR01146,TIGR01164,TIGR01169,TIGR01171,TIGR01302,TIGR01391,TIGR01393,TIGR01394,TIGR01510,TIGR01632,TIGR01951,TIGR01953,TIGR02012,TIGR02013,TIGR02027,TIGR02075,TIGR02191,TIGR02273,TIGR02350,TIGR02386,TIGR02397,TIGR02432,TIGR02729,TIGR03263,TIGR03594,TIGR03625,TIGR03632,TIGR03654,TIGR03723,TIGR03725,TIGR03953	TIGR00382,TIGR00928		TIGR00460,TIGR00810,TIGR00964
GCF_049804495.1_genome	116	2	0	2	PF00380.20,PF00410.20,PF00466.21,PF01025.20,PF02576.18,PF03726.15,TIGR00006,TIGR00019,TIGR00020,TIGR00029,TIGR00043,TIGR00054,TIGR00059,TIGR00061,TIGR00064,TIGR00065,TIGR00082,TIGR00083,TIGR00084,TIGR00086,TIGR00088,TIGR00090,TIGR00092,TIGR00095,TIGR00115,TIGR00116,TIGR00138,TIGR00158,TIGR00166,TIGR00168,TIGR00186,TIGR00194,TIGR00250,TIGR00337,TIGR00344,TIGR00362,TIGR00392,TIGR00396,TIGR00398,TIGR00414,TIGR00416,TIGR00420,TIGR00431,TIGR00435,TIGR00436,TIGR00442,TIGR00445,TIGR00456,TIGR00459,TIGR00460,TIGR00468,TIGR00472,TIGR00487,TIGR00496,TIGR00539,TIGR00580,TIGR00593,TIGR00615,TIGR00631,TIGR00634,TIGR00635,TIGR00643,TIGR00663,TIGR00717,TIGR00755,TIGR00922,TIGR00959,TIGR00963,TIGR00967,TIGR01009,TIGR01011,TIGR01017,TIGR01021,TIGR01029,TIGR01032,TIGR01039,TIGR01044,TIGR01059,TIGR01063,TIGR01066,TIGR01071,TIGR01079,TIGR01082,TIGR01087,TIGR01128,TIGR01146,TIGR01164,TIGR01169,TIGR01171,TIGR01302,TIGR01391,TIGR01393,TIGR01394,TIGR01510,TIGR01632,TIGR01951,TIGR01953,TIGR02012,TIGR02013,TIGR02027,TIGR02075,TIGR02191,TIGR02273,TIGR02350,TIGR02386,TIGR02397,TIGR02432,TIGR02729,TIGR03263,TIGR03594,TIGR03625,TIGR03632,TIGR03654,TIGR03723,TIGR03725,TIGR03953	TIGR00382,TIGR00928		TIGR00810,TIGR00964
GCF_049804515.1_genome	116	2	0	2	PF00380.20,PF00410.20,PF00466.21,PF01025.20,PF02576.18,PF03726.15,TIGR00006,TIGR00019,TIGR00020,TIGR00029,TIGR00043,TIGR00054,TIGR00059,TIGR00061,TIGR00064,TIGR00065,TIGR00082,TIGR00083,TIGR00084,TIGR00086,TIGR00088,TIGR00090,TIGR00092,TIGR00095,TIGR00115,TIGR00116,TIGR00138,TIGR00158,TIGR00166,TIGR00168,TIGR00186,TIGR00194,TIGR00250,TIGR00337,TIGR00344,TIGR00362,TIGR00392,TIGR00396,TIGR00398,TIGR00414,TIGR00416,TIGR00420,TIGR00431,TIGR00435,TIGR00436,TIGR00442,TIGR00445,TIGR00456,TIGR00459,TIGR00460,TIGR00468,TIGR00472,TIGR00487,TIGR00496,TIGR00539,TIGR00580,TIGR00593,TIGR00615,TIGR00631,TIGR00634,TIGR00635,TIGR00643,TIGR00663,TIGR00717,TIGR00755,TIGR00922,TIGR00959,TIGR00963,TIGR00967,TIGR01009,TIGR01011,TIGR01017,TIGR01021,TIGR01029,TIGR01032,TIGR01039,TIGR01044,TIGR01059,TIGR01063,TIGR01066,TIGR01071,TIGR01079,TIGR01082,TIGR01087,TIGR01128,TIGR01146,TIGR01164,TIGR01169,TIGR01171,TIGR01302,TIGR01391,TIGR01393,TIGR01394,TIGR01510,TIGR01632,TIGR01951,TIGR01953,TIGR02012,TIGR02013,TIGR02027,TIGR02075,TIGR02191,TIGR02273,TIGR02350,TIGR02386,TIGR02397,TIGR02432,TIGR02729,TIGR03263,TIGR03594,TIGR03625,TIGR03632,TIGR03654,TIGR03723,TIGR03725,TIGR03953	TIGR00382,TIGR00928		TIGR00810,TIGR00964
GCF_049804525.1_genome	116	2	0	2	PF00380.20,PF00410.20,PF00466.21,PF01025.20,PF02576.18,PF03726.15,TIGR00006,TIGR00019,TIGR00020,TIGR00029,TIGR00043,TIGR00054,TIGR00059,TIGR00061,TIGR00064,TIGR00065,TIGR00082,TIGR00083,TIGR00084,TIGR00086,TIGR00088,TIGR00090,TIGR00092,TIGR00095,TIGR00115,TIGR00116,TIGR00138,TIGR00158,TIGR00166,TIGR00168,TIGR00186,TIGR00194,TIGR00250,TIGR00337,TIGR00344,TIGR00362,TIGR00392,TIGR00396,TIGR00398,TIGR00414,TIGR00416,TIGR00420,TIGR00431,TIGR00435,TIGR00436,TIGR00442,TIGR00445,TIGR00456,TIGR00459,TIGR00460,TIGR00468,TIGR00472,TIGR00487,TIGR00496,TIGR00539,TIGR00580,TIGR00593,TIGR00615,TIGR00631,TIGR00634,TIGR00635,TIGR00643,TIGR00663,TIGR00717,TIGR00755,TIGR00922,TIGR00959,TIGR00963,TIGR00967,TIGR01009,TIGR01011,TIGR01017,TIGR01021,TIGR01029,TIGR01032,TIGR01039,TIGR01044,TIGR01059,TIGR01063,TIGR01066,TIGR01071,TIGR01079,TIGR01082,TIGR01087,TIGR01128,TIGR01146,TIGR01164,TIGR01169,TIGR01171,TIGR01302,TIGR01391,TIGR01393,TIGR01394,TIGR01510,TIGR01632,TIGR01951,TIGR01953,TIGR02012,TIGR02013,TIGR02027,TIGR02075,TIGR02191,TIGR02273,TIGR02350,TIGR02386,TIGR02397,TIGR02432,TIGR02729,TIGR03263,TIGR03594,TIGR03625,TIGR03632,TIGR03654,TIGR03723,TIGR03725,TIGR03953	TIGR00382,TIGR00928		TIGR00810,TIGR00964
GCF_049804555.1_genome	116	2	0	2	PF00380.20,PF00410.20,PF00466.21,PF01025.20,PF02576.18,PF03726.15,TIGR00006,TIGR00019,TIGR00020,TIGR00029,TIGR00043,TIGR00054,TIGR00059,TIGR00061,TIGR00064,TIGR00065,TIGR00082,TIGR00083,TIGR00084,TIGR00086,TIGR00088,TIGR00090,TIGR00092,TIGR00095,TIGR00115,TIGR00116,TIGR00138,TIGR00158,TIGR00166,TIGR00168,TIGR00186,TIGR00194,TIGR00250,TIGR00337,TIGR00344,TIGR00362,TIGR00392,TIGR00396,TIGR00398,TIGR00414,TIGR00416,TIGR00420,TIGR00431,TIGR00435,TIGR00436,TIGR00442,TIGR00445,TIGR00456,TIGR00459,TIGR00460,TIGR00468,TIGR00472,TIGR00487,TIGR00496,TIGR00539,TIGR00580,TIGR00593,TIGR00615,TIGR00631,TIGR00634,TIGR00635,TIGR00643,TIGR00663,TIGR00717,TIGR00755,TIGR00922,TIGR00959,TIGR00963,TIGR00967,TIGR01009,TIGR01011,TIGR01017,TIGR01021,TIGR01029,TIGR01032,TIGR01039,TIGR01044,TIGR01059,TIGR01063,TIGR01066,TIGR01071,TIGR01079,TIGR01082,TIGR01087,TIGR01128,TIGR01146,TIGR01164,TIGR01169,TIGR01171,TIGR01302,TIGR01391,TIGR01393,TIGR01394,TIGR01510,TIGR01632,TIGR01951,TIGR01953,TIGR02012,TIGR02013,TIGR02027,TIGR02075,TIGR02191,TIGR02273,TIGR02350,TIGR02386,TIGR02397,TIGR02432,TIGR02729,TIGR03263,TIGR03594,TIGR03625,TIGR03632,TIGR03654,TIGR03723,TIGR03725,TIGR03953	TIGR00382,TIGR00928		TIGR00810,TIGR00964
GCF_049804595.1_genome	116	2	0	2	PF00380.20,PF00410.20,PF00466.21,PF01025.20,PF02576.18,PF03726.15,TIGR00006,TIGR00019,TIGR00020,TIGR00029,TIGR00043,TIGR00054,TIGR00059,TIGR00061,TIGR00064,TIGR00065,TIGR00082,TIGR00083,TIGR00084,TIGR00086,TIGR00088,TIGR00090,TIGR00092,TIGR00095,TIGR00115,TIGR00116,TIGR00138,TIGR00158,TIGR00166,TIGR00168,TIGR00186,TIGR00194,TIGR00250,TIGR00337,TIGR00344,TIGR00362,TIGR00392,TIGR00396,TIGR00398,TIGR00414,TIGR00416,TIGR00420,TIGR00431,TIGR00435,TIGR00436,TIGR00442,TIGR00445,TIGR00456,TIGR00459,TIGR00460,TIGR00468,TIGR00472,TIGR00487,TIGR00496,TIGR00539,TIGR00580,TIGR00593,TIGR00615,TIGR00631,TIGR00634,TIGR00635,TIGR00643,TIGR00663,TIGR00717,TIGR00755,TIGR00922,TIGR00959,TIGR00963,TIGR00967,TIGR01009,TIGR01011,TIGR01017,TIGR01021,TIGR01029,TIGR01032,TIGR01039,TIGR01044,TIGR01059,TIGR01063,TIGR01066,TIGR01071,TIGR01079,TIGR01082,TIGR01087,TIGR01128,TIGR01146,TIGR01164,TIGR01169,TIGR01171,TIGR01302,TIGR01391,TIGR01393,TIGR01394,TIGR01510,TIGR01632,TIGR01951,TIGR01953,TIGR02012,TIGR02013,TIGR02027,TIGR02075,TIGR02191,TIGR02273,TIGR02350,TIGR02386,TIGR02397,TIGR02432,TIGR02729,TIGR03263,TIGR03594,TIGR03625,TIGR03632,TIGR03654,TIGR03723,TIGR03725,TIGR03953	TIGR00382,TIGR00928		TIGR00810,TIGR00964
GCF_049804615.1_genome	116	2	0	2	PF00380.20,PF00410.20,PF00466.21,PF01025.20,PF02576.18,PF03726.15,TIGR00006,TIGR00019,TIGR00020,TIGR00029,TIGR00043,TIGR00054,TIGR00059,TIGR00061,TIGR00064,TIGR00065,TIGR00082,TIGR00083,TIGR00084,TIGR00086,TIGR00088,TIGR00090,TIGR00092,TIGR00095,TIGR00115,TIGR00116,TIGR00138,TIGR00158,TIGR00166,TIGR00168,TIGR00186,TIGR00194,TIGR00250,TIGR00337,TIGR00344,TIGR00362,TIGR00392,TIGR00396,TIGR00398,TIGR00414,TIGR00416,TIGR00420,TIGR00431,TIGR00435,TIGR00436,TIGR00442,TIGR00445,TIGR00456,TIGR00459,TIGR00460,TIGR00468,TIGR00472,TIGR00487,TIGR00496,TIGR00539,TIGR00580,TIGR00593,TIGR00615,TIGR00631,TIGR00634,TIGR00635,TIGR00643,TIGR00663,TIGR00717,TIGR00755,TIGR00922,TIGR00959,TIGR00963,TIGR00967,TIGR01009,TIGR01011,TIGR01017,TIGR01021,TIGR01029,TIGR01032,TIGR01039,TIGR01044,TIGR01059,TIGR01063,TIGR01066,TIGR01071,TIGR01079,TIGR01082,TIGR01087,TIGR01128,TIGR01146,TIGR01164,TIGR01169,TIGR01171,TIGR01302,TIGR01391,TIGR01393,TIGR01394,TIGR01510,TIGR01632,TIGR01951,TIGR01953,TIGR02012,TIGR02013,TIGR02027,TIGR02075,TIGR02191,TIGR02273,TIGR02350,TIGR02386,TIGR02397,TIGR02432,TIGR02729,TIGR03263,TIGR03594,TIGR03625,TIGR03632,TIGR03654,TIGR03723,TIGR03725,TIGR03953	TIGR00382,TIGR00928		TIGR00810,TIGR00964
GCF_049804635.1_genome	116	2	0	2	PF00380.20,PF00410.20,PF00466.21,PF01025.20,PF02576.18,PF03726.15,TIGR00006,TIGR00019,TIGR00020,TIGR00029,TIGR00043,TIGR00054,TIGR00059,TIGR00061,TIGR00064,TIGR00065,TIGR00082,TIGR00083,TIGR00084,TIGR00086,TIGR00088,TIGR00090,TIGR00092,TIGR00095,TIGR00115,TIGR00116,TIGR00138,TIGR00158,TIGR00166,TIGR00168,TIGR00186,TIGR00194,TIGR00250,TIGR00337,TIGR00344,TIGR00362,TIGR00392,TIGR00396,TIGR00398,TIGR00414,TIGR00416,TIGR00420,TIGR00431,TIGR00435,TIGR00436,TIGR00442,TIGR00445,TIGR00456,TIGR00459,TIGR00460,TIGR00468,TIGR00472,TIGR00487,TIGR00496,TIGR00539,TIGR00580,TIGR00593,TIGR00615,TIGR00631,TIGR00634,TIGR00635,TIGR00643,TIGR00663,TIGR00717,TIGR00755,TIGR00922,TIGR00959,TIGR00963,TIGR00967,TIGR01009,TIGR01011,TIGR01017,TIGR01021,TIGR01029,TIGR01032,TIGR01039,TIGR01044,TIGR01059,TIGR01063,TIGR01066,TIGR01071,TIGR01079,TIGR01082,TIGR01087,TIGR01128,TIGR01146,TIGR01164,TIGR01169,TIGR01171,TIGR01302,TIGR01391,TIGR01393,TIGR01394,TIGR01510,TIGR01632,TIGR01951,TIGR01953,TIGR02012,TIGR02013,TIGR02027,TIGR02075,TIGR02191,TIGR02273,TIGR02350,TIGR02386,TIGR02397,TIGR02432,TIGR02729,TIGR03263,TIGR03594,TIGR03625,TIGR03632,TIGR03654,TIGR03723,TIGR03725,TIGR03953	TIGR00382,TIGR00928		TIGR00810,TIGR00964
GCF_049804655.1_genome	116	2	0	2	PF00380.20,PF00410.20,PF00466.21,PF01025.20,PF02576.18,PF03726.15,TIGR00006,TIGR00019,TIGR00020,TIGR00029,TIGR00043,TIGR00054,TIGR00059,TIGR00061,TIGR00064,TIGR00065,TIGR00082,TIGR00083,TIGR00084,TIGR00086,TIGR00088,TIGR00090,TIGR00092,TIGR00095,TIGR00115,TIGR00116,TIGR00138,TIGR00158,TIGR00166,TIGR00168,TIGR00186,TIGR00194,TIGR00250,TIGR00337,TIGR00344,TIGR00362,TIGR00392,TIGR00396,TIGR00398,TIGR00414,TIGR00416,TIGR00420,TIGR00431,TIGR00435,TIGR00436,TIGR00442,TIGR00445,TIGR00456,TIGR00459,TIGR00460,TIGR00468,TIGR00472,TIGR00487,TIGR00496,TIGR00539,TIGR00580,TIGR00593,TIGR00615,TIGR00631,TIGR00634,TIGR00635,TIGR00643,TIGR00663,TIGR00717,TIGR00755,TIGR00922,TIGR00959,TIGR00963,TIGR00967,TIGR01009,TIGR01011,TIGR01017,TIGR01021,TIGR01029,TIGR01032,TIGR01039,TIGR01044,TIGR01059,TIGR01063,TIGR01066,TIGR01071,TIGR01079,TIGR01082,TIGR01087,TIGR01128,TIGR01146,TIGR01164,TIGR01169,TIGR01171,TIGR01302,TIGR01391,TIGR01393,TIGR01394,TIGR01510,TIGR01632,TIGR01951,TIGR01953,TIGR02012,TIGR02013,TIGR02027,TIGR02075,TIGR02191,TIGR02273,TIGR02350,TIGR02386,TIGR02397,TIGR02432,TIGR02729,TIGR03263,TIGR03594,TIGR03625,TIGR03632,TIGR03654,TIGR03723,TIGR03725,TIGR03953	TIGR00382,TIGR00928		TIGR00810,TIGR00964
GCF_049804695.1_genome	115	3	0	2	PF00380.20,PF00410.20,PF00466.21,PF01025.20,PF02576.18,PF03726.15,TIGR00006,TIGR00019,TIGR00020,TIGR00029,TIGR00043,TIGR00054,TIGR00059,TIGR00061,TIGR00064,TIGR00065,TIGR00082,TIGR00083,TIGR00084,TIGR00086,TIGR00088,TIGR00090,TIGR00092,TIGR00095,TIGR00115,TIGR00116,TIGR00138,TIGR00158,TIGR00166,TIGR00168,TIGR00186,TIGR00194,TIGR00250,TIGR00337,TIGR00344,TIGR00362,TIGR00392,TIGR00396,TIGR00398,TIGR00414,TIGR00416,TIGR00420,TIGR00435,TIGR00436,TIGR00442,TIGR00445,TIGR00456,TIGR00459,TIGR00460,TIGR00468,TIGR00472,TIGR00487,TIGR00496,TIGR00539,TIGR00580,TIGR00593,TIGR00615,TIGR00631,TIGR00634,TIGR00635,TIGR00643,TIGR00663,TIGR00717,TIGR00755,TIGR00922,TIGR00959,TIGR00963,TIGR00967,TIGR01009,TIGR01011,TIGR01017,TIGR01021,TIGR01029,TIGR01032,TIGR01039,TIGR01044,TIGR01059,TIGR01063,TIGR01066,TIGR01071,TIGR01079,TIGR01082,TIGR01087,TIGR01128,TIGR01146,TIGR01164,TIGR01169,TIGR01171,TIGR01302,TIGR01391,TIGR01393,TIGR01394,TIGR01510,TIGR01632,TIGR01951,TIGR01953,TIGR02012,TIGR02013,TIGR02027,TIGR02075,TIGR02191,TIGR02273,TIGR02350,TIGR02386,TIGR02397,TIGR02432,TIGR02729,TIGR03263,TIGR03594,TIGR03625,TIGR03632,TIGR03654,TIGR03723,TIGR03725,TIGR03953	TIGR00382,TIGR00431,TIGR00928		TIGR00810,TIGR00964
GCF_049804735.1_genome	116	2	0	2	PF00380.20,PF00410.20,PF00466.21,PF01025.20,PF02576.18,PF03726.15,TIGR00006,TIGR00019,TIGR00020,TIGR00029,TIGR00043,TIGR00054,TIGR00059,TIGR00061,TIGR00064,TIGR00065,TIGR00082,TIGR00083,TIGR00084,TIGR00086,TIGR00088,TIGR00090,TIGR00092,TIGR00095,TIGR00115,TIGR00116,TIGR00138,TIGR00158,TIGR00166,TIGR00168,TIGR00186,TIGR00194,TIGR00250,TIGR00337,TIGR00344,TIGR00362,TIGR00392,TIGR00396,TIGR00398,TIGR00414,TIGR00416,TIGR00420,TIGR00431,TIGR00435,TIGR00436,TIGR00442,TIGR00445,TIGR00456,TIGR00459,TIGR00460,TIGR00468,TIGR00472,TIGR00487,TIGR00496,TIGR00539,TIGR00580,TIGR00593,TIGR00615,TIGR00631,TIGR00634,TIGR00635,TIGR00643,TIGR00663,TIGR00717,TIGR00755,TIGR00922,TIGR00959,TIGR00963,TIGR00967,TIGR01009,TIGR01011,TIGR01017,TIGR01021,TIGR01029,TIGR01032,TIGR01039,TIGR01044,TIGR01059,TIGR01063,TIGR01066,TIGR01071,TIGR01079,TIGR01082,TIGR01087,TIGR01128,TIGR01146,TIGR01164,TIGR01169,TIGR01171,TIGR01302,TIGR01391,TIGR01393,TIGR01394,TIGR01510,TIGR01632,TIGR01951,TIGR01953,TIGR02012,TIGR02013,TIGR02027,TIGR02075,TIGR02191,TIGR02273,TIGR02350,TIGR02386,TIGR02397,TIGR02432,TIGR02729,TIGR03263,TIGR03594,TIGR03625,TIGR03632,TIGR03654,TIGR03723,TIGR03725,TIGR03953	TIGR00382,TIGR00928		TIGR00810,TIGR00964
GCF_049804795.1_genome	116	2	0	2	PF00380.20,PF00410.20,PF00466.21,PF01025.20,PF02576.18,PF03726.15,TIGR00006,TIGR00019,TIGR00020,TIGR00029,TIGR00043,TIGR00054,TIGR00059,TIGR00061,TIGR00064,TIGR00065,TIGR00082,TIGR00083,TIGR00084,TIGR00086,TIGR00088,TIGR00090,TIGR00092,TIGR00095,TIGR00115,TIGR00116,TIGR00138,TIGR00158,TIGR00166,TIGR00168,TIGR00186,TIGR00194,TIGR00250,TIGR00337,TIGR00344,TIGR00362,TIGR00392,TIGR00396,TIGR00398,TIGR00414,TIGR00416,TIGR00420,TIGR00431,TIGR00435,TIGR00436,TIGR00442,TIGR00445,TIGR00456,TIGR00459,TIGR00460,TIGR00468,TIGR00472,TIGR00487,TIGR00496,TIGR00539,TIGR00580,TIGR00593,TIGR00615,TIGR00631,TIGR00634,TIGR00635,TIGR00643,TIGR00663,TIGR00717,TIGR00755,TIGR00922,TIGR00959,TIGR00963,TIGR00967,TIGR01009,TIGR01011,TIGR01017,TIGR01021,TIGR01029,TIGR01032,TIGR01039,TIGR01044,TIGR01059,TIGR01063,TIGR01066,TIGR01071,TIGR01079,TIGR01082,TIGR01087,TIGR01128,TIGR01146,TIGR01164,TIGR01169,TIGR01171,TIGR01302,TIGR01391,TIGR01393,TIGR01394,TIGR01510,TIGR01632,TIGR01951,TIGR01953,TIGR02012,TIGR02013,TIGR02027,TIGR02075,TIGR02191,TIGR02273,TIGR02350,TIGR02386,TIGR02397,TIGR02432,TIGR02729,TIGR03263,TIGR03594,TIGR03625,TIGR03632,TIGR03654,TIGR03723,TIGR03725,TIGR03953	TIGR00382,TIGR00928		TIGR00810,TIGR00964
GCF_049804935.1_genome	115	3	0	2	PF00380.20,PF00410.20,PF00466.21,PF01025.20,PF02576.18,PF03726.15,TIGR00006,TIGR00019,TIGR00020,TIGR00029,TIGR00043,TIGR00054,TIGR00059,TIGR00061,TIGR00064,TIGR00065,TIGR00083,TIGR00084,TIGR00086,TIGR00088,TIGR00090,TIGR00092,TIGR00095,TIGR00115,TIGR00116,TIGR00138,TIGR00158,TIGR00166,TIGR00168,TIGR00186,TIGR00194,TIGR00250,TIGR00337,TIGR00344,TIGR00362,TIGR00392,TIGR00396,TIGR00398,TIGR00414,TIGR00416,TIGR00420,TIGR00431,TIGR00435,TIGR00436,TIGR00442,TIGR00445,TIGR00456,TIGR00459,TIGR00460,TIGR00468,TIGR00472,TIGR00487,TIGR00496,TIGR00539,TIGR00580,TIGR00593,TIGR00615,TIGR00631,TIGR00634,TIGR00635,TIGR00643,TIGR00663,TIGR00717,TIGR00755,TIGR00922,TIGR00959,TIGR00963,TIGR00967,TIGR01009,TIGR01011,TIGR01017,TIGR01021,TIGR01029,TIGR01032,TIGR01039,TIGR01044,TIGR01059,TIGR01063,TIGR01066,TIGR01071,TIGR01079,TIGR01082,TIGR01087,TIGR01128,TIGR01146,TIGR01164,TIGR01169,TIGR01171,TIGR01302,TIGR01391,TIGR01393,TIGR01394,TIGR01510,TIGR01632,TIGR01951,TIGR01953,TIGR02012,TIGR02013,TIGR02027,TIGR02075,TIGR02191,TIGR02273,TIGR02350,TIGR02386,TIGR02397,TIGR02432,TIGR02729,TIGR03263,TIGR03594,TIGR03625,TIGR03632,TIGR03654,TIGR03723,TIGR03725,TIGR03953	TIGR00082,TIGR00382,TIGR00928		TIGR00810,TIGR00964
GCF_049804975.1_genome	115	2	0	3	PF00380.20,PF00410.20,PF00466.21,PF01025.20,PF02576.18,PF03726.15,TIGR00006,TIGR00019,TIGR00020,TIGR00029,TIGR00043,TIGR00054,TIGR00059,TIGR00061,TIGR00064,TIGR00065,TIGR00082,TIGR00083,TIGR00084,TIGR00086,TIGR00088,TIGR00090,TIGR00092,TIGR00095,TIGR00115,TIGR00116,TIGR00138,TIGR00158,TIGR00166,TIGR00168,TIGR00186,TIGR00194,TIGR00250,TIGR00337,TIGR00344,TIGR00362,TIGR00392,TIGR00396,TIGR00398,TIGR00414,TIGR00416,TIGR00420,TIGR00431,TIGR00435,TIGR00436,TIGR00442,TIGR00445,TIGR00456,TIGR00459,TIGR00468,TIGR00472,TIGR00487,TIGR00496,TIGR00539,TIGR00580,TIGR00593,TIGR00615,TIGR00631,TIGR00634,TIGR00635,TIGR00643,TIGR00663,TIGR00717,TIGR00755,TIGR00922,TIGR00959,TIGR00963,TIGR00967,TIGR01009,TIGR01011,TIGR01017,TIGR01021,TIGR01029,TIGR01032,TIGR01039,TIGR01044,TIGR01059,TIGR01063,TIGR01066,TIGR01071,TIGR01079,TIGR01082,TIGR01087,TIGR01128,TIGR01146,TIGR01164,TIGR01169,TIGR01171,TIGR01302,TIGR01391,TIGR01393,TIGR01394,TIGR01510,TIGR01632,TIGR01951,TIGR01953,TIGR02012,TIGR02013,TIGR02027,TIGR02075,TIGR02191,TIGR02273,TIGR02350,TIGR02386,TIGR02397,TIGR02432,TIGR02729,TIGR03263,TIGR03594,TIGR03625,TIGR03632,TIGR03654,TIGR03723,TIGR03725,TIGR03953	TIGR00382,TIGR00928		TIGR00460,TIGR00810,TIGR00964
GCF_049804995.1_genome	116	2	0	2	PF00380.20,PF00410.20,PF00466.21,PF01025.20,PF02576.18,PF03726.15,TIGR00006,TIGR00019,TIGR00020,TIGR00029,TIGR00043,TIGR00054,TIGR00059,TIGR00061,TIGR00064,TIGR00065,TIGR00082,TIGR00083,TIGR00084,TIGR00086,TIGR00088,TIGR00090,TIGR00092,TIGR00095,TIGR00115,TIGR00116,TIGR00138,TIGR00158,TIGR00166,TIGR00168,TIGR00186,TIGR00194,TIGR00250,TIGR00337,TIGR00344,TIGR00362,TIGR00392,TIGR00396,TIGR00398,TIGR00414,TIGR00416,TIGR00420,TIGR00431,TIGR00435,TIGR00436,TIGR00442,TIGR00445,TIGR00456,TIGR00459,TIGR00460,TIGR00468,TIGR00472,TIGR00487,TIGR00496,TIGR00539,TIGR00580,TIGR00593,TIGR00615,TIGR00631,TIGR00634,TIGR00635,TIGR00643,TIGR00663,TIGR00717,TIGR00755,TIGR00922,TIGR00959,TIGR00963,TIGR00967,TIGR01009,TIGR01011,TIGR01017,TIGR01021,TIGR01029,TIGR01032,TIGR01039,TIGR01044,TIGR01059,TIGR01063,TIGR01066,TIGR01071,TIGR01079,TIGR01082,TIGR01087,TIGR01128,TIGR01146,TIGR01164,TIGR01169,TIGR01171,TIGR01302,TIGR01391,TIGR01393,TIGR01394,TIGR01510,TIGR01632,TIGR01951,TIGR01953,TIGR02012,TIGR02013,TIGR02027,TIGR02075,TIGR02191,TIGR02273,TIGR02350,TIGR02386,TIGR02397,TIGR02432,TIGR02729,TIGR03263,TIGR03594,TIGR03625,TIGR03632,TIGR03654,TIGR03723,TIGR03725,TIGR03953	TIGR00382,TIGR00928		TIGR00810,TIGR00964
GCF_049805015.1_genome	116	2	0	2	PF00380.20,PF00410.20,PF00466.21,PF01025.20,PF02576.18,PF03726.15,TIGR00006,TIGR00019,TIGR00020,TIGR00029,TIGR00043,TIGR00054,TIGR00059,TIGR00061,TIGR00064,TIGR00065,TIGR00082,TIGR00083,TIGR00084,TIGR00086,TIGR00088,TIGR00090,TIGR00092,TIGR00095,TIGR00115,TIGR00116,TIGR00138,TIGR00158,TIGR00166,TIGR00168,TIGR00186,TIGR00194,TIGR00250,TIGR00337,TIGR00344,TIGR00362,TIGR00392,TIGR00396,TIGR00398,TIGR00414,TIGR00416,TIGR00420,TIGR00431,TIGR00435,TIGR00436,TIGR00442,TIGR00445,TIGR00456,TIGR00459,TIGR00460,TIGR00468,TIGR00472,TIGR00487,TIGR00496,TIGR00539,TIGR00580,TIGR00593,TIGR00615,TIGR00631,TIGR00634,TIGR00635,TIGR00643,TIGR00663,TIGR00717,TIGR00755,TIGR00922,TIGR00959,TIGR00963,TIGR00967,TIGR01009,TIGR01011,TIGR01017,TIGR01021,TIGR01029,TIGR01032,TIGR01039,TIGR01044,TIGR01059,TIGR01063,TIGR01066,TIGR01071,TIGR01079,TIGR01082,TIGR01087,TIGR01128,TIGR01146,TIGR01164,TIGR01169,TIGR01171,TIGR01302,TIGR01391,TIGR01393,TIGR01394,TIGR01510,TIGR01632,TIGR01951,TIGR01953,TIGR02012,TIGR02013,TIGR02027,TIGR02075,TIGR02191,TIGR02273,TIGR02350,TIGR02386,TIGR02397,TIGR02432,TIGR02729,TIGR03263,TIGR03594,TIGR03625,TIGR03632,TIGR03654,TIGR03723,TIGR03725,TIGR03953	TIGR00382,TIGR00928		TIGR00810,TIGR00964
GCF_049805235.1_genome	115	2	0	3	PF00380.20,PF00410.20,PF00466.21,PF01025.20,PF02576.18,PF03726.15,TIGR00006,TIGR00019,TIGR00020,TIGR00029,TIGR00043,TIGR00054,TIGR00059,TIGR00061,TIGR00064,TIGR00065,TIGR00082,TIGR00083,TIGR00084,TIGR00086,TIGR00088,TIGR00090,TIGR00092,TIGR00095,TIGR00115,TIGR00116,TIGR00138,TIGR00158,TIGR00166,TIGR00168,TIGR00186,TIGR00194,TIGR00250,TIGR00337,TIGR00344,TIGR00362,TIGR00392,TIGR00396,TIGR00398,TIGR00414,TIGR00416,TIGR00420,TIGR00431,TIGR00435,TIGR00436,TIGR00442,TIGR00445,TIGR00456,TIGR00459,TIGR00468,TIGR00472,TIGR00487,TIGR00496,TIGR00539,TIGR00580,TIGR00593,TIGR00615,TIGR00631,TIGR00634,TIGR00635,TIGR00643,TIGR00663,TIGR00717,TIGR00755,TIGR00922,TIGR00959,TIGR00963,TIGR00967,TIGR01009,TIGR01011,TIGR01017,TIGR01021,TIGR01029,TIGR01032,TIGR01039,TIGR01044,TIGR01059,TIGR01063,TIGR01066,TIGR01071,TIGR01079,TIGR01082,TIGR01087,TIGR01128,TIGR01146,TIGR01164,TIGR01169,TIGR01171,TIGR01302,TIGR01391,TIGR01393,TIGR01394,TIGR01510,TIGR01632,TIGR01951,TIGR01953,TIGR02012,TIGR02013,TIGR02027,TIGR02075,TIGR02191,TIGR02273,TIGR02350,TIGR02386,TIGR02397,TIGR02432,TIGR02729,TIGR03263,TIGR03594,TIGR03625,TIGR03632,TIGR03654,TIGR03723,TIGR03725,TIGR03953	TIGR00382,TIGR00928		TIGR00460,TIGR00810,TIGR00964
GCF_049805255.1_genome	114	4	0	2	PF00380.20,PF00410.20,PF00466.21,PF01025.20,PF02576.18,PF03726.15,TIGR00006,TIGR00019,TIGR00020,TIGR00029,TIGR00043,TIGR00059,TIGR00061,TIGR00064,TIGR00065,TIGR00082,TIGR00083,TIGR00084,TIGR00086,TIGR00088,TIGR00090,TIGR00092,TIGR00095,TIGR00115,TIGR00116,TIGR00138,TIGR00158,TIGR00166,TIGR00168,TIGR00186,TIGR00194,TIGR00250,TIGR00337,TIGR00344,TIGR00362,TIGR00392,TIGR00396,TIGR00398,TIGR00414,TIGR00416,TIGR00420,TIGR00431,TIGR00435,TIGR00436,TIGR00442,TIGR00445,TIGR00456,TIGR00459,TIGR00460,TIGR00468,TIGR00472,TIGR00487,TIGR00496,TIGR00539,TIGR00580,TIGR00593,TIGR00615,TIGR00631,TIGR00634,TIGR00635,TIGR00643,TIGR00663,TIGR00717,TIGR00755,TIGR00922,TIGR00959,TIGR00963,TIGR00967,TIGR01009,TIGR01017,TIGR01021,TIGR01029,TIGR01032,TIGR01039,TIGR01044,TIGR01059,TIGR01063,TIGR01066,TIGR01071,TIGR01079,TIGR01082,TIGR01087,TIGR01128,TIGR01146,TIGR01164,TIGR01169,TIGR01171,TIGR01302,TIGR01391,TIGR01393,TIGR01394,TIGR01510,TIGR01632,TIGR01951,TIGR01953,TIGR02012,TIGR02013,TIGR02027,TIGR02075,TIGR02191,TIGR02273,TIGR02350,TIGR02386,TIGR02397,TIGR02432,TIGR02729,TIGR03263,TIGR03594,TIGR03625,TIGR03632,TIGR03654,TIGR03723,TIGR03725,TIGR03953	TIGR00054,TIGR00382,TIGR00928,TIGR01011		TIGR00810,TIGR00964
GCF_049805595.1_genome	116	2	0	2	PF00380.20,PF00410.20,PF00466.21,PF01025.20,PF02576.18,PF03726.15,TIGR00006,TIGR00019,TIGR00020,TIGR00029,TIGR00043,TIGR00054,TIGR00059,TIGR00061,TIGR00064,TIGR00065,TIGR00082,TIGR00083,TIGR00084,TIGR00086,TIGR00088,TIGR00090,TIGR00092,TIGR00095,TIGR00115,TIGR00116,TIGR00138,TIGR00158,TIGR00166,TIGR00168,TIGR00186,TIGR00194,TIGR00250,TIGR00337,TIGR00344,TIGR00362,TIGR00392,TIGR00396,TIGR00398,TIGR00414,TIGR00416,TIGR00420,TIGR00431,TIGR00435,TIGR00436,TIGR00442,TIGR00445,TIGR00456,TIGR00459,TIGR00460,TIGR00468,TIGR00472,TIGR00487,TIGR00496,TIGR00539,TIGR00580,TIGR00593,TIGR00615,TIGR00631,TIGR00634,TIGR00635,TIGR00643,TIGR00663,TIGR00717,TIGR00755,TIGR00922,TIGR00959,TIGR00963,TIGR00967,TIGR01009,TIGR01011,TIGR01017,TIGR01021,TIGR01029,TIGR01032,TIGR01039,TIGR01044,TIGR01059,TIGR01063,TIGR01066,TIGR01071,TIGR01079,TIGR01082,TIGR01087,TIGR01128,TIGR01146,TIGR01164,TIGR01169,TIGR01171,TIGR01302,TIGR01391,TIGR01393,TIGR01394,TIGR01510,TIGR01632,TIGR01951,TIGR01953,TIGR02012,TIGR02013,TIGR02027,TIGR02075,TIGR02191,TIGR02273,TIGR02350,TIGR02386,TIGR02397,TIGR02432,TIGR02729,TIGR03263,TIGR03594,TIGR03625,TIGR03632,TIGR03654,TIGR03723,TIGR03725,TIGR03953	TIGR00382,TIGR00928		TIGR00810,TIGR00964
GCF_049805635.1_genome	115	3	0	2	PF00380.20,PF00410.20,PF00466.21,PF01025.20,PF02576.18,PF03726.15,TIGR00006,TIGR00019,TIGR00020,TIGR00029,TIGR00043,TIGR00054,TIGR00059,TIGR00061,TIGR00064,TIGR00065,TIGR00082,TIGR00083,TIGR00084,TIGR00088,TIGR00090,TIGR00092,TIGR00095,TIGR00115,TIGR00116,TIGR00138,TIGR00158,TIGR00166,TIGR00168,TIGR00186,TIGR00194,TIGR00250,TIGR00337,TIGR00344,TIGR00362,TIGR00392,TIGR00396,TIGR00398,TIGR00414,TIGR00416,TIGR00420,TIGR00431,TIGR00435,TIGR00436,TIGR00442,TIGR00445,TIGR00456,TIGR00459,TIGR00460,TIGR00468,TIGR00472,TIGR00487,TIGR00496,TIGR00539,TIGR00580,TIGR00593,TIGR00615,TIGR00631,TIGR00634,TIGR00635,TIGR00643,TIGR00663,TIGR00717,TIGR00755,TIGR00922,TIGR00959,TIGR00963,TIGR00967,TIGR01009,TIGR01011,TIGR01017,TIGR01021,TIGR01029,TIGR01032,TIGR01039,TIGR01044,TIGR01059,TIGR01063,TIGR01066,TIGR01071,TIGR01079,TIGR01082,TIGR01087,TIGR01128,TIGR01146,TIGR01164,TIGR01169,TIGR01171,TIGR01302,TIGR01391,TIGR01393,TIGR01394,TIGR01510,TIGR01632,TIGR01951,TIGR01953,TIGR02012,TIGR02013,TIGR02027,TIGR02075,TIGR02191,TIGR02273,TIGR02350,TIGR02386,TIGR02397,TIGR02432,TIGR02729,TIGR03263,TIGR03594,TIGR03625,TIGR03632,TIGR03654,TIGR03723,TIGR03725,TIGR03953	TIGR00086,TIGR00382,TIGR00928		TIGR00810,TIGR00964
GCF_049805665.1_genome	116	2	0	2	PF00380.20,PF00410.20,PF00466.21,PF01025.20,PF02576.18,PF03726.15,TIGR00006,TIGR00019,TIGR00020,TIGR00029,TIGR00043,TIGR00054,TIGR00059,TIGR00061,TIGR00064,TIGR00065,TIGR00082,TIGR00083,TIGR00084,TIGR00086,TIGR00088,TIGR00090,TIGR00092,TIGR00095,TIGR00115,TIGR00116,TIGR00138,TIGR00158,TIGR00166,TIGR00168,TIGR00186,TIGR00194,TIGR00250,TIGR00337,TIGR00344,TIGR00362,TIGR00392,TIGR00396,TIGR00398,TIGR00414,TIGR00416,TIGR00420,TIGR00431,TIGR00435,TIGR00436,TIGR00442,TIGR00445,TIGR00456,TIGR00459,TIGR00460,TIGR00468,TIGR00472,TIGR00487,TIGR00496,TIGR00539,TIGR00580,TIGR00593,TIGR00615,TIGR00631,TIGR00634,TIGR00635,TIGR00643,TIGR00663,TIGR00717,TIGR00755,TIGR00922,TIGR00959,TIGR00963,TIGR00967,TIGR01009,TIGR01011,TIGR01017,TIGR01021,TIGR01029,TIGR01032,TIGR01039,TIGR01044,TIGR01059,TIGR01063,TIGR01066,TIGR01071,TIGR01079,TIGR01082,TIGR01087,TIGR01128,TIGR01146,TIGR01164,TIGR01169,TIGR01171,TIGR01302,TIGR01391,TIGR01393,TIGR01394,TIGR01510,TIGR01632,TIGR01951,TIGR01953,TIGR02012,TIGR02013,TIGR02027,TIGR02075,TIGR02191,TIGR02273,TIGR02350,TIGR02386,TIGR02397,TIGR02432,TIGR02729,TIGR03263,TIGR03594,TIGR03625,TIGR03632,TIGR03654,TIGR03723,TIGR03725,TIGR03953	TIGR00382,TIGR00928		TIGR00810,TIGR00964
GCF_049806135.1_genome	116	2	0	2	PF00380.20,PF00410.20,PF00466.21,PF01025.20,PF02576.18,PF03726.15,TIGR00006,TIGR00019,TIGR00020,TIGR00029,TIGR00043,TIGR00054,TIGR00059,TIGR00061,TIGR00064,TIGR00065,TIGR00082,TIGR00083,TIGR00084,TIGR00086,TIGR00088,TIGR00090,TIGR00092,TIGR00095,TIGR00115,TIGR00116,TIGR00138,TIGR00158,TIGR00166,TIGR00168,TIGR00186,TIGR00194,TIGR00250,TIGR00337,TIGR00344,TIGR00362,TIGR00392,TIGR00396,TIGR00398,TIGR00414,TIGR00416,TIGR00420,TIGR00431,TIGR00435,TIGR00436,TIGR00442,TIGR00445,TIGR00456,TIGR00459,TIGR00468,TIGR00472,TIGR00487,TIGR00496,TIGR00539,TIGR00580,TIGR00593,TIGR00615,TIGR00631,TIGR00634,TIGR00635,TIGR00643,TIGR00663,TIGR00717,TIGR00755,TIGR00922,TIGR00959,TIGR00963,TIGR00964,TIGR00967,TIGR01009,TIGR01011,TIGR01017,TIGR01021,TIGR01029,TIGR01032,TIGR01039,TIGR01044,TIGR01059,TIGR01063,TIGR01066,TIGR01071,TIGR01079,TIGR01082,TIGR01087,TIGR01128,TIGR01146,TIGR01164,TIGR01169,TIGR01171,TIGR01302,TIGR01391,TIGR01393,TIGR01394,TIGR01510,TIGR01632,TIGR01951,TIGR01953,TIGR02012,TIGR02013,TIGR02027,TIGR02075,TIGR02191,TIGR02273,TIGR02350,TIGR02386,TIGR02397,TIGR02432,TIGR02729,TIGR03263,TIGR03594,TIGR03625,TIGR03632,TIGR03654,TIGR03723,TIGR03725,TIGR03953	TIGR00382,TIGR00928		TIGR00460,TIGR00810
GCF_049806175.1_genome	115	2	0	3	PF00380.20,PF00410.20,PF00466.21,PF01025.20,PF02576.18,PF03726.15,TIGR00006,TIGR00019,TIGR00020,TIGR00029,TIGR00043,TIGR00054,TIGR00059,TIGR00061,TIGR00064,TIGR00065,TIGR00082,TIGR00083,TIGR00084,TIGR00086,TIGR00088,TIGR00090,TIGR00092,TIGR00095,TIGR00115,TIGR00116,TIGR00138,TIGR00158,TIGR00166,TIGR00168,TIGR00186,TIGR00194,TIGR00250,TIGR00337,TIGR00344,TIGR00362,TIGR00392,TIGR00396,TIGR00398,TIGR00414,TIGR00416,TIGR00420,TIGR00431,TIGR00435,TIGR00436,TIGR00442,TIGR00445,TIGR00456,TIGR00459,TIGR00468,TIGR00472,TIGR00487,TIGR00496,TIGR00539,TIGR00580,TIGR00593,TIGR00615,TIGR00631,TIGR00634,TIGR00635,TIGR00643,TIGR00663,TIGR00717,TIGR00755,TIGR00922,TIGR00959,TIGR00963,TIGR00967,TIGR01009,TIGR01011,TIGR01017,TIGR01021,TIGR01029,TIGR01032,TIGR01039,TIGR01044,TIGR01059,TIGR01063,TIGR01066,TIGR01071,TIGR01079,TIGR01082,TIGR01087,TIGR01128,TIGR01146,TIGR01164,TIGR01169,TIGR01171,TIGR01302,TIGR01391,TIGR01393,TIGR01394,TIGR01510,TIGR01632,TIGR01951,TIGR01953,TIGR02012,TIGR02013,TIGR02027,TIGR02075,TIGR02191,TIGR02273,TIGR02350,TIGR02386,TIGR02397,TIGR02432,TIGR02729,TIGR03263,TIGR03594,TIGR03625,TIGR03632,TIGR03654,TIGR03723,TIGR03725,TIGR03953	TIGR00382,TIGR00928		TIGR00460,TIGR00810,TIGR00964
GCF_049806295.1_genome	116	2	0	2	PF00380.20,PF00410.20,PF00466.21,PF01025.20,PF02576.18,PF03726.15,TIGR00006,TIGR00019,TIGR00020,TIGR00029,TIGR00043,TIGR00054,TIGR00059,TIGR00061,TIGR00064,TIGR00065,TIGR00082,TIGR00083,TIGR00084,TIGR00086,TIGR00088,TIGR00090,TIGR00092,TIGR00095,TIGR00115,TIGR00116,TIGR00138,TIGR00158,TIGR00166,TIGR00168,TIGR00186,TIGR00194,TIGR00250,TIGR00337,TIGR00344,TIGR00362,TIGR00392,TIGR00396,TIGR00398,TIGR00414,TIGR00416,TIGR00420,TIGR00431,TIGR00435,TIGR00436,TIGR00442,TIGR00445,TIGR00456,TIGR00459,TIGR00460,TIGR00468,TIGR00472,TIGR00487,TIGR00496,TIGR00539,TIGR00580,TIGR00593,TIGR00615,TIGR00631,TIGR00634,TIGR00635,TIGR00643,TIGR00663,TIGR00717,TIGR00755,TIGR00922,TIGR00959,TIGR00963,TIGR00967,TIGR01009,TIGR01011,TIGR01017,TIGR01021,TIGR01029,TIGR01032,TIGR01039,TIGR01044,TIGR01059,TIGR01063,TIGR01066,TIGR01071,TIGR01079,TIGR01082,TIGR01087,TIGR01128,TIGR01146,TIGR01164,TIGR01169,TIGR01171,TIGR01302,TIGR01391,TIGR01393,TIGR01394,TIGR01510,TIGR01632,TIGR01951,TIGR01953,TIGR02012,TIGR02013,TIGR02027,TIGR02075,TIGR02191,TIGR02273,TIGR02350,TIGR02386,TIGR02397,TIGR02432,TIGR02729,TIGR03263,TIGR03594,TIGR03625,TIGR03632,TIGR03654,TIGR03723,TIGR03725,TIGR03953	TIGR00382,TIGR00928		TIGR00810,TIGR00964
GCF_049806555.1_genome	116	2	0	2	PF00380.20,PF00410.20,PF00466.21,PF01025.20,PF02576.18,PF03726.15,TIGR00006,TIGR00019,TIGR00020,TIGR00029,TIGR00043,TIGR00054,TIGR00059,TIGR00061,TIGR00064,TIGR00065,TIGR00082,TIGR00083,TIGR00084,TIGR00086,TIGR00088,TIGR00090,TIGR00092,TIGR00095,TIGR00115,TIGR00116,TIGR00138,TIGR00158,TIGR00166,TIGR00168,TIGR00186,TIGR00194,TIGR00250,TIGR00337,TIGR00344,TIGR00362,TIGR00392,TIGR00396,TIGR00398,TIGR00414,TIGR00416,TIGR00420,TIGR00431,TIGR00435,TIGR00436,TIGR00442,TIGR00445,TIGR00456,TIGR00459,TIGR00460,TIGR00468,TIGR00472,TIGR00487,TIGR00496,TIGR00539,TIGR00580,TIGR00593,TIGR00615,TIGR00631,TIGR00634,TIGR00635,TIGR00643,TIGR00663,TIGR00717,TIGR00755,TIGR00922,TIGR00959,TIGR00963,TIGR00967,TIGR01009,TIGR01011,TIGR01017,TIGR01021,TIGR01029,TIGR01032,TIGR01039,TIGR01044,TIGR01059,TIGR01063,TIGR01066,TIGR01071,TIGR01079,TIGR01082,TIGR01087,TIGR01128,TIGR01146,TIGR01164,TIGR01169,TIGR01171,TIGR01302,TIGR01391,TIGR01393,TIGR01394,TIGR01510,TIGR01632,TIGR01951,TIGR01953,TIGR02012,TIGR02013,TIGR02027,TIGR02075,TIGR02191,TIGR02273,TIGR02350,TIGR02386,TIGR02397,TIGR02432,TIGR02729,TIGR03263,TIGR03594,TIGR03625,TIGR03632,TIGR03654,TIGR03723,TIGR03725,TIGR03953	TIGR00382,TIGR00928		TIGR00810,TIGR00964
GCF_049806635.1_genome	116	2	0	2	PF00380.20,PF00410.20,PF00466.21,PF01025.20,PF02576.18,PF03726.15,TIGR00006,TIGR00019,TIGR00020,TIGR00029,TIGR00043,TIGR00054,TIGR00059,TIGR00061,TIGR00064,TIGR00065,TIGR00082,TIGR00083,TIGR00084,TIGR00086,TIGR00088,TIGR00090,TIGR00092,TIGR00095,TIGR00115,TIGR00116,TIGR00138,TIGR00158,TIGR00166,TIGR00168,TIGR00186,TIGR00194,TIGR00250,TIGR00337,TIGR00344,TIGR00362,TIGR00392,TIGR00396,TIGR00398,TIGR00414,TIGR00416,TIGR00420,TIGR00431,TIGR00435,TIGR00436,TIGR00442,TIGR00445,TIGR00456,TIGR00459,TIGR00460,TIGR00468,TIGR00472,TIGR00487,TIGR00496,TIGR00539,TIGR00580,TIGR00593,TIGR00615,TIGR00631,TIGR00634,TIGR00635,TIGR00643,TIGR00663,TIGR00717,TIGR00755,TIGR00922,TIGR00959,TIGR00963,TIGR00967,TIGR01009,TIGR01011,TIGR01017,TIGR01021,TIGR01029,TIGR01032,TIGR01039,TIGR01044,TIGR01059,TIGR01063,TIGR01066,TIGR01071,TIGR01079,TIGR01082,TIGR01087,TIGR01128,TIGR01146,TIGR01164,TIGR01169,TIGR01171,TIGR01302,TIGR01391,TIGR01393,TIGR01394,TIGR01510,TIGR01632,TIGR01951,TIGR01953,TIGR02012,TIGR02013,TIGR02027,TIGR02075,TIGR02191,TIGR02273,TIGR02350,TIGR02386,TIGR02397,TIGR02432,TIGR02729,TIGR03263,TIGR03594,TIGR03625,TIGR03632,TIGR03654,TIGR03723,TIGR03725,TIGR03953	TIGR00382,TIGR00928		TIGR00810,TIGR00964
GCF_049806695.1_genome	116	2	0	2	PF00380.20,PF00410.20,PF00466.21,PF01025.20,PF02576.18,PF03726.15,TIGR00006,TIGR00019,TIGR00020,TIGR00029,TIGR00043,TIGR00054,TIGR00059,TIGR00061,TIGR00064,TIGR00065,TIGR00082,TIGR00083,TIGR00084,TIGR00086,TIGR00088,TIGR00090,TIGR00092,TIGR00095,TIGR00115,TIGR00116,TIGR00138,TIGR00158,TIGR00166,TIGR00168,TIGR00186,TIGR00194,TIGR00250,TIGR00337,TIGR00344,TIGR00362,TIGR00392,TIGR00396,TIGR00398,TIGR00414,TIGR00416,TIGR00420,TIGR00431,TIGR00435,TIGR00436,TIGR00442,TIGR00445,TIGR00456,TIGR00459,TIGR00460,TIGR00468,TIGR00472,TIGR00487,TIGR00496,TIGR00539,TIGR00580,TIGR00593,TIGR00615,TIGR00631,TIGR00634,TIGR00635,TIGR00643,TIGR00663,TIGR00717,TIGR00755,TIGR00922,TIGR00959,TIGR00963,TIGR00967,TIGR01009,TIGR01011,TIGR01017,TIGR01021,TIGR01029,TIGR01032,TIGR01039,TIGR01044,TIGR01059,TIGR01063,TIGR01066,TIGR01071,TIGR01079,TIGR01082,TIGR01087,TIGR01128,TIGR01146,TIGR01164,TIGR01169,TIGR01171,TIGR01302,TIGR01391,TIGR01393,TIGR01394,TIGR01510,TIGR01632,TIGR01951,TIGR01953,TIGR02012,TIGR02013,TIGR02027,TIGR02075,TIGR02191,TIGR02273,TIGR02350,TIGR02386,TIGR02397,TIGR02432,TIGR02729,TIGR03263,TIGR03594,TIGR03625,TIGR03632,TIGR03654,TIGR03723,TIGR03725,TIGR03953	TIGR00382,TIGR00928		TIGR00810,TIGR00964
GCF_049806715.1_genome	115	2	0	3	PF00380.20,PF00410.20,PF00466.21,PF01025.20,PF02576.18,PF03726.15,TIGR00006,TIGR00019,TIGR00020,TIGR00029,TIGR00043,TIGR00054,TIGR00059,TIGR00061,TIGR00064,TIGR00065,TIGR00082,TIGR00083,TIGR00084,TIGR00086,TIGR00088,TIGR00090,TIGR00092,TIGR00095,TIGR00115,TIGR00116,TIGR00138,TIGR00158,TIGR00166,TIGR00168,TIGR00186,TIGR00194,TIGR00250,TIGR00337,TIGR00344,TIGR00362,TIGR00392,TIGR00396,TIGR00398,TIGR00414,TIGR00416,TIGR00420,TIGR00431,TIGR00435,TIGR00436,TIGR00442,TIGR00445,TIGR00456,TIGR00459,TIGR00468,TIGR00472,TIGR00487,TIGR00496,TIGR00539,TIGR00580,TIGR00593,TIGR00615,TIGR00631,TIGR00634,TIGR00635,TIGR00643,TIGR00663,TIGR00717,TIGR00755,TIGR00922,TIGR00959,TIGR00963,TIGR00967,TIGR01009,TIGR01011,TIGR01017,TIGR01021,TIGR01029,TIGR01032,TIGR01039,TIGR01044,TIGR01059,TIGR01063,TIGR01066,TIGR01071,TIGR01079,TIGR01082,TIGR01087,TIGR01128,TIGR01146,TIGR01164,TIGR01169,TIGR01171,TIGR01302,TIGR01391,TIGR01393,TIGR01394,TIGR01510,TIGR01632,TIGR01951,TIGR01953,TIGR02012,TIGR02013,TIGR02027,TIGR02075,TIGR02191,TIGR02273,TIGR02350,TIGR02386,TIGR02397,TIGR02432,TIGR02729,TIGR03263,TIGR03594,TIGR03625,TIGR03632,TIGR03654,TIGR03723,TIGR03725,TIGR03953	TIGR00382,TIGR00928		TIGR00460,TIGR00810,TIGR00964
GCF_049806735.1_genome	115	3	0	2	PF00380.20,PF00410.20,PF00466.21,PF01025.20,PF02576.18,PF03726.15,TIGR00006,TIGR00019,TIGR00020,TIGR00029,TIGR00043,TIGR00054,TIGR00059,TIGR00061,TIGR00064,TIGR00065,TIGR00082,TIGR00083,TIGR00084,TIGR00086,TIGR00088,TIGR00090,TIGR00092,TIGR00095,TIGR00115,TIGR00116,TIGR00138,TIGR00158,TIGR00166,TIGR00168,TIGR00186,TIGR00194,TIGR00250,TIGR00337,TIGR00344,TIGR00362,TIGR00392,TIGR00396,TIGR00398,TIGR00414,TIGR00416,TIGR00420,TIGR00431,TIGR00435,TIGR00436,TIGR00442,TIGR00445,TIGR00456,TIGR00459,TIGR00460,TIGR00468,TIGR00472,TIGR00487,TIGR00496,TIGR00539,TIGR00580,TIGR00593,TIGR00615,TIGR00631,TIGR00634,TIGR00635,TIGR00643,TIGR00663,TIGR00717,TIGR00755,TIGR00922,TIGR00959,TIGR00963,TIGR00967,TIGR01009,TIGR01011,TIGR01017,TIGR01021,TIGR01029,TIGR01032,TIGR01039,TIGR01044,TIGR01059,TIGR01063,TIGR01066,TIGR01071,TIGR01079,TIGR01082,TIGR01087,TIGR01128,TIGR01146,TIGR01164,TIGR01169,TIGR01171,TIGR01302,TIGR01391,TIGR01393,TIGR01394,TIGR01510,TIGR01632,TIGR01951,TIGR01953,TIGR02013,TIGR02027,TIGR02075,TIGR02191,TIGR02273,TIGR02350,TIGR02386,TIGR02397,TIGR02432,TIGR02729,TIGR03263,TIGR03594,TIGR03625,TIGR03632,TIGR03654,TIGR03723,TIGR03725,TIGR03953	TIGR00382,TIGR00928,TIGR02012		TIGR00810,TIGR00964
GCF_049806755.1_genome	116	2	0	2	PF00380.20,PF00410.20,PF00466.21,PF01025.20,PF02576.18,PF03726.15,TIGR00006,TIGR00019,TIGR00020,TIGR00029,TIGR00043,TIGR00054,TIGR00059,TIGR00061,TIGR00064,TIGR00065,TIGR00082,TIGR00083,TIGR00084,TIGR00086,TIGR00088,TIGR00090,TIGR00092,TIGR00095,TIGR00115,TIGR00116,TIGR00138,TIGR00158,TIGR00166,TIGR00168,TIGR00186,TIGR00194,TIGR00250,TIGR00337,TIGR00344,TIGR00362,TIGR00392,TIGR00396,TIGR00398,TIGR00414,TIGR00416,TIGR00420,TIGR00431,TIGR00435,TIGR00436,TIGR00442,TIGR00445,TIGR00456,TIGR00459,TIGR00460,TIGR00468,TIGR00472,TIGR00487,TIGR00496,TIGR00539,TIGR00580,TIGR00593,TIGR00615,TIGR00631,TIGR00634,TIGR00635,TIGR00643,TIGR00663,TIGR00717,TIGR00755,TIGR00922,TIGR00959,TIGR00963,TIGR00967,TIGR01009,TIGR01011,TIGR01017,TIGR01021,TIGR01029,TIGR01032,TIGR01039,TIGR01044,TIGR01059,TIGR01063,TIGR01066,TIGR01071,TIGR01079,TIGR01082,TIGR01087,TIGR01128,TIGR01146,TIGR01164,TIGR01169,TIGR01171,TIGR01302,TIGR01391,TIGR01393,TIGR01394,TIGR01510,TIGR01632,TIGR01951,TIGR01953,TIGR02012,TIGR02013,TIGR02027,TIGR02075,TIGR02191,TIGR02273,TIGR02350,TIGR02386,TIGR02397,TIGR02432,TIGR02729,TIGR03263,TIGR03594,TIGR03625,TIGR03632,TIGR03654,TIGR03723,TIGR03725,TIGR03953	TIGR00382,TIGR00928		TIGR00810,TIGR00964
GCF_049806775.1_genome	116	2	0	2	PF00380.20,PF00410.20,PF00466.21,PF01025.20,PF02576.18,PF03726.15,TIGR00006,TIGR00019,TIGR00020,TIGR00029,TIGR00043,TIGR00054,TIGR00059,TIGR00061,TIGR00064,TIGR00065,TIGR00082,TIGR00083,TIGR00084,TIGR00086,TIGR00088,TIGR00090,TIGR00092,TIGR00095,TIGR00115,TIGR00116,TIGR00138,TIGR00158,TIGR00166,TIGR00168,TIGR00186,TIGR00194,TIGR00250,TIGR00337,TIGR00344,TIGR00362,TIGR00392,TIGR00396,TIGR00398,TIGR00414,TIGR00416,TIGR00420,TIGR00431,TIGR00435,TIGR00436,TIGR00442,TIGR00445,TIGR00456,TIGR00459,TIGR00460,TIGR00468,TIGR00472,TIGR00487,TIGR00496,TIGR00539,TIGR00580,TIGR00593,TIGR00615,TIGR00631,TIGR00634,TIGR00635,TIGR00643,TIGR00663,TIGR00717,TIGR00755,TIGR00922,TIGR00959,TIGR00963,TIGR00967,TIGR01009,TIGR01011,TIGR01017,TIGR01021,TIGR01029,TIGR01032,TIGR01039,TIGR01044,TIGR01059,TIGR01063,TIGR01066,TIGR01071,TIGR01079,TIGR01082,TIGR01087,TIGR01128,TIGR01146,TIGR01164,TIGR01169,TIGR01171,TIGR01302,TIGR01391,TIGR01393,TIGR01394,TIGR01510,TIGR01632,TIGR01951,TIGR01953,TIGR02012,TIGR02013,TIGR02027,TIGR02075,TIGR02191,TIGR02273,TIGR02350,TIGR02386,TIGR02397,TIGR02432,TIGR02729,TIGR03263,TIGR03594,TIGR03625,TIGR03632,TIGR03654,TIGR03723,TIGR03725,TIGR03953	TIGR00382,TIGR00928		TIGR00810,TIGR00964
GCF_049806795.1_genome	115	2	0	3	PF00380.20,PF00410.20,PF00466.21,PF01025.20,PF02576.18,PF03726.15,TIGR00006,TIGR00019,TIGR00020,TIGR00029,TIGR00043,TIGR00054,TIGR00059,TIGR00061,TIGR00064,TIGR00065,TIGR00082,TIGR00083,TIGR00084,TIGR00086,TIGR00088,TIGR00090,TIGR00092,TIGR00095,TIGR00115,TIGR00116,TIGR00138,TIGR00158,TIGR00166,TIGR00168,TIGR00186,TIGR00194,TIGR00250,TIGR00337,TIGR00344,TIGR00362,TIGR00392,TIGR00396,TIGR00398,TIGR00414,TIGR00416,TIGR00420,TIGR00431,TIGR00435,TIGR00436,TIGR00442,TIGR00445,TIGR00456,TIGR00459,TIGR00468,TIGR00472,TIGR00487,TIGR00496,TIGR00539,TIGR00580,TIGR00593,TIGR00615,TIGR00631,TIGR00634,TIGR00635,TIGR00643,TIGR00663,TIGR00717,TIGR00755,TIGR00922,TIGR00959,TIGR00963,TIGR00967,TIGR01009,TIGR01011,TIGR01017,TIGR01021,TIGR01029,TIGR01032,TIGR01039,TIGR01044,TIGR01059,TIGR01063,TIGR01066,TIGR01071,TIGR01079,TIGR01082,TIGR01087,TIGR01128,TIGR01146,TIGR01164,TIGR01169,TIGR01171,TIGR01302,TIGR01391,TIGR01393,TIGR01394,TIGR01510,TIGR01632,TIGR01951,TIGR01953,TIGR02012,TIGR02013,TIGR02027,TIGR02075,TIGR02191,TIGR02273,TIGR02350,TIGR02386,TIGR02397,TIGR02432,TIGR02729,TIGR03263,TIGR03594,TIGR03625,TIGR03632,TIGR03654,TIGR03723,TIGR03725,TIGR03953	TIGR00382,TIGR00928		TIGR00460,TIGR00810,TIGR00964
GCF_049806815.1_genome	116	2	0	2	PF00380.20,PF00410.20,PF00466.21,PF01025.20,PF02576.18,PF03726.15,TIGR00006,TIGR00019,TIGR00020,TIGR00029,TIGR00043,TIGR00054,TIGR00059,TIGR00061,TIGR00064,TIGR00065,TIGR00082,TIGR00083,TIGR00084,TIGR00086,TIGR00088,TIGR00090,TIGR00092,TIGR00095,TIGR00115,TIGR00116,TIGR00138,TIGR00158,TIGR00166,TIGR00168,TIGR00186,TIGR00194,TIGR00250,TIGR00337,TIGR00344,TIGR00362,TIGR00392,TIGR00396,TIGR00398,TIGR00414,TIGR00416,TIGR00420,TIGR00431,TIGR00435,TIGR00436,TIGR00442,TIGR00445,TIGR00456,TIGR00459,TIGR00460,TIGR00468,TIGR00472,TIGR00487,TIGR00496,TIGR00539,TIGR00580,TIGR00593,TIGR00615,TIGR00631,TIGR00634,TIGR00635,TIGR00643,TIGR00663,TIGR00717,TIGR00755,TIGR00922,TIGR00959,TIGR00963,TIGR00967,TIGR01009,TIGR01011,TIGR01017,TIGR01021,TIGR01029,TIGR01032,TIGR01039,TIGR01044,TIGR01059,TIGR01063,TIGR01066,TIGR01071,TIGR01079,TIGR01082,TIGR01087,TIGR01128,TIGR01146,TIGR01164,TIGR01169,TIGR01171,TIGR01302,TIGR01391,TIGR01393,TIGR01394,TIGR01510,TIGR01632,TIGR01951,TIGR01953,TIGR02012,TIGR02013,TIGR02027,TIGR02075,TIGR02191,TIGR02273,TIGR02350,TIGR02386,TIGR02397,TIGR02432,TIGR02729,TIGR03263,TIGR03594,TIGR03625,TIGR03632,TIGR03654,TIGR03723,TIGR03725,TIGR03953	TIGR00382,TIGR00928		TIGR00810,TIGR00964
GCF_049806835.1_genome	115	3	0	2	PF00380.20,PF00410.20,PF00466.21,PF01025.20,PF02576.18,PF03726.15,TIGR00006,TIGR00019,TIGR00020,TIGR00029,TIGR00043,TIGR00054,TIGR00059,TIGR00061,TIGR00064,TIGR00065,TIGR00082,TIGR00083,TIGR00084,TIGR00086,TIGR00088,TIGR00090,TIGR00092,TIGR00095,TIGR00115,TIGR00116,TIGR00138,TIGR00158,TIGR00168,TIGR00186,TIGR00194,TIGR00250,TIGR00337,TIGR00344,TIGR00362,TIGR00392,TIGR00396,TIGR00398,TIGR00414,TIGR00416,TIGR00420,TIGR00431,TIGR00435,TIGR00436,TIGR00442,TIGR00445,TIGR00456,TIGR00459,TIGR00460,TIGR00468,TIGR00472,TIGR00487,TIGR00496,TIGR00539,TIGR00580,TIGR00593,TIGR00615,TIGR00631,TIGR00634,TIGR00635,TIGR00643,TIGR00663,TIGR00717,TIGR00755,TIGR00922,TIGR00959,TIGR00963,TIGR00967,TIGR01009,TIGR01011,TIGR01017,TIGR01021,TIGR01029,TIGR01032,TIGR01039,TIGR01044,TIGR01059,TIGR01063,TIGR01066,TIGR01071,TIGR01079,TIGR01082,TIGR01087,TIGR01128,TIGR01146,TIGR01164,TIGR01169,TIGR01171,TIGR01302,TIGR01391,TIGR01393,TIGR01394,TIGR01510,TIGR01632,TIGR01951,TIGR01953,TIGR02012,TIGR02013,TIGR02027,TIGR02075,TIGR02191,TIGR02273,TIGR02350,TIGR02386,TIGR02397,TIGR02432,TIGR02729,TIGR03263,TIGR03594,TIGR03625,TIGR03632,TIGR03654,TIGR03723,TIGR03725,TIGR03953	TIGR00166,TIGR00382,TIGR00928		TIGR00810,TIGR00964
GCF_049806855.1_genome	116	2	0	2	PF00380.20,PF00410.20,PF00466.21,PF01025.20,PF02576.18,PF03726.15,TIGR00006,TIGR00019,TIGR00020,TIGR00029,TIGR00043,TIGR00054,TIGR00059,TIGR00061,TIGR00064,TIGR00065,TIGR00082,TIGR00083,TIGR00084,TIGR00086,TIGR00088,TIGR00090,TIGR00092,TIGR00095,TIGR00115,TIGR00116,TIGR00138,TIGR00158,TIGR00166,TIGR00168,TIGR00186,TIGR00194,TIGR00250,TIGR00337,TIGR00344,TIGR00362,TIGR00392,TIGR00396,TIGR00398,TIGR00414,TIGR00416,TIGR00420,TIGR00431,TIGR00435,TIGR00436,TIGR00442,TIGR00445,TIGR00456,TIGR00459,TIGR00460,TIGR00468,TIGR00472,TIGR00487,TIGR00496,TIGR00539,TIGR00580,TIGR00593,TIGR00615,TIGR00631,TIGR00634,TIGR00635,TIGR00643,TIGR00663,TIGR00717,TIGR00755,TIGR00922,TIGR00959,TIGR00963,TIGR00967,TIGR01009,TIGR01011,TIGR01017,TIGR01021,TIGR01029,TIGR01032,TIGR01039,TIGR01044,TIGR01059,TIGR01063,TIGR01066,TIGR01071,TIGR01079,TIGR01082,TIGR01087,TIGR01128,TIGR01146,TIGR01164,TIGR01169,TIGR01171,TIGR01302,TIGR01391,TIGR01393,TIGR01394,TIGR01510,TIGR01632,TIGR01951,TIGR01953,TIGR02012,TIGR02013,TIGR02027,TIGR02075,TIGR02191,TIGR02273,TIGR02350,TIGR02386,TIGR02397,TIGR02432,TIGR02729,TIGR03263,TIGR03594,TIGR03625,TIGR03632,TIGR03654,TIGR03723,TIGR03725,TIGR03953	TIGR00382,TIGR00928		TIGR00810,TIGR00964
GCF_049806895.1_genome	114	4	0	2	PF00380.20,PF00410.20,PF00466.21,PF01025.20,PF02576.18,PF03726.15,TIGR00006,TIGR00019,TIGR00020,TIGR00029,TIGR00043,TIGR00054,TIGR00059,TIGR00061,TIGR00064,TIGR00065,TIGR00082,TIGR00083,TIGR00084,TIGR00086,TIGR00088,TIGR00090,TIGR00092,TIGR00095,TIGR00115,TIGR00116,TIGR00138,TIGR00158,TIGR00166,TIGR00168,TIGR00186,TIGR00194,TIGR00250,TIGR00337,TIGR00344,TIGR00362,TIGR00392,TIGR00396,TIGR00398,TIGR00414,TIGR00416,TIGR00420,TIGR00435,TIGR00436,TIGR00442,TIGR00445,TIGR00456,TIGR00459,TIGR00460,TIGR00468,TIGR00472,TIGR00487,TIGR00496,TIGR00539,TIGR00580,TIGR00593,TIGR00615,TIGR00631,TIGR00634,TIGR00635,TIGR00643,TIGR00663,TIGR00717,TIGR00755,TIGR00922,TIGR00959,TIGR00963,TIGR00967,TIGR01009,TIGR01011,TIGR01017,TIGR01021,TIGR01029,TIGR01032,TIGR01039,TIGR01044,TIGR01059,TIGR01063,TIGR01066,TIGR01071,TIGR01079,TIGR01082,TIGR01087,TIGR01128,TIGR01146,TIGR01169,TIGR01171,TIGR01302,TIGR01391,TIGR01393,TIGR01394,TIGR01510,TIGR01632,TIGR01951,TIGR01953,TIGR02012,TIGR02013,TIGR02027,TIGR02075,TIGR02191,TIGR02273,TIGR02350,TIGR02386,TIGR02397,TIGR02432,TIGR02729,TIGR03263,TIGR03594,TIGR03625,TIGR03632,TIGR03654,TIGR03723,TIGR03725,TIGR03953	TIGR00382,TIGR00431,TIGR00928,TIGR01164		TIGR00810,TIGR00964
GCF_049806915.1_genome	116	2	0	2	PF00380.20,PF00410.20,PF00466.21,PF01025.20,PF02576.18,PF03726.15,TIGR00006,TIGR00019,TIGR00020,TIGR00029,TIGR00043,TIGR00054,TIGR00059,TIGR00061,TIGR00064,TIGR00065,TIGR00082,TIGR00083,TIGR00084,TIGR00086,TIGR00088,TIGR00090,TIGR00092,TIGR00095,TIGR00115,TIGR00116,TIGR00138,TIGR00158,TIGR00166,TIGR00168,TIGR00186,TIGR00194,TIGR00250,TIGR00337,TIGR00344,TIGR00362,TIGR00392,TIGR00396,TIGR00398,TIGR00414,TIGR00416,TIGR00420,TIGR00431,TIGR00435,TIGR00436,TIGR00442,TIGR00445,TIGR00456,TIGR00459,TIGR00460,TIGR00468,TIGR00472,TIGR00487,TIGR00496,TIGR00539,TIGR00580,TIGR00593,TIGR00615,TIGR00631,TIGR00634,TIGR00635,TIGR00643,TIGR00663,TIGR00717,TIGR00755,TIGR00922,TIGR00959,TIGR00963,TIGR00967,TIGR01009,TIGR01011,TIGR01017,TIGR01021,TIGR01029,TIGR01032,TIGR01039,TIGR01044,TIGR01059,TIGR01063,TIGR01066,TIGR01071,TIGR01079,TIGR01082,TIGR01087,TIGR01128,TIGR01146,TIGR01164,TIGR01169,TIGR01171,TIGR01302,TIGR01391,TIGR01393,TIGR01394,TIGR01510,TIGR01632,TIGR01951,TIGR01953,TIGR02012,TIGR02013,TIGR02027,TIGR02075,TIGR02191,TIGR02273,TIGR02350,TIGR02386,TIGR02397,TIGR02432,TIGR02729,TIGR03263,TIGR03594,TIGR03625,TIGR03632,TIGR03654,TIGR03723,TIGR03725,TIGR03953	TIGR00382,TIGR00928		TIGR00810,TIGR00964
GCF_049806935.1_genome	115	3	0	2	PF00380.20,PF00410.20,PF00466.21,PF01025.20,PF02576.18,PF03726.15,TIGR00006,TIGR00019,TIGR00020,TIGR00029,TIGR00043,TIGR00059,TIGR00061,TIGR00064,TIGR00065,TIGR00082,TIGR00083,TIGR00084,TIGR00086,TIGR00088,TIGR00090,TIGR00092,TIGR00095,TIGR00115,TIGR00116,TIGR00138,TIGR00158,TIGR00166,TIGR00168,TIGR00186,TIGR00194,TIGR00250,TIGR00337,TIGR00344,TIGR00362,TIGR00392,TIGR00396,TIGR00398,TIGR00414,TIGR00416,TIGR00420,TIGR00431,TIGR00435,TIGR00436,TIGR00442,TIGR00445,TIGR00456,TIGR00459,TIGR00460,TIGR00468,TIGR00472,TIGR00487,TIGR00496,TIGR00539,TIGR00580,TIGR00593,TIGR00615,TIGR00631,TIGR00634,TIGR00635,TIGR00643,TIGR00663,TIGR00717,TIGR00755,TIGR00922,TIGR00959,TIGR00963,TIGR00967,TIGR01009,TIGR01011,TIGR01017,TIGR01021,TIGR01029,TIGR01032,TIGR01039,TIGR01044,TIGR01059,TIGR01063,TIGR01066,TIGR01071,TIGR01079,TIGR01082,TIGR01087,TIGR01128,TIGR01146,TIGR01164,TIGR01169,TIGR01171,TIGR01302,TIGR01391,TIGR01393,TIGR01394,TIGR01510,TIGR01632,TIGR01951,TIGR01953,TIGR02012,TIGR02013,TIGR02027,TIGR02075,TIGR02191,TIGR02273,TIGR02350,TIGR02386,TIGR02397,TIGR02432,TIGR02729,TIGR03263,TIGR03594,TIGR03625,TIGR03632,TIGR03654,TIGR03723,TIGR03725,TIGR03953	TIGR00054,TIGR00382,TIGR00928		TIGR00810,TIGR00964
GCF_049806975.1_genome	116	2	0	2	PF00380.20,PF00410.20,PF00466.21,PF01025.20,PF02576.18,PF03726.15,TIGR00006,TIGR00019,TIGR00020,TIGR00029,TIGR00043,TIGR00054,TIGR00059,TIGR00061,TIGR00064,TIGR00065,TIGR00082,TIGR00083,TIGR00084,TIGR00086,TIGR00088,TIGR00090,TIGR00092,TIGR00095,TIGR00115,TIGR00116,TIGR00138,TIGR00158,TIGR00166,TIGR00168,TIGR00186,TIGR00194,TIGR00250,TIGR00337,TIGR00344,TIGR00362,TIGR00392,TIGR00396,TIGR00398,TIGR00414,TIGR00416,TIGR00420,TIGR00431,TIGR00435,TIGR00436,TIGR00442,TIGR00445,TIGR00456,TIGR00459,TIGR00460,TIGR00468,TIGR00472,TIGR00487,TIGR00496,TIGR00539,TIGR00580,TIGR00593,TIGR00615,TIGR00631,TIGR00634,TIGR00635,TIGR00643,TIGR00663,TIGR00717,TIGR00755,TIGR00922,TIGR00959,TIGR00963,TIGR00967,TIGR01009,TIGR01011,TIGR01017,TIGR01021,TIGR01029,TIGR01032,TIGR01039,TIGR01044,TIGR01059,TIGR01063,TIGR01066,TIGR01071,TIGR01079,TIGR01082,TIGR01087,TIGR01128,TIGR01146,TIGR01164,TIGR01169,TIGR01171,TIGR01302,TIGR01391,TIGR01393,TIGR01394,TIGR01510,TIGR01632,TIGR01951,TIGR01953,TIGR02012,TIGR02013,TIGR02027,TIGR02075,TIGR02191,TIGR02273,TIGR02350,TIGR02386,TIGR02397,TIGR02432,TIGR02729,TIGR03263,TIGR03594,TIGR03625,TIGR03632,TIGR03654,TIGR03723,TIGR03725,TIGR03953	TIGR00382,TIGR00928		TIGR00810,TIGR00964
GCF_049806995.1_genome	116	2	0	2	PF00380.20,PF00410.20,PF00466.21,PF01025.20,PF02576.18,PF03726.15,TIGR00006,TIGR00019,TIGR00020,TIGR00029,TIGR00043,TIGR00054,TIGR00059,TIGR00061,TIGR00064,TIGR00065,TIGR00082,TIGR00083,TIGR00084,TIGR00086,TIGR00088,TIGR00090,TIGR00092,TIGR00095,TIGR00115,TIGR00116,TIGR00138,TIGR00158,TIGR00166,TIGR00168,TIGR00186,TIGR00194,TIGR00250,TIGR00337,TIGR00344,TIGR00362,TIGR00392,TIGR00396,TIGR00398,TIGR00414,TIGR00416,TIGR00420,TIGR00431,TIGR00435,TIGR00436,TIGR00442,TIGR00445,TIGR00456,TIGR00459,TIGR00460,TIGR00468,TIGR00472,TIGR00487,TIGR00496,TIGR00539,TIGR00580,TIGR00593,TIGR00615,TIGR00631,TIGR00634,TIGR00635,TIGR00643,TIGR00663,TIGR00717,TIGR00755,TIGR00922,TIGR00959,TIGR00963,TIGR00967,TIGR01009,TIGR01011,TIGR01017,TIGR01021,TIGR01029,TIGR01032,TIGR01039,TIGR01044,TIGR01059,TIGR01063,TIGR01066,TIGR01071,TIGR01079,TIGR01082,TIGR01087,TIGR01128,TIGR01146,TIGR01164,TIGR01169,TIGR01171,TIGR01302,TIGR01391,TIGR01393,TIGR01394,TIGR01510,TIGR01632,TIGR01951,TIGR01953,TIGR02012,TIGR02013,TIGR02027,TIGR02075,TIGR02191,TIGR02273,TIGR02350,TIGR02386,TIGR02397,TIGR02432,TIGR02729,TIGR03263,TIGR03594,TIGR03625,TIGR03632,TIGR03654,TIGR03723,TIGR03725,TIGR03953	TIGR00382,TIGR00928		TIGR00810,TIGR00964
GCF_049807015.1_genome	115	3	0	2	PF00380.20,PF00410.20,PF00466.21,PF01025.20,PF02576.18,PF03726.15,TIGR00006,TIGR00019,TIGR00020,TIGR00029,TIGR00043,TIGR00054,TIGR00059,TIGR00061,TIGR00064,TIGR00065,TIGR00082,TIGR00083,TIGR00084,TIGR00086,TIGR00088,TIGR00090,TIGR00092,TIGR00095,TIGR00115,TIGR00116,TIGR00138,TIGR00158,TIGR00166,TIGR00168,TIGR00186,TIGR00194,TIGR00250,TIGR00337,TIGR00344,TIGR00362,TIGR00392,TIGR00396,TIGR00398,TIGR00414,TIGR00416,TIGR00420,TIGR00431,TIGR00435,TIGR00436,TIGR00442,TIGR00445,TIGR00456,TIGR00459,TIGR00460,TIGR00468,TIGR00472,TIGR00487,TIGR00496,TIGR00539,TIGR00580,TIGR00593,TIGR00615,TIGR00634,TIGR00635,TIGR00643,TIGR00663,TIGR00717,TIGR00755,TIGR00922,TIGR00959,TIGR00963,TIGR00967,TIGR01009,TIGR01011,TIGR01017,TIGR01021,TIGR01029,TIGR01032,TIGR01039,TIGR01044,TIGR01059,TIGR01063,TIGR01066,TIGR01071,TIGR01079,TIGR01082,TIGR01087,TIGR01128,TIGR01146,TIGR01164,TIGR01169,TIGR01171,TIGR01302,TIGR01391,TIGR01393,TIGR01394,TIGR01510,TIGR01632,TIGR01951,TIGR01953,TIGR02012,TIGR02013,TIGR02027,TIGR02075,TIGR02191,TIGR02273,TIGR02350,TIGR02386,TIGR02397,TIGR02432,TIGR02729,TIGR03263,TIGR03594,TIGR03625,TIGR03632,TIGR03654,TIGR03723,TIGR03725,TIGR03953	TIGR00382,TIGR00631,TIGR00928		TIGR00810,TIGR00964
GCF_049807035.1_genome	116	2	0	2	PF00380.20,PF00410.20,PF00466.21,PF01025.20,PF02576.18,PF03726.15,TIGR00006,TIGR00019,TIGR00020,TIGR00029,TIGR00043,TIGR00054,TIGR00059,TIGR00061,TIGR00064,TIGR00065,TIGR00082,TIGR00083,TIGR00084,TIGR00086,TIGR00088,TIGR00090,TIGR00092,TIGR00095,TIGR00115,TIGR00116,TIGR00138,TIGR00158,TIGR00166,TIGR00168,TIGR00186,TIGR00194,TIGR00250,TIGR00337,TIGR00344,TIGR00362,TIGR00392,TIGR00396,TIGR00398,TIGR00414,TIGR00416,TIGR00420,TIGR00431,TIGR00435,TIGR00436,TIGR00442,TIGR00445,TIGR00456,TIGR00459,TIGR00460,TIGR00468,TIGR00472,TIGR00487,TIGR00496,TIGR00539,TIGR00580,TIGR00593,TIGR00615,TIGR00631,TIGR00634,TIGR00635,TIGR00643,TIGR00663,TIGR00717,TIGR00755,TIGR00922,TIGR00959,TIGR00963,TIGR00967,TIGR01009,TIGR01011,TIGR01017,TIGR01021,TIGR01029,TIGR01032,TIGR01039,TIGR01044,TIGR01059,TIGR01063,TIGR01066,TIGR01071,TIGR01079,TIGR01082,TIGR01087,TIGR01128,TIGR01146,TIGR01164,TIGR01169,TIGR01171,TIGR01302,TIGR01391,TIGR01393,TIGR01394,TIGR01510,TIGR01632,TIGR01951,TIGR01953,TIGR02012,TIGR02013,TIGR02027,TIGR02075,TIGR02191,TIGR02273,TIGR02350,TIGR02386,TIGR02397,TIGR02432,TIGR02729,TIGR03263,TIGR03594,TIGR03625,TIGR03632,TIGR03654,TIGR03723,TIGR03725,TIGR03953	TIGR00382,TIGR00928		TIGR00810,TIGR00964
GCF_049807055.1_genome	114	3	0	3	PF00380.20,PF00410.20,PF00466.21,PF01025.20,PF02576.18,PF03726.15,TIGR00006,TIGR00019,TIGR00020,TIGR00029,TIGR00043,TIGR00054,TIGR00059,TIGR00061,TIGR00064,TIGR00065,TIGR00082,TIGR00083,TIGR00084,TIGR00086,TIGR00088,TIGR00090,TIGR00092,TIGR00095,TIGR00115,TIGR00116,TIGR00138,TIGR00158,TIGR00166,TIGR00168,TIGR00186,TIGR00194,TIGR00250,TIGR00337,TIGR00344,TIGR00362,TIGR00392,TIGR00396,TIGR00398,TIGR00414,TIGR00416,TIGR00420,TIGR00431,TIGR00435,TIGR00436,TIGR00442,TIGR00445,TIGR00456,TIGR00459,TIGR00468,TIGR00472,TIGR00487,TIGR00496,TIGR00539,TIGR00580,TIGR00593,TIGR00615,TIGR00631,TIGR00634,TIGR00635,TIGR00643,TIGR00663,TIGR00717,TIGR00755,TIGR00922,TIGR00959,TIGR00963,TIGR00967,TIGR01009,TIGR01011,TIGR01017,TIGR01021,TIGR01029,TIGR01032,TIGR01039,TIGR01044,TIGR01059,TIGR01063,TIGR01066,TIGR01071,TIGR01079,TIGR01082,TIGR01087,TIGR01128,TIGR01164,TIGR01169,TIGR01171,TIGR01302,TIGR01391,TIGR01393,TIGR01394,TIGR01510,TIGR01632,TIGR01951,TIGR01953,TIGR02012,TIGR02013,TIGR02027,TIGR02075,TIGR02191,TIGR02273,TIGR02350,TIGR02386,TIGR02397,TIGR02432,TIGR02729,TIGR03263,TIGR03594,TIGR03625,TIGR03632,TIGR03654,TIGR03723,TIGR03725,TIGR03953	TIGR00382,TIGR00928,TIGR01146		TIGR00460,TIGR00810,TIGR00964
GCF_049807075.1_genome	115	3	0	2	PF00380.20,PF00410.20,PF00466.21,PF01025.20,PF02576.18,PF03726.15,TIGR00006,TIGR00019,TIGR00020,TIGR00029,TIGR00043,TIGR00054,TIGR00059,TIGR00061,TIGR00064,TIGR00065,TIGR00082,TIGR00083,TIGR00084,TIGR00086,TIGR00088,TIGR00090,TIGR00092,TIGR00095,TIGR00115,TIGR00116,TIGR00138,TIGR00158,TIGR00166,TIGR00168,TIGR00186,TIGR00194,TIGR00250,TIGR00337,TIGR00344,TIGR00362,TIGR00392,TIGR00396,TIGR00398,TIGR00414,TIGR00416,TIGR00420,TIGR00431,TIGR00435,TIGR00436,TIGR00442,TIGR00445,TIGR00456,TIGR00459,TIGR00460,TIGR00468,TIGR00472,TIGR00487,TIGR00496,TIGR00539,TIGR00580,TIGR00593,TIGR00615,TIGR00634,TIGR00635,TIGR00643,TIGR00663,TIGR00717,TIGR00755,TIGR00922,TIGR00959,TIGR00963,TIGR00967,TIGR01009,TIGR01011,TIGR01017,TIGR01021,TIGR01029,TIGR01032,TIGR01039,TIGR01044,TIGR01059,TIGR01063,TIGR01066,TIGR01071,TIGR01079,TIGR01082,TIGR01087,TIGR01128,TIGR01146,TIGR01164,TIGR01169,TIGR01171,TIGR01302,TIGR01391,TIGR01393,TIGR01394,TIGR01510,TIGR01632,TIGR01951,TIGR01953,TIGR02012,TIGR02013,TIGR02027,TIGR02075,TIGR02191,TIGR02273,TIGR02350,TIGR02386,TIGR02397,TIGR02432,TIGR02729,TIGR03263,TIGR03594,TIGR03625,TIGR03632,TIGR03654,TIGR03723,TIGR03725,TIGR03953	TIGR00382,TIGR00631,TIGR00928		TIGR00810,TIGR00964
GCF_049807095.1_genome	116	2	0	2	PF00380.20,PF00410.20,PF00466.21,PF01025.20,PF02576.18,PF03726.15,TIGR00006,TIGR00019,TIGR00020,TIGR00029,TIGR00043,TIGR00054,TIGR00059,TIGR00061,TIGR00064,TIGR00065,TIGR00082,TIGR00083,TIGR00084,TIGR00086,TIGR00088,TIGR00090,TIGR00092,TIGR00095,TIGR00115,TIGR00116,TIGR00138,TIGR00158,TIGR00166,TIGR00168,TIGR00186,TIGR00194,TIGR00250,TIGR00337,TIGR00344,TIGR00362,TIGR00392,TIGR00396,TIGR00398,TIGR00414,TIGR00416,TIGR00420,TIGR00431,TIGR00435,TIGR00436,TIGR00442,TIGR00445,TIGR00456,TIGR00459,TIGR00460,TIGR00468,TIGR00472,TIGR00487,TIGR00496,TIGR00539,TIGR00580,TIGR00593,TIGR00615,TIGR00631,TIGR00634,TIGR00635,TIGR00643,TIGR00663,TIGR00717,TIGR00755,TIGR00922,TIGR00959,TIGR00963,TIGR00967,TIGR01009,TIGR01011,TIGR01017,TIGR01021,TIGR01029,TIGR01032,TIGR01039,TIGR01044,TIGR01059,TIGR01063,TIGR01066,TIGR01071,TIGR01079,TIGR01082,TIGR01087,TIGR01128,TIGR01146,TIGR01164,TIGR01169,TIGR01171,TIGR01302,TIGR01391,TIGR01393,TIGR01394,TIGR01510,TIGR01632,TIGR01951,TIGR01953,TIGR02012,TIGR02013,TIGR02027,TIGR02075,TIGR02191,TIGR02273,TIGR02350,TIGR02386,TIGR02397,TIGR02432,TIGR02729,TIGR03263,TIGR03594,TIGR03625,TIGR03632,TIGR03654,TIGR03723,TIGR03725,TIGR03953	TIGR00382,TIGR00928		TIGR00810,TIGR00964
GCF_049807135.1_genome	116	2	0	2	PF00380.20,PF00410.20,PF00466.21,PF01025.20,PF02576.18,PF03726.15,TIGR00006,TIGR00019,TIGR00020,TIGR00029,TIGR00043,TIGR00054,TIGR00059,TIGR00061,TIGR00064,TIGR00065,TIGR00082,TIGR00083,TIGR00084,TIGR00086,TIGR00088,TIGR00090,TIGR00092,TIGR00095,TIGR00115,TIGR00116,TIGR00138,TIGR00158,TIGR00166,TIGR00168,TIGR00186,TIGR00194,TIGR00250,TIGR00337,TIGR00344,TIGR00362,TIGR00392,TIGR00396,TIGR00398,TIGR00414,TIGR00416,TIGR00420,TIGR00431,TIGR00435,TIGR00436,TIGR00442,TIGR00445,TIGR00456,TIGR00459,TIGR00460,TIGR00468,TIGR00472,TIGR00487,TIGR00496,TIGR00539,TIGR00580,TIGR00593,TIGR00615,TIGR00631,TIGR00634,TIGR00635,TIGR00643,TIGR00663,TIGR00717,TIGR00755,TIGR00922,TIGR00959,TIGR00963,TIGR00967,TIGR01009,TIGR01011,TIGR01017,TIGR01021,TIGR01029,TIGR01032,TIGR01039,TIGR01044,TIGR01059,TIGR01063,TIGR01066,TIGR01071,TIGR01079,TIGR01082,TIGR01087,TIGR01128,TIGR01146,TIGR01164,TIGR01169,TIGR01171,TIGR01302,TIGR01391,TIGR01393,TIGR01394,TIGR01510,TIGR01632,TIGR01951,TIGR01953,TIGR02012,TIGR02013,TIGR02027,TIGR02075,TIGR02191,TIGR02273,TIGR02350,TIGR02386,TIGR02397,TIGR02432,TIGR02729,TIGR03263,TIGR03594,TIGR03625,TIGR03632,TIGR03654,TIGR03723,TIGR03725,TIGR03953	TIGR00382,TIGR00928		TIGR00810,TIGR00964
GCF_049807315.1_genome	116	2	0	2	PF00380.20,PF00410.20,PF00466.21,PF01025.20,PF02576.18,PF03726.15,TIGR00006,TIGR00019,TIGR00020,TIGR00029,TIGR00043,TIGR00054,TIGR00059,TIGR00061,TIGR00064,TIGR00065,TIGR00082,TIGR00083,TIGR00084,TIGR00086,TIGR00088,TIGR00090,TIGR00092,TIGR00095,TIGR00115,TIGR00116,TIGR00138,TIGR00158,TIGR00166,TIGR00168,TIGR00186,TIGR00194,TIGR00250,TIGR00337,TIGR00344,TIGR00362,TIGR00392,TIGR00396,TIGR00398,TIGR00414,TIGR00416,TIGR00420,TIGR00431,TIGR00435,TIGR00436,TIGR00442,TIGR00445,TIGR00456,TIGR00459,TIGR00460,TIGR00468,TIGR00472,TIGR00487,TIGR00496,TIGR00539,TIGR00580,TIGR00593,TIGR00615,TIGR00631,TIGR00634,TIGR00635,TIGR00643,TIGR00663,TIGR00717,TIGR00755,TIGR00922,TIGR00959,TIGR00963,TIGR00967,TIGR01009,TIGR01011,TIGR01017,TIGR01021,TIGR01029,TIGR01032,TIGR01039,TIGR01044,TIGR01059,TIGR01063,TIGR01066,TIGR01071,TIGR01079,TIGR01082,TIGR01087,TIGR01128,TIGR01146,TIGR01164,TIGR01169,TIGR01171,TIGR01302,TIGR01391,TIGR01393,TIGR01394,TIGR01510,TIGR01632,TIGR01951,TIGR01953,TIGR02012,TIGR02013,TIGR02027,TIGR02075,TIGR02191,TIGR02273,TIGR02350,TIGR02386,TIGR02397,TIGR02432,TIGR02729,TIGR03263,TIGR03594,TIGR03625,TIGR03632,TIGR03654,TIGR03723,TIGR03725,TIGR03953	TIGR00382,TIGR00928		TIGR00810,TIGR00964
GCF_049807335.1_genome	116	2	0	2	PF00380.20,PF00410.20,PF00466.21,PF01025.20,PF02576.18,PF03726.15,TIGR00006,TIGR00019,TIGR00020,TIGR00029,TIGR00043,TIGR00054,TIGR00059,TIGR00061,TIGR00064,TIGR00065,TIGR00082,TIGR00083,TIGR00084,TIGR00086,TIGR00088,TIGR00090,TIGR00092,TIGR00095,TIGR00115,TIGR00116,TIGR00138,TIGR00158,TIGR00166,TIGR00168,TIGR00186,TIGR00194,TIGR00250,TIGR00337,TIGR00344,TIGR00362,TIGR00392,TIGR00396,TIGR00398,TIGR00414,TIGR00416,TIGR00420,TIGR00431,TIGR00435,TIGR00436,TIGR00442,TIGR00445,TIGR00456,TIGR00459,TIGR00460,TIGR00468,TIGR00472,TIGR00487,TIGR00496,TIGR00539,TIGR00580,TIGR00593,TIGR00615,TIGR00631,TIGR00634,TIGR00635,TIGR00643,TIGR00663,TIGR00717,TIGR00755,TIGR00922,TIGR00959,TIGR00963,TIGR00967,TIGR01009,TIGR01011,TIGR01017,TIGR01021,TIGR01029,TIGR01032,TIGR01039,TIGR01044,TIGR01059,TIGR01063,TIGR01066,TIGR01071,TIGR01079,TIGR01082,TIGR01087,TIGR01128,TIGR01146,TIGR01164,TIGR01169,TIGR01171,TIGR01302,TIGR01391,TIGR01393,TIGR01394,TIGR01510,TIGR01632,TIGR01951,TIGR01953,TIGR02012,TIGR02013,TIGR02027,TIGR02075,TIGR02191,TIGR02273,TIGR02350,TIGR02386,TIGR02397,TIGR02432,TIGR02729,TIGR03263,TIGR03594,TIGR03625,TIGR03632,TIGR03654,TIGR03723,TIGR03725,TIGR03953	TIGR00382,TIGR00928		TIGR00810,TIGR00964
GCF_049807355.1_genome	116	2	0	2	PF00380.20,PF00410.20,PF00466.21,PF01025.20,PF02576.18,PF03726.15,TIGR00006,TIGR00019,TIGR00020,TIGR00029,TIGR00043,TIGR00054,TIGR00059,TIGR00061,TIGR00064,TIGR00065,TIGR00082,TIGR00083,TIGR00084,TIGR00086,TIGR00088,TIGR00090,TIGR00092,TIGR00095,TIGR00115,TIGR00116,TIGR00138,TIGR00158,TIGR00166,TIGR00168,TIGR00186,TIGR00194,TIGR00250,TIGR00337,TIGR00344,TIGR00362,TIGR00392,TIGR00396,TIGR00398,TIGR00414,TIGR00416,TIGR00420,TIGR00431,TIGR00435,TIGR00436,TIGR00442,TIGR00445,TIGR00456,TIGR00459,TIGR00460,TIGR00468,TIGR00472,TIGR00487,TIGR00496,TIGR00539,TIGR00580,TIGR00593,TIGR00615,TIGR00631,TIGR00634,TIGR00635,TIGR00643,TIGR00663,TIGR00717,TIGR00755,TIGR00922,TIGR00959,TIGR00963,TIGR00967,TIGR01009,TIGR01011,TIGR01017,TIGR01021,TIGR01029,TIGR01032,TIGR01039,TIGR01044,TIGR01059,TIGR01063,TIGR01066,TIGR01071,TIGR01079,TIGR01082,TIGR01087,TIGR01128,TIGR01146,TIGR01164,TIGR01169,TIGR01171,TIGR01302,TIGR01391,TIGR01393,TIGR01394,TIGR01510,TIGR01632,TIGR01951,TIGR01953,TIGR02012,TIGR02013,TIGR02027,TIGR02075,TIGR02191,TIGR02273,TIGR02350,TIGR02386,TIGR02397,TIGR02432,TIGR02729,TIGR03263,TIGR03594,TIGR03625,TIGR03632,TIGR03654,TIGR03723,TIGR03725,TIGR03953	TIGR00382,TIGR00928		TIGR00810,TIGR00964
GCF_049807375.1_genome	116	2	0	2	PF00380.20,PF00410.20,PF00466.21,PF01025.20,PF02576.18,PF03726.15,TIGR00006,TIGR00019,TIGR00020,TIGR00029,TIGR00043,TIGR00054,TIGR00059,TIGR00061,TIGR00064,TIGR00065,TIGR00082,TIGR00083,TIGR00084,TIGR00086,TIGR00088,TIGR00090,TIGR00092,TIGR00095,TIGR00115,TIGR00116,TIGR00138,TIGR00158,TIGR00166,TIGR00168,TIGR00186,TIGR00194,TIGR00250,TIGR00337,TIGR00344,TIGR00362,TIGR00392,TIGR00396,TIGR00398,TIGR00414,TIGR00416,TIGR00420,TIGR00431,TIGR00435,TIGR00436,TIGR00442,TIGR00445,TIGR00456,TIGR00459,TIGR00460,TIGR00468,TIGR00472,TIGR00487,TIGR00496,TIGR00539,TIGR00580,TIGR00593,TIGR00615,TIGR00631,TIGR00634,TIGR00635,TIGR00643,TIGR00663,TIGR00717,TIGR00755,TIGR00922,TIGR00959,TIGR00963,TIGR00967,TIGR01009,TIGR01011,TIGR01017,TIGR01021,TIGR01029,TIGR01032,TIGR01039,TIGR01044,TIGR01059,TIGR01063,TIGR01066,TIGR01071,TIGR01079,TIGR01082,TIGR01087,TIGR01128,TIGR01146,TIGR01164,TIGR01169,TIGR01171,TIGR01302,TIGR01391,TIGR01393,TIGR01394,TIGR01510,TIGR01632,TIGR01951,TIGR01953,TIGR02012,TIGR02013,TIGR02027,TIGR02075,TIGR02191,TIGR02273,TIGR02350,TIGR02386,TIGR02397,TIGR02432,TIGR02729,TIGR03263,TIGR03594,TIGR03625,TIGR03632,TIGR03654,TIGR03723,TIGR03725,TIGR03953	TIGR00382,TIGR00928		TIGR00810,TIGR00964
GCF_049807475.1_genome	115	3	0	2	PF00380.20,PF00410.20,PF00466.21,PF01025.20,PF02576.18,PF03726.15,TIGR00006,TIGR00019,TIGR00020,TIGR00029,TIGR00043,TIGR00059,TIGR00061,TIGR00064,TIGR00065,TIGR00082,TIGR00083,TIGR00084,TIGR00086,TIGR00088,TIGR00090,TIGR00092,TIGR00095,TIGR00115,TIGR00116,TIGR00138,TIGR00158,TIGR00166,TIGR00168,TIGR00186,TIGR00194,TIGR00250,TIGR00337,TIGR00344,TIGR00362,TIGR00392,TIGR00396,TIGR00398,TIGR00414,TIGR00416,TIGR00420,TIGR00431,TIGR00435,TIGR00436,TIGR00442,TIGR00445,TIGR00456,TIGR00459,TIGR00460,TIGR00468,TIGR00472,TIGR00487,TIGR00496,TIGR00539,TIGR00580,TIGR00593,TIGR00615,TIGR00631,TIGR00634,TIGR00635,TIGR00643,TIGR00663,TIGR00717,TIGR00755,TIGR00922,TIGR00959,TIGR00963,TIGR00967,TIGR01009,TIGR01011,TIGR01017,TIGR01021,TIGR01029,TIGR01032,TIGR01039,TIGR01044,TIGR01059,TIGR01063,TIGR01066,TIGR01071,TIGR01079,TIGR01082,TIGR01087,TIGR01128,TIGR01146,TIGR01164,TIGR01169,TIGR01171,TIGR01302,TIGR01391,TIGR01393,TIGR01394,TIGR01510,TIGR01632,TIGR01951,TIGR01953,TIGR02012,TIGR02013,TIGR02027,TIGR02075,TIGR02191,TIGR02273,TIGR02350,TIGR02386,TIGR02397,TIGR02432,TIGR02729,TIGR03263,TIGR03594,TIGR03625,TIGR03632,TIGR03654,TIGR03723,TIGR03725,TIGR03953	TIGR00054,TIGR00382,TIGR00928		TIGR00810,TIGR00964
GCF_049807595.1_genome	116	2	0	2	PF00380.20,PF00410.20,PF00466.21,PF01025.20,PF02576.18,PF03726.15,TIGR00006,TIGR00019,TIGR00020,TIGR00029,TIGR00043,TIGR00054,TIGR00059,TIGR00061,TIGR00064,TIGR00065,TIGR00082,TIGR00083,TIGR00084,TIGR00086,TIGR00088,TIGR00090,TIGR00092,TIGR00095,TIGR00115,TIGR00116,TIGR00138,TIGR00158,TIGR00166,TIGR00168,TIGR00186,TIGR00194,TIGR00250,TIGR00337,TIGR00344,TIGR00362,TIGR00392,TIGR00396,TIGR00398,TIGR00414,TIGR00416,TIGR00420,TIGR00431,TIGR00435,TIGR00436,TIGR00442,TIGR00445,TIGR00456,TIGR00459,TIGR00460,TIGR00468,TIGR00472,TIGR00487,TIGR00496,TIGR00539,TIGR00580,TIGR00593,TIGR00615,TIGR00631,TIGR00634,TIGR00635,TIGR00643,TIGR00663,TIGR00717,TIGR00755,TIGR00922,TIGR00959,TIGR00963,TIGR00967,TIGR01009,TIGR01011,TIGR01017,TIGR01021,TIGR01029,TIGR01032,TIGR01039,TIGR01044,TIGR01059,TIGR01063,TIGR01066,TIGR01071,TIGR01079,TIGR01082,TIGR01087,TIGR01128,TIGR01146,TIGR01164,TIGR01169,TIGR01171,TIGR01302,TIGR01391,TIGR01393,TIGR01394,TIGR01510,TIGR01632,TIGR01951,TIGR01953,TIGR02012,TIGR02013,TIGR02027,TIGR02075,TIGR02191,TIGR02273,TIGR02350,TIGR02386,TIGR02397,TIGR02432,TIGR02729,TIGR03263,TIGR03594,TIGR03625,TIGR03632,TIGR03654,TIGR03723,TIGR03725,TIGR03953	TIGR00382,TIGR00928		TIGR00810,TIGR00964
GCF_049807615.1_genome	115	2	0	3	PF00380.20,PF00410.20,PF00466.21,PF01025.20,PF02576.18,PF03726.15,TIGR00006,TIGR00019,TIGR00020,TIGR00029,TIGR00043,TIGR00054,TIGR00059,TIGR00061,TIGR00064,TIGR00065,TIGR00082,TIGR00083,TIGR00084,TIGR00086,TIGR00088,TIGR00090,TIGR00092,TIGR00095,TIGR00115,TIGR00116,TIGR00138,TIGR00158,TIGR00166,TIGR00168,TIGR00186,TIGR00194,TIGR00250,TIGR00337,TIGR00344,TIGR00362,TIGR00392,TIGR00396,TIGR00398,TIGR00414,TIGR00416,TIGR00420,TIGR00431,TIGR00435,TIGR00436,TIGR00442,TIGR00445,TIGR00456,TIGR00459,TIGR00468,TIGR00472,TIGR00487,TIGR00496,TIGR00539,TIGR00580,TIGR00593,TIGR00615,TIGR00631,TIGR00634,TIGR00635,TIGR00643,TIGR00663,TIGR00717,TIGR00755,TIGR00922,TIGR00959,TIGR00963,TIGR00967,TIGR01009,TIGR01011,TIGR01017,TIGR01021,TIGR01029,TIGR01032,TIGR01039,TIGR01044,TIGR01059,TIGR01063,TIGR01066,TIGR01071,TIGR01079,TIGR01082,TIGR01087,TIGR01128,TIGR01146,TIGR01164,TIGR01169,TIGR01171,TIGR01302,TIGR01391,TIGR01393,TIGR01394,TIGR01510,TIGR01632,TIGR01951,TIGR01953,TIGR02012,TIGR02013,TIGR02027,TIGR02075,TIGR02191,TIGR02273,TIGR02350,TIGR02386,TIGR02397,TIGR02432,TIGR02729,TIGR03263,TIGR03594,TIGR03625,TIGR03632,TIGR03654,TIGR03723,TIGR03725,TIGR03953	TIGR00382,TIGR00928		TIGR00460,TIGR00810,TIGR00964
GCF_049807635.1_genome	114	3	0	3	PF00380.20,PF00410.20,PF00466.21,PF01025.20,PF02576.18,PF03726.15,TIGR00006,TIGR00019,TIGR00020,TIGR00029,TIGR00043,TIGR00054,TIGR00059,TIGR00061,TIGR00064,TIGR00065,TIGR00082,TIGR00083,TIGR00084,TIGR00086,TIGR00088,TIGR00090,TIGR00092,TIGR00095,TIGR00115,TIGR00116,TIGR00138,TIGR00166,TIGR00168,TIGR00186,TIGR00194,TIGR00250,TIGR00337,TIGR00344,TIGR00362,TIGR00392,TIGR00396,TIGR00398,TIGR00414,TIGR00416,TIGR00420,TIGR00431,TIGR00435,TIGR00436,TIGR00442,TIGR00445,TIGR00456,TIGR00459,TIGR00468,TIGR00472,TIGR00487,TIGR00496,TIGR00539,TIGR00580,TIGR00593,TIGR00615,TIGR00631,TIGR00634,TIGR00635,TIGR00643,TIGR00663,TIGR00717,TIGR00755,TIGR00922,TIGR00959,TIGR00963,TIGR00967,TIGR01009,TIGR01011,TIGR01017,TIGR01021,TIGR01029,TIGR01032,TIGR01039,TIGR01044,TIGR01059,TIGR01063,TIGR01066,TIGR01071,TIGR01079,TIGR01082,TIGR01087,TIGR01128,TIGR01146,TIGR01164,TIGR01169,TIGR01171,TIGR01302,TIGR01391,TIGR01393,TIGR01394,TIGR01510,TIGR01632,TIGR01951,TIGR01953,TIGR02012,TIGR02013,TIGR02027,TIGR02075,TIGR02191,TIGR02273,TIGR02350,TIGR02386,TIGR02397,TIGR02432,TIGR02729,TIGR03263,TIGR03594,TIGR03625,TIGR03632,TIGR03654,TIGR03723,TIGR03725,TIGR03953	TIGR00158,TIGR00382,TIGR00928		TIGR00460,TIGR00810,TIGR00964
GCF_049807675.1_genome	115	3	0	2	PF00380.20,PF00410.20,PF00466.21,PF01025.20,PF02576.18,PF03726.15,TIGR00006,TIGR00019,TIGR00020,TIGR00029,TIGR00043,TIGR00054,TIGR00059,TIGR00061,TIGR00064,TIGR00065,TIGR00082,TIGR00083,TIGR00084,TIGR00086,TIGR00088,TIGR00090,TIGR00092,TIGR00095,TIGR00115,TIGR00116,TIGR00138,TIGR00158,TIGR00166,TIGR00168,TIGR00186,TIGR00194,TIGR00250,TIGR00337,TIGR00344,TIGR00362,TIGR00392,TIGR00396,TIGR00398,TIGR00414,TIGR00416,TIGR00420,TIGR00431,TIGR00435,TIGR00436,TIGR00442,TIGR00445,TIGR00456,TIGR00459,TIGR00460,TIGR00468,TIGR00472,TIGR00487,TIGR00496,TIGR00539,TIGR00580,TIGR00593,TIGR00615,TIGR00634,TIGR00635,TIGR00643,TIGR00663,TIGR00717,TIGR00755,TIGR00922,TIGR00959,TIGR00963,TIGR00967,TIGR01009,TIGR01011,TIGR01017,TIGR01021,TIGR01029,TIGR01032,TIGR01039,TIGR01044,TIGR01059,TIGR01063,TIGR01066,TIGR01071,TIGR01079,TIGR01082,TIGR01087,TIGR01128,TIGR01146,TIGR01164,TIGR01169,TIGR01171,TIGR01302,TIGR01391,TIGR01393,TIGR01394,TIGR01510,TIGR01632,TIGR01951,TIGR01953,TIGR02012,TIGR02013,TIGR02027,TIGR02075,TIGR02191,TIGR02273,TIGR02350,TIGR02386,TIGR02397,TIGR02432,TIGR02729,TIGR03263,TIGR03594,TIGR03625,TIGR03632,TIGR03654,TIGR03723,TIGR03725,TIGR03953	TIGR00382,TIGR00631,TIGR00928		TIGR00810,TIGR00964
GCF_049807695.1_genome	116	2	0	2	PF00380.20,PF00410.20,PF00466.21,PF01025.20,PF02576.18,PF03726.15,TIGR00006,TIGR00019,TIGR00020,TIGR00029,TIGR00043,TIGR00054,TIGR00059,TIGR00061,TIGR00064,TIGR00065,TIGR00082,TIGR00083,TIGR00084,TIGR00086,TIGR00088,TIGR00090,TIGR00092,TIGR00095,TIGR00115,TIGR00116,TIGR00138,TIGR00158,TIGR00166,TIGR00168,TIGR00186,TIGR00194,TIGR00250,TIGR00337,TIGR00344,TIGR00362,TIGR00392,TIGR00396,TIGR00398,TIGR00414,TIGR00416,TIGR00420,TIGR00431,TIGR00435,TIGR00436,TIGR00442,TIGR00445,TIGR00456,TIGR00459,TIGR00460,TIGR00468,TIGR00472,TIGR00487,TIGR00496,TIGR00539,TIGR00580,TIGR00593,TIGR00615,TIGR00631,TIGR00634,TIGR00635,TIGR00643,TIGR00663,TIGR00717,TIGR00755,TIGR00922,TIGR00959,TIGR00963,TIGR00967,TIGR01009,TIGR01011,TIGR01017,TIGR01021,TIGR01029,TIGR01032,TIGR01039,TIGR01044,TIGR01059,TIGR01063,TIGR01066,TIGR01071,TIGR01079,TIGR01082,TIGR01087,TIGR01128,TIGR01146,TIGR01164,TIGR01169,TIGR01171,TIGR01302,TIGR01391,TIGR01393,TIGR01394,TIGR01510,TIGR01632,TIGR01951,TIGR01953,TIGR02012,TIGR02013,TIGR02027,TIGR02075,TIGR02191,TIGR02273,TIGR02350,TIGR02386,TIGR02397,TIGR02432,TIGR02729,TIGR03263,TIGR03594,TIGR03625,TIGR03632,TIGR03654,TIGR03723,TIGR03725,TIGR03953	TIGR00382,TIGR00928		TIGR00810,TIGR00964
GCF_049808115.1_genome	116	2	0	2	PF00380.20,PF00410.20,PF00466.21,PF01025.20,PF02576.18,PF03726.15,TIGR00006,TIGR00019,TIGR00020,TIGR00029,TIGR00043,TIGR00054,TIGR00059,TIGR00061,TIGR00064,TIGR00065,TIGR00082,TIGR00083,TIGR00084,TIGR00086,TIGR00088,TIGR00090,TIGR00092,TIGR00095,TIGR00115,TIGR00116,TIGR00138,TIGR00158,TIGR00166,TIGR00168,TIGR00186,TIGR00194,TIGR00250,TIGR00337,TIGR00344,TIGR00362,TIGR00392,TIGR00396,TIGR00398,TIGR00414,TIGR00416,TIGR00420,TIGR00431,TIGR00435,TIGR00436,TIGR00442,TIGR00445,TIGR00456,TIGR00459,TIGR00460,TIGR00468,TIGR00472,TIGR00487,TIGR00496,TIGR00539,TIGR00580,TIGR00593,TIGR00615,TIGR00631,TIGR00634,TIGR00635,TIGR00643,TIGR00663,TIGR00717,TIGR00755,TIGR00922,TIGR00959,TIGR00963,TIGR00967,TIGR01009,TIGR01011,TIGR01017,TIGR01021,TIGR01029,TIGR01032,TIGR01039,TIGR01044,TIGR01059,TIGR01063,TIGR01066,TIGR01071,TIGR01079,TIGR01082,TIGR01087,TIGR01128,TIGR01146,TIGR01164,TIGR01169,TIGR01171,TIGR01302,TIGR01391,TIGR01393,TIGR01394,TIGR01510,TIGR01632,TIGR01951,TIGR01953,TIGR02012,TIGR02013,TIGR02027,TIGR02075,TIGR02191,TIGR02273,TIGR02350,TIGR02386,TIGR02397,TIGR02432,TIGR02729,TIGR03263,TIGR03594,TIGR03625,TIGR03632,TIGR03654,TIGR03723,TIGR03725,TIGR03953	TIGR00382,TIGR00928		TIGR00810,TIGR00964
GCF_049808175.1_genome	116	2	0	2	PF00380.20,PF00410.20,PF00466.21,PF01025.20,PF02576.18,PF03726.15,TIGR00006,TIGR00019,TIGR00020,TIGR00029,TIGR00043,TIGR00054,TIGR00059,TIGR00061,TIGR00064,TIGR00065,TIGR00082,TIGR00083,TIGR00084,TIGR00086,TIGR00088,TIGR00090,TIGR00092,TIGR00095,TIGR00115,TIGR00116,TIGR00138,TIGR00158,TIGR00166,TIGR00168,TIGR00186,TIGR00194,TIGR00250,TIGR00337,TIGR00344,TIGR00362,TIGR00392,TIGR00396,TIGR00398,TIGR00414,TIGR00416,TIGR00420,TIGR00431,TIGR00435,TIGR00436,TIGR00442,TIGR00445,TIGR00456,TIGR00459,TIGR00460,TIGR00468,TIGR00472,TIGR00487,TIGR00496,TIGR00539,TIGR00580,TIGR00593,TIGR00615,TIGR00631,TIGR00634,TIGR00635,TIGR00643,TIGR00663,TIGR00717,TIGR00755,TIGR00922,TIGR00959,TIGR00963,TIGR00967,TIGR01009,TIGR01011,TIGR01017,TIGR01021,TIGR01029,TIGR01032,TIGR01039,TIGR01044,TIGR01059,TIGR01063,TIGR01066,TIGR01071,TIGR01079,TIGR01082,TIGR01087,TIGR01128,TIGR01146,TIGR01164,TIGR01169,TIGR01171,TIGR01302,TIGR01391,TIGR01393,TIGR01394,TIGR01510,TIGR01632,TIGR01951,TIGR01953,TIGR02012,TIGR02013,TIGR02027,TIGR02075,TIGR02191,TIGR02273,TIGR02350,TIGR02386,TIGR02397,TIGR02432,TIGR02729,TIGR03263,TIGR03594,TIGR03625,TIGR03632,TIGR03654,TIGR03723,TIGR03725,TIGR03953	TIGR00382,TIGR00928		TIGR00810,TIGR00964
GCF_049808295.1_genome	115	2	0	3	PF00380.20,PF00410.20,PF00466.21,PF01025.20,PF02576.18,PF03726.15,TIGR00006,TIGR00019,TIGR00020,TIGR00029,TIGR00043,TIGR00054,TIGR00059,TIGR00061,TIGR00064,TIGR00065,TIGR00082,TIGR00083,TIGR00084,TIGR00086,TIGR00088,TIGR00090,TIGR00092,TIGR00095,TIGR00115,TIGR00116,TIGR00138,TIGR00158,TIGR00166,TIGR00168,TIGR00186,TIGR00194,TIGR00250,TIGR00337,TIGR00344,TIGR00362,TIGR00392,TIGR00396,TIGR00398,TIGR00414,TIGR00416,TIGR00420,TIGR00431,TIGR00435,TIGR00436,TIGR00442,TIGR00445,TIGR00456,TIGR00459,TIGR00468,TIGR00472,TIGR00487,TIGR00496,TIGR00539,TIGR00580,TIGR00593,TIGR00615,TIGR00631,TIGR00634,TIGR00635,TIGR00643,TIGR00663,TIGR00717,TIGR00755,TIGR00922,TIGR00959,TIGR00963,TIGR00967,TIGR01009,TIGR01011,TIGR01017,TIGR01021,TIGR01029,TIGR01032,TIGR01039,TIGR01044,TIGR01059,TIGR01063,TIGR01066,TIGR01071,TIGR01079,TIGR01082,TIGR01087,TIGR01128,TIGR01146,TIGR01164,TIGR01169,TIGR01171,TIGR01302,TIGR01391,TIGR01393,TIGR01394,TIGR01510,TIGR01632,TIGR01951,TIGR01953,TIGR02012,TIGR02013,TIGR02027,TIGR02075,TIGR02191,TIGR02273,TIGR02350,TIGR02386,TIGR02397,TIGR02432,TIGR02729,TIGR03263,TIGR03594,TIGR03625,TIGR03632,TIGR03654,TIGR03723,TIGR03725,TIGR03953	TIGR00382,TIGR00928		TIGR00460,TIGR00810,TIGR00964
GCF_051013475.1_genome	115	3	0	2	PF00380.20,PF00410.20,PF00466.21,PF01025.20,PF02576.18,PF03726.15,TIGR00006,TIGR00019,TIGR00020,TIGR00029,TIGR00043,TIGR00054,TIGR00059,TIGR00061,TIGR00064,TIGR00065,TIGR00082,TIGR00083,TIGR00084,TIGR00086,TIGR00088,TIGR00090,TIGR00092,TIGR00095,TIGR00115,TIGR00116,TIGR00138,TIGR00158,TIGR00166,TIGR00168,TIGR00186,TIGR00194,TIGR00250,TIGR00337,TIGR00344,TIGR00362,TIGR00392,TIGR00396,TIGR00398,TIGR00414,TIGR00416,TIGR00420,TIGR00431,TIGR00435,TIGR00436,TIGR00442,TIGR00445,TIGR00456,TIGR00459,TIGR00460,TIGR00468,TIGR00472,TIGR00487,TIGR00496,TIGR00539,TIGR00580,TIGR00593,TIGR00615,TIGR00634,TIGR00635,TIGR00643,TIGR00663,TIGR00717,TIGR00755,TIGR00922,TIGR00959,TIGR00963,TIGR00967,TIGR01009,TIGR01011,TIGR01017,TIGR01021,TIGR01029,TIGR01032,TIGR01039,TIGR01044,TIGR01059,TIGR01063,TIGR01066,TIGR01071,TIGR01079,TIGR01082,TIGR01087,TIGR01128,TIGR01146,TIGR01164,TIGR01169,TIGR01171,TIGR01302,TIGR01391,TIGR01393,TIGR01394,TIGR01510,TIGR01632,TIGR01951,TIGR01953,TIGR02012,TIGR02013,TIGR02027,TIGR02075,TIGR02191,TIGR02273,TIGR02350,TIGR02386,TIGR02397,TIGR02432,TIGR02729,TIGR03263,TIGR03594,TIGR03625,TIGR03632,TIGR03654,TIGR03723,TIGR03725,TIGR03953	TIGR00382,TIGR00631,TIGR00928		TIGR00810,TIGR00964
GCF_051013495.1_genome	116	2	0	2	PF00380.20,PF00410.20,PF00466.21,PF01025.20,PF02576.18,PF03726.15,TIGR00006,TIGR00019,TIGR00020,TIGR00029,TIGR00043,TIGR00054,TIGR00059,TIGR00061,TIGR00064,TIGR00065,TIGR00082,TIGR00083,TIGR00084,TIGR00086,TIGR00088,TIGR00090,TIGR00092,TIGR00095,TIGR00115,TIGR00116,TIGR00138,TIGR00158,TIGR00166,TIGR00168,TIGR00186,TIGR00194,TIGR00250,TIGR00337,TIGR00344,TIGR00362,TIGR00392,TIGR00396,TIGR00398,TIGR00414,TIGR00416,TIGR00420,TIGR00431,TIGR00435,TIGR00436,TIGR00442,TIGR00445,TIGR00456,TIGR00459,TIGR00460,TIGR00468,TIGR00472,TIGR00487,TIGR00496,TIGR00539,TIGR00580,TIGR00593,TIGR00615,TIGR00631,TIGR00634,TIGR00635,TIGR00643,TIGR00663,TIGR00717,TIGR00755,TIGR00922,TIGR00959,TIGR00963,TIGR00967,TIGR01009,TIGR01011,TIGR01017,TIGR01021,TIGR01029,TIGR01032,TIGR01039,TIGR01044,TIGR01059,TIGR01063,TIGR01066,TIGR01071,TIGR01079,TIGR01082,TIGR01087,TIGR01128,TIGR01146,TIGR01164,TIGR01169,TIGR01171,TIGR01302,TIGR01391,TIGR01393,TIGR01394,TIGR01510,TIGR01632,TIGR01951,TIGR01953,TIGR02012,TIGR02013,TIGR02027,TIGR02075,TIGR02191,TIGR02273,TIGR02350,TIGR02386,TIGR02397,TIGR02432,TIGR02729,TIGR03263,TIGR03594,TIGR03625,TIGR03632,TIGR03654,TIGR03723,TIGR03725,TIGR03953	TIGR00382,TIGR00928		TIGR00810,TIGR00964
GCF_051013525.1_genome	116	2	0	2	PF00380.20,PF00410.20,PF00466.21,PF01025.20,PF02576.18,PF03726.15,TIGR00006,TIGR00019,TIGR00020,TIGR00029,TIGR00043,TIGR00054,TIGR00059,TIGR00061,TIGR00064,TIGR00065,TIGR00082,TIGR00083,TIGR00084,TIGR00086,TIGR00088,TIGR00090,TIGR00092,TIGR00095,TIGR00115,TIGR00116,TIGR00138,TIGR00158,TIGR00166,TIGR00168,TIGR00186,TIGR00194,TIGR00250,TIGR00337,TIGR00344,TIGR00362,TIGR00392,TIGR00396,TIGR00398,TIGR00414,TIGR00416,TIGR00420,TIGR00431,TIGR00435,TIGR00436,TIGR00442,TIGR00445,TIGR00456,TIGR00459,TIGR00460,TIGR00468,TIGR00472,TIGR00487,TIGR00496,TIGR00539,TIGR00580,TIGR00593,TIGR00615,TIGR00631,TIGR00634,TIGR00635,TIGR00643,TIGR00663,TIGR00717,TIGR00755,TIGR00922,TIGR00959,TIGR00963,TIGR00967,TIGR01009,TIGR01011,TIGR01017,TIGR01021,TIGR01029,TIGR01032,TIGR01039,TIGR01044,TIGR01059,TIGR01063,TIGR01066,TIGR01071,TIGR01079,TIGR01082,TIGR01087,TIGR01128,TIGR01146,TIGR01164,TIGR01169,TIGR01171,TIGR01302,TIGR01391,TIGR01393,TIGR01394,TIGR01510,TIGR01632,TIGR01951,TIGR01953,TIGR02012,TIGR02013,TIGR02027,TIGR02075,TIGR02191,TIGR02273,TIGR02350,TIGR02386,TIGR02397,TIGR02432,TIGR02729,TIGR03263,TIGR03594,TIGR03625,TIGR03632,TIGR03654,TIGR03723,TIGR03725,TIGR03953	TIGR00382,TIGR00928		TIGR00810,TIGR00964
GCF_051015855.1_genome	116	2	0	2	PF00380.20,PF00410.20,PF00466.21,PF01025.20,PF02576.18,PF03726.15,TIGR00006,TIGR00019,TIGR00020,TIGR00029,TIGR00043,TIGR00054,TIGR00059,TIGR00061,TIGR00064,TIGR00065,TIGR00082,TIGR00083,TIGR00084,TIGR00086,TIGR00088,TIGR00090,TIGR00092,TIGR00095,TIGR00115,TIGR00116,TIGR00138,TIGR00158,TIGR00166,TIGR00168,TIGR00186,TIGR00194,TIGR00250,TIGR00337,TIGR00344,TIGR00362,TIGR00392,TIGR00396,TIGR00398,TIGR00414,TIGR00416,TIGR00420,TIGR00431,TIGR00435,TIGR00436,TIGR00442,TIGR00445,TIGR00456,TIGR00459,TIGR00460,TIGR00468,TIGR00472,TIGR00487,TIGR00496,TIGR00539,TIGR00580,TIGR00593,TIGR00615,TIGR00631,TIGR00634,TIGR00635,TIGR00643,TIGR00663,TIGR00717,TIGR00755,TIGR00922,TIGR00959,TIGR00963,TIGR00967,TIGR01009,TIGR01011,TIGR01017,TIGR01021,TIGR01029,TIGR01032,TIGR01039,TIGR01044,TIGR01059,TIGR01063,TIGR01066,TIGR01071,TIGR01079,TIGR01082,TIGR01087,TIGR01128,TIGR01146,TIGR01164,TIGR01169,TIGR01171,TIGR01302,TIGR01391,TIGR01393,TIGR01394,TIGR01510,TIGR01632,TIGR01951,TIGR01953,TIGR02012,TIGR02013,TIGR02027,TIGR02075,TIGR02191,TIGR02273,TIGR02350,TIGR02386,TIGR02397,TIGR02432,TIGR02729,TIGR03263,TIGR03594,TIGR03625,TIGR03632,TIGR03654,TIGR03723,TIGR03725,TIGR03953	TIGR00382,TIGR00928		TIGR00810,TIGR00964
GCF_051015865.1_genome	117	2	0	1	PF00380.20,PF00410.20,PF00466.21,PF01025.20,PF02576.18,PF03726.15,TIGR00006,TIGR00019,TIGR00020,TIGR00029,TIGR00043,TIGR00054,TIGR00059,TIGR00061,TIGR00064,TIGR00065,TIGR00082,TIGR00083,TIGR00084,TIGR00086,TIGR00088,TIGR00090,TIGR00092,TIGR00095,TIGR00115,TIGR00116,TIGR00138,TIGR00158,TIGR00166,TIGR00168,TIGR00186,TIGR00194,TIGR00250,TIGR00337,TIGR00344,TIGR00362,TIGR00392,TIGR00396,TIGR00398,TIGR00414,TIGR00416,TIGR00420,TIGR00431,TIGR00435,TIGR00436,TIGR00442,TIGR00445,TIGR00456,TIGR00459,TIGR00460,TIGR00468,TIGR00472,TIGR00487,TIGR00496,TIGR00539,TIGR00580,TIGR00593,TIGR00615,TIGR00631,TIGR00634,TIGR00635,TIGR00643,TIGR00663,TIGR00717,TIGR00755,TIGR00922,TIGR00959,TIGR00963,TIGR00964,TIGR00967,TIGR01009,TIGR01011,TIGR01017,TIGR01021,TIGR01029,TIGR01032,TIGR01039,TIGR01044,TIGR01059,TIGR01063,TIGR01066,TIGR01071,TIGR01079,TIGR01082,TIGR01087,TIGR01128,TIGR01146,TIGR01164,TIGR01169,TIGR01171,TIGR01302,TIGR01391,TIGR01393,TIGR01394,TIGR01510,TIGR01632,TIGR01951,TIGR01953,TIGR02012,TIGR02013,TIGR02027,TIGR02075,TIGR02191,TIGR02273,TIGR02350,TIGR02386,TIGR02397,TIGR02432,TIGR02729,TIGR03263,TIGR03594,TIGR03625,TIGR03632,TIGR03654,TIGR03723,TIGR03725,TIGR03953	TIGR00382,TIGR00928		TIGR00810
GCF_051015875.1_genome	116	2	0	2	PF00380.20,PF00410.20,PF00466.21,PF01025.20,PF02576.18,PF03726.15,TIGR00006,TIGR00019,TIGR00020,TIGR00029,TIGR00043,TIGR00054,TIGR00059,TIGR00061,TIGR00064,TIGR00065,TIGR00082,TIGR00083,TIGR00084,TIGR00086,TIGR00088,TIGR00090,TIGR00092,TIGR00095,TIGR00115,TIGR00116,TIGR00138,TIGR00158,TIGR00166,TIGR00168,TIGR00186,TIGR00194,TIGR00250,TIGR00337,TIGR00344,TIGR00362,TIGR00392,TIGR00396,TIGR00398,TIGR00414,TIGR00416,TIGR00420,TIGR00431,TIGR00435,TIGR00436,TIGR00442,TIGR00445,TIGR00456,TIGR00459,TIGR00460,TIGR00468,TIGR00472,TIGR00487,TIGR00496,TIGR00539,TIGR00580,TIGR00593,TIGR00615,TIGR00631,TIGR00634,TIGR00635,TIGR00643,TIGR00663,TIGR00717,TIGR00755,TIGR00922,TIGR00959,TIGR00963,TIGR00967,TIGR01009,TIGR01011,TIGR01017,TIGR01021,TIGR01029,TIGR01032,TIGR01039,TIGR01044,TIGR01059,TIGR01063,TIGR01066,TIGR01071,TIGR01079,TIGR01082,TIGR01087,TIGR01128,TIGR01146,TIGR01164,TIGR01169,TIGR01171,TIGR01302,TIGR01391,TIGR01393,TIGR01394,TIGR01510,TIGR01632,TIGR01951,TIGR01953,TIGR02012,TIGR02013,TIGR02027,TIGR02075,TIGR02191,TIGR02273,TIGR02350,TIGR02386,TIGR02397,TIGR02432,TIGR02729,TIGR03263,TIGR03594,TIGR03625,TIGR03632,TIGR03654,TIGR03723,TIGR03725,TIGR03953	TIGR00382,TIGR00928		TIGR00810,TIGR00964
GCF_051015885.1_genome	117	2	0	1	PF00380.20,PF00410.20,PF00466.21,PF01025.20,PF02576.18,PF03726.15,TIGR00006,TIGR00019,TIGR00020,TIGR00029,TIGR00043,TIGR00054,TIGR00059,TIGR00061,TIGR00064,TIGR00065,TIGR00082,TIGR00083,TIGR00084,TIGR00086,TIGR00088,TIGR00090,TIGR00092,TIGR00095,TIGR00115,TIGR00116,TIGR00138,TIGR00158,TIGR00166,TIGR00168,TIGR00186,TIGR00194,TIGR00250,TIGR00337,TIGR00344,TIGR00362,TIGR00392,TIGR00396,TIGR00398,TIGR00414,TIGR00416,TIGR00420,TIGR00431,TIGR00435,TIGR00436,TIGR00442,TIGR00445,TIGR00456,TIGR00459,TIGR00460,TIGR00468,TIGR00472,TIGR00487,TIGR00496,TIGR00539,TIGR00580,TIGR00593,TIGR00615,TIGR00631,TIGR00634,TIGR00635,TIGR00643,TIGR00663,TIGR00717,TIGR00755,TIGR00922,TIGR00959,TIGR00963,TIGR00964,TIGR00967,TIGR01009,TIGR01011,TIGR01017,TIGR01021,TIGR01029,TIGR01032,TIGR01039,TIGR01044,TIGR01059,TIGR01063,TIGR01066,TIGR01071,TIGR01079,TIGR01082,TIGR01087,TIGR01128,TIGR01146,TIGR01164,TIGR01169,TIGR01171,TIGR01302,TIGR01391,TIGR01393,TIGR01394,TIGR01510,TIGR01632,TIGR01951,TIGR01953,TIGR02012,TIGR02013,TIGR02027,TIGR02075,TIGR02191,TIGR02273,TIGR02350,TIGR02386,TIGR02397,TIGR02432,TIGR02729,TIGR03263,TIGR03594,TIGR03625,TIGR03632,TIGR03654,TIGR03723,TIGR03725,TIGR03953	TIGR00382,TIGR00928		TIGR00810
GCF_051015895.1_genome	117	2	0	1	PF00380.20,PF00410.20,PF00466.21,PF01025.20,PF02576.18,PF03726.15,TIGR00006,TIGR00019,TIGR00020,TIGR00029,TIGR00043,TIGR00054,TIGR00059,TIGR00061,TIGR00064,TIGR00065,TIGR00082,TIGR00083,TIGR00084,TIGR00086,TIGR00088,TIGR00090,TIGR00092,TIGR00095,TIGR00115,TIGR00116,TIGR00138,TIGR00158,TIGR00166,TIGR00168,TIGR00186,TIGR00194,TIGR00250,TIGR00337,TIGR00344,TIGR00362,TIGR00392,TIGR00396,TIGR00398,TIGR00414,TIGR00416,TIGR00420,TIGR00431,TIGR00435,TIGR00436,TIGR00442,TIGR00445,TIGR00456,TIGR00459,TIGR00460,TIGR00468,TIGR00472,TIGR00487,TIGR00496,TIGR00539,TIGR00580,TIGR00593,TIGR00615,TIGR00631,TIGR00634,TIGR00635,TIGR00643,TIGR00663,TIGR00717,TIGR00755,TIGR00922,TIGR00959,TIGR00963,TIGR00964,TIGR00967,TIGR01009,TIGR01011,TIGR01017,TIGR01021,TIGR01029,TIGR01032,TIGR01039,TIGR01044,TIGR01059,TIGR01063,TIGR01066,TIGR01071,TIGR01079,TIGR01082,TIGR01087,TIGR01128,TIGR01146,TIGR01164,TIGR01169,TIGR01171,TIGR01302,TIGR01391,TIGR01393,TIGR01394,TIGR01510,TIGR01632,TIGR01951,TIGR01953,TIGR02012,TIGR02013,TIGR02027,TIGR02075,TIGR02191,TIGR02273,TIGR02350,TIGR02386,TIGR02397,TIGR02432,TIGR02729,TIGR03263,TIGR03594,TIGR03625,TIGR03632,TIGR03654,TIGR03723,TIGR03725,TIGR03953	TIGR00382,TIGR00928		TIGR00810
GCF_051015905.1_genome	116	2	0	2	PF00380.20,PF00410.20,PF00466.21,PF01025.20,PF02576.18,PF03726.15,TIGR00006,TIGR00019,TIGR00020,TIGR00029,TIGR00043,TIGR00054,TIGR00059,TIGR00061,TIGR00064,TIGR00065,TIGR00082,TIGR00083,TIGR00084,TIGR00086,TIGR00088,TIGR00090,TIGR00092,TIGR00095,TIGR00115,TIGR00116,TIGR00138,TIGR00158,TIGR00166,TIGR00168,TIGR00186,TIGR00194,TIGR00250,TIGR00337,TIGR00344,TIGR00362,TIGR00392,TIGR00396,TIGR00398,TIGR00414,TIGR00416,TIGR00420,TIGR00431,TIGR00435,TIGR00436,TIGR00442,TIGR00445,TIGR00456,TIGR00459,TIGR00460,TIGR00468,TIGR00472,TIGR00487,TIGR00496,TIGR00539,TIGR00580,TIGR00593,TIGR00615,TIGR00631,TIGR00634,TIGR00635,TIGR00643,TIGR00663,TIGR00717,TIGR00755,TIGR00922,TIGR00959,TIGR00963,TIGR00967,TIGR01009,TIGR01011,TIGR01017,TIGR01021,TIGR01029,TIGR01032,TIGR01039,TIGR01044,TIGR01059,TIGR01063,TIGR01066,TIGR01071,TIGR01079,TIGR01082,TIGR01087,TIGR01128,TIGR01146,TIGR01164,TIGR01169,TIGR01171,TIGR01302,TIGR01391,TIGR01393,TIGR01394,TIGR01510,TIGR01632,TIGR01951,TIGR01953,TIGR02012,TIGR02013,TIGR02027,TIGR02075,TIGR02191,TIGR02273,TIGR02350,TIGR02386,TIGR02397,TIGR02432,TIGR02729,TIGR03263,TIGR03594,TIGR03625,TIGR03632,TIGR03654,TIGR03723,TIGR03725,TIGR03953	TIGR00382,TIGR00928		TIGR00810,TIGR00964
GCF_051015915.1_genome	115	3	0	2	PF00380.20,PF00410.20,PF00466.21,PF01025.20,PF02576.18,PF03726.15,TIGR00006,TIGR00019,TIGR00020,TIGR00029,TIGR00043,TIGR00054,TIGR00059,TIGR00061,TIGR00064,TIGR00065,TIGR00082,TIGR00083,TIGR00084,TIGR00086,TIGR00088,TIGR00090,TIGR00092,TIGR00095,TIGR00115,TIGR00116,TIGR00138,TIGR00158,TIGR00166,TIGR00168,TIGR00186,TIGR00194,TIGR00250,TIGR00337,TIGR00344,TIGR00362,TIGR00392,TIGR00396,TIGR00398,TIGR00414,TIGR00416,TIGR00420,TIGR00431,TIGR00435,TIGR00436,TIGR00442,TIGR00445,TIGR00456,TIGR00459,TIGR00460,TIGR00468,TIGR00472,TIGR00487,TIGR00496,TIGR00539,TIGR00580,TIGR00593,TIGR00615,TIGR00634,TIGR00635,TIGR00643,TIGR00663,TIGR00717,TIGR00755,TIGR00922,TIGR00959,TIGR00963,TIGR00967,TIGR01009,TIGR01011,TIGR01017,TIGR01021,TIGR01029,TIGR01032,TIGR01039,TIGR01044,TIGR01059,TIGR01063,TIGR01066,TIGR01071,TIGR01079,TIGR01082,TIGR01087,TIGR01128,TIGR01146,TIGR01164,TIGR01169,TIGR01171,TIGR01302,TIGR01391,TIGR01393,TIGR01394,TIGR01510,TIGR01632,TIGR01951,TIGR01953,TIGR02012,TIGR02013,TIGR02027,TIGR02075,TIGR02191,TIGR02273,TIGR02350,TIGR02386,TIGR02397,TIGR02432,TIGR02729,TIGR03263,TIGR03594,TIGR03625,TIGR03632,TIGR03654,TIGR03723,TIGR03725,TIGR03953	TIGR00382,TIGR00631,TIGR00928		TIGR00810,TIGR00964
GCF_051015925.1_genome	117	2	0	1	PF00380.20,PF00410.20,PF00466.21,PF01025.20,PF02576.18,PF03726.15,TIGR00006,TIGR00019,TIGR00020,TIGR00029,TIGR00043,TIGR00054,TIGR00059,TIGR00061,TIGR00064,TIGR00065,TIGR00082,TIGR00083,TIGR00084,TIGR00086,TIGR00088,TIGR00090,TIGR00092,TIGR00095,TIGR00115,TIGR00116,TIGR00138,TIGR00158,TIGR00166,TIGR00168,TIGR00186,TIGR00194,TIGR00250,TIGR00337,TIGR00344,TIGR00362,TIGR00392,TIGR00396,TIGR00398,TIGR00414,TIGR00416,TIGR00420,TIGR00431,TIGR00435,TIGR00436,TIGR00442,TIGR00445,TIGR00456,TIGR00459,TIGR00460,TIGR00468,TIGR00472,TIGR00487,TIGR00496,TIGR00539,TIGR00580,TIGR00593,TIGR00615,TIGR00631,TIGR00634,TIGR00635,TIGR00643,TIGR00663,TIGR00717,TIGR00755,TIGR00922,TIGR00959,TIGR00963,TIGR00964,TIGR00967,TIGR01009,TIGR01011,TIGR01017,TIGR01021,TIGR01029,TIGR01032,TIGR01039,TIGR01044,TIGR01059,TIGR01063,TIGR01066,TIGR01071,TIGR01079,TIGR01082,TIGR01087,TIGR01128,TIGR01146,TIGR01164,TIGR01169,TIGR01171,TIGR01302,TIGR01391,TIGR01393,TIGR01394,TIGR01510,TIGR01632,TIGR01951,TIGR01953,TIGR02012,TIGR02013,TIGR02027,TIGR02075,TIGR02191,TIGR02273,TIGR02350,TIGR02386,TIGR02397,TIGR02432,TIGR02729,TIGR03263,TIGR03594,TIGR03625,TIGR03632,TIGR03654,TIGR03723,TIGR03725,TIGR03953	TIGR00382,TIGR00928		TIGR00810
GCF_051015935.1_genome	116	2	0	2	PF00380.20,PF00410.20,PF00466.21,PF01025.20,PF02576.18,PF03726.15,TIGR00006,TIGR00019,TIGR00020,TIGR00029,TIGR00043,TIGR00054,TIGR00059,TIGR00061,TIGR00064,TIGR00065,TIGR00082,TIGR00083,TIGR00084,TIGR00086,TIGR00088,TIGR00090,TIGR00092,TIGR00095,TIGR00115,TIGR00116,TIGR00138,TIGR00158,TIGR00166,TIGR00168,TIGR00186,TIGR00194,TIGR00250,TIGR00337,TIGR00344,TIGR00362,TIGR00392,TIGR00396,TIGR00398,TIGR00414,TIGR00416,TIGR00420,TIGR00431,TIGR00435,TIGR00436,TIGR00442,TIGR00445,TIGR00456,TIGR00459,TIGR00460,TIGR00468,TIGR00472,TIGR00487,TIGR00496,TIGR00539,TIGR00580,TIGR00593,TIGR00615,TIGR00631,TIGR00634,TIGR00635,TIGR00643,TIGR00663,TIGR00717,TIGR00755,TIGR00922,TIGR00959,TIGR00963,TIGR00967,TIGR01009,TIGR01011,TIGR01017,TIGR01021,TIGR01029,TIGR01032,TIGR01039,TIGR01044,TIGR01059,TIGR01063,TIGR01066,TIGR01071,TIGR01079,TIGR01082,TIGR01087,TIGR01128,TIGR01146,TIGR01164,TIGR01169,TIGR01171,TIGR01302,TIGR01391,TIGR01393,TIGR01394,TIGR01510,TIGR01632,TIGR01951,TIGR01953,TIGR02012,TIGR02013,TIGR02027,TIGR02075,TIGR02191,TIGR02273,TIGR02350,TIGR02386,TIGR02397,TIGR02432,TIGR02729,TIGR03263,TIGR03594,TIGR03625,TIGR03632,TIGR03654,TIGR03723,TIGR03725,TIGR03953	TIGR00382,TIGR00928		TIGR00810,TIGR00964
GCF_051015945.1_genome	116	2	0	2	PF00380.20,PF00410.20,PF00466.21,PF01025.20,PF02576.18,PF03726.15,TIGR00006,TIGR00019,TIGR00020,TIGR00029,TIGR00043,TIGR00054,TIGR00059,TIGR00061,TIGR00064,TIGR00065,TIGR00082,TIGR00083,TIGR00084,TIGR00086,TIGR00088,TIGR00090,TIGR00092,TIGR00095,TIGR00115,TIGR00116,TIGR00138,TIGR00158,TIGR00166,TIGR00168,TIGR00186,TIGR00194,TIGR00250,TIGR00337,TIGR00344,TIGR00362,TIGR00392,TIGR00396,TIGR00398,TIGR00414,TIGR00416,TIGR00420,TIGR00431,TIGR00435,TIGR00436,TIGR00442,TIGR00445,TIGR00456,TIGR00459,TIGR00460,TIGR00468,TIGR00472,TIGR00487,TIGR00496,TIGR00539,TIGR00580,TIGR00593,TIGR00615,TIGR00631,TIGR00634,TIGR00635,TIGR00643,TIGR00663,TIGR00717,TIGR00755,TIGR00922,TIGR00959,TIGR00963,TIGR00967,TIGR01009,TIGR01011,TIGR01017,TIGR01021,TIGR01029,TIGR01032,TIGR01039,TIGR01044,TIGR01059,TIGR01063,TIGR01066,TIGR01071,TIGR01079,TIGR01082,TIGR01087,TIGR01128,TIGR01146,TIGR01164,TIGR01169,TIGR01171,TIGR01302,TIGR01391,TIGR01393,TIGR01394,TIGR01510,TIGR01632,TIGR01951,TIGR01953,TIGR02012,TIGR02013,TIGR02027,TIGR02075,TIGR02191,TIGR02273,TIGR02350,TIGR02386,TIGR02397,TIGR02432,TIGR02729,TIGR03263,TIGR03594,TIGR03625,TIGR03632,TIGR03654,TIGR03723,TIGR03725,TIGR03953	TIGR00382,TIGR00928		TIGR00810,TIGR00964
GCF_051015955.1_genome	116	2	0	2	PF00380.20,PF00410.20,PF00466.21,PF01025.20,PF02576.18,PF03726.15,TIGR00006,TIGR00019,TIGR00020,TIGR00029,TIGR00043,TIGR00054,TIGR00059,TIGR00061,TIGR00064,TIGR00065,TIGR00082,TIGR00083,TIGR00084,TIGR00086,TIGR00088,TIGR00090,TIGR00092,TIGR00095,TIGR00115,TIGR00116,TIGR00138,TIGR00158,TIGR00166,TIGR00168,TIGR00186,TIGR00194,TIGR00250,TIGR00337,TIGR00344,TIGR00362,TIGR00392,TIGR00396,TIGR00398,TIGR00414,TIGR00416,TIGR00420,TIGR00431,TIGR00435,TIGR00436,TIGR00442,TIGR00445,TIGR00456,TIGR00459,TIGR00460,TIGR00468,TIGR00472,TIGR00487,TIGR00496,TIGR00539,TIGR00580,TIGR00593,TIGR00615,TIGR00631,TIGR00634,TIGR00635,TIGR00643,TIGR00663,TIGR00717,TIGR00755,TIGR00922,TIGR00959,TIGR00963,TIGR00967,TIGR01009,TIGR01011,TIGR01017,TIGR01021,TIGR01029,TIGR01032,TIGR01039,TIGR01044,TIGR01059,TIGR01063,TIGR01066,TIGR01071,TIGR01079,TIGR01082,TIGR01087,TIGR01128,TIGR01146,TIGR01164,TIGR01169,TIGR01171,TIGR01302,TIGR01391,TIGR01393,TIGR01394,TIGR01510,TIGR01632,TIGR01951,TIGR01953,TIGR02012,TIGR02013,TIGR02027,TIGR02075,TIGR02191,TIGR02273,TIGR02350,TIGR02386,TIGR02397,TIGR02432,TIGR02729,TIGR03263,TIGR03594,TIGR03625,TIGR03632,TIGR03654,TIGR03723,TIGR03725,TIGR03953	TIGR00382,TIGR00928		TIGR00810,TIGR00964
GCF_051015965.1_genome	116	2	0	2	PF00380.20,PF00410.20,PF00466.21,PF01025.20,PF02576.18,PF03726.15,TIGR00006,TIGR00019,TIGR00020,TIGR00029,TIGR00043,TIGR00054,TIGR00059,TIGR00061,TIGR00064,TIGR00065,TIGR00082,TIGR00083,TIGR00084,TIGR00086,TIGR00088,TIGR00090,TIGR00092,TIGR00095,TIGR00115,TIGR00116,TIGR00138,TIGR00158,TIGR00166,TIGR00168,TIGR00186,TIGR00194,TIGR00250,TIGR00337,TIGR00344,TIGR00362,TIGR00392,TIGR00396,TIGR00398,TIGR00414,TIGR00416,TIGR00420,TIGR00431,TIGR00435,TIGR00436,TIGR00442,TIGR00445,TIGR00456,TIGR00459,TIGR00460,TIGR00468,TIGR00472,TIGR00487,TIGR00496,TIGR00539,TIGR00580,TIGR00593,TIGR00615,TIGR00631,TIGR00634,TIGR00635,TIGR00643,TIGR00663,TIGR00717,TIGR00755,TIGR00922,TIGR00959,TIGR00963,TIGR00967,TIGR01009,TIGR01011,TIGR01017,TIGR01021,TIGR01029,TIGR01032,TIGR01039,TIGR01044,TIGR01059,TIGR01063,TIGR01066,TIGR01071,TIGR01079,TIGR01082,TIGR01087,TIGR01128,TIGR01146,TIGR01164,TIGR01169,TIGR01171,TIGR01302,TIGR01391,TIGR01393,TIGR01394,TIGR01510,TIGR01632,TIGR01951,TIGR01953,TIGR02012,TIGR02013,TIGR02027,TIGR02075,TIGR02191,TIGR02273,TIGR02350,TIGR02386,TIGR02397,TIGR02432,TIGR02729,TIGR03263,TIGR03594,TIGR03625,TIGR03632,TIGR03654,TIGR03723,TIGR03725,TIGR03953	TIGR00382,TIGR00928		TIGR00810,TIGR00964
GCF_051015975.1_genome	116	2	0	2	PF00380.20,PF00410.20,PF00466.21,PF01025.20,PF02576.18,PF03726.15,TIGR00006,TIGR00019,TIGR00020,TIGR00029,TIGR00043,TIGR00054,TIGR00059,TIGR00061,TIGR00064,TIGR00065,TIGR00082,TIGR00083,TIGR00084,TIGR00086,TIGR00088,TIGR00090,TIGR00092,TIGR00095,TIGR00115,TIGR00116,TIGR00138,TIGR00158,TIGR00166,TIGR00168,TIGR00186,TIGR00194,TIGR00250,TIGR00337,TIGR00344,TIGR00362,TIGR00392,TIGR00396,TIGR00398,TIGR00414,TIGR00416,TIGR00420,TIGR00431,TIGR00435,TIGR00436,TIGR00442,TIGR00445,TIGR00456,TIGR00459,TIGR00460,TIGR00468,TIGR00472,TIGR00487,TIGR00496,TIGR00539,TIGR00580,TIGR00593,TIGR00615,TIGR00631,TIGR00634,TIGR00635,TIGR00643,TIGR00663,TIGR00717,TIGR00755,TIGR00922,TIGR00959,TIGR00963,TIGR00967,TIGR01009,TIGR01011,TIGR01017,TIGR01021,TIGR01029,TIGR01032,TIGR01039,TIGR01044,TIGR01059,TIGR01063,TIGR01066,TIGR01071,TIGR01079,TIGR01082,TIGR01087,TIGR01128,TIGR01146,TIGR01164,TIGR01169,TIGR01171,TIGR01302,TIGR01391,TIGR01393,TIGR01394,TIGR01510,TIGR01632,TIGR01951,TIGR01953,TIGR02012,TIGR02013,TIGR02027,TIGR02075,TIGR02191,TIGR02273,TIGR02350,TIGR02386,TIGR02397,TIGR02432,TIGR02729,TIGR03263,TIGR03594,TIGR03625,TIGR03632,TIGR03654,TIGR03723,TIGR03725,TIGR03953	TIGR00382,TIGR00928		TIGR00810,TIGR00964
GCF_051015985.1_genome	116	2	0	2	PF00380.20,PF00410.20,PF00466.21,PF01025.20,PF02576.18,PF03726.15,TIGR00006,TIGR00019,TIGR00020,TIGR00029,TIGR00043,TIGR00054,TIGR00059,TIGR00061,TIGR00064,TIGR00065,TIGR00082,TIGR00083,TIGR00084,TIGR00086,TIGR00088,TIGR00090,TIGR00092,TIGR00095,TIGR00115,TIGR00116,TIGR00138,TIGR00158,TIGR00166,TIGR00168,TIGR00186,TIGR00194,TIGR00250,TIGR00337,TIGR00344,TIGR00362,TIGR00392,TIGR00396,TIGR00398,TIGR00414,TIGR00416,TIGR00420,TIGR00431,TIGR00435,TIGR00436,TIGR00442,TIGR00445,TIGR00456,TIGR00459,TIGR00460,TIGR00468,TIGR00472,TIGR00487,TIGR00496,TIGR00539,TIGR00580,TIGR00593,TIGR00615,TIGR00631,TIGR00634,TIGR00635,TIGR00643,TIGR00663,TIGR00717,TIGR00755,TIGR00922,TIGR00959,TIGR00963,TIGR00967,TIGR01009,TIGR01011,TIGR01017,TIGR01021,TIGR01029,TIGR01032,TIGR01039,TIGR01044,TIGR01059,TIGR01063,TIGR01066,TIGR01071,TIGR01079,TIGR01082,TIGR01087,TIGR01128,TIGR01146,TIGR01164,TIGR01169,TIGR01171,TIGR01302,TIGR01391,TIGR01393,TIGR01394,TIGR01510,TIGR01632,TIGR01951,TIGR01953,TIGR02012,TIGR02013,TIGR02027,TIGR02075,TIGR02191,TIGR02273,TIGR02350,TIGR02386,TIGR02397,TIGR02432,TIGR02729,TIGR03263,TIGR03594,TIGR03625,TIGR03632,TIGR03654,TIGR03723,TIGR03725,TIGR03953	TIGR00382,TIGR00928		TIGR00810,TIGR00964
GCF_051015995.1_genome	116	2	0	2	PF00380.20,PF00410.20,PF00466.21,PF01025.20,PF02576.18,PF03726.15,TIGR00006,TIGR00019,TIGR00020,TIGR00029,TIGR00043,TIGR00054,TIGR00059,TIGR00061,TIGR00064,TIGR00065,TIGR00082,TIGR00083,TIGR00084,TIGR00086,TIGR00088,TIGR00090,TIGR00092,TIGR00095,TIGR00115,TIGR00116,TIGR00138,TIGR00158,TIGR00166,TIGR00168,TIGR00186,TIGR00194,TIGR00250,TIGR00337,TIGR00344,TIGR00362,TIGR00392,TIGR00396,TIGR00398,TIGR00414,TIGR00416,TIGR00420,TIGR00431,TIGR00435,TIGR00436,TIGR00442,TIGR00445,TIGR00456,TIGR00459,TIGR00460,TIGR00468,TIGR00472,TIGR00487,TIGR00496,TIGR00539,TIGR00580,TIGR00593,TIGR00615,TIGR00631,TIGR00634,TIGR00635,TIGR00643,TIGR00663,TIGR00717,TIGR00755,TIGR00922,TIGR00959,TIGR00963,TIGR00967,TIGR01009,TIGR01011,TIGR01017,TIGR01021,TIGR01029,TIGR01032,TIGR01039,TIGR01044,TIGR01059,TIGR01063,TIGR01066,TIGR01071,TIGR01079,TIGR01082,TIGR01087,TIGR01128,TIGR01146,TIGR01164,TIGR01169,TIGR01171,TIGR01302,TIGR01391,TIGR01393,TIGR01394,TIGR01510,TIGR01632,TIGR01951,TIGR01953,TIGR02012,TIGR02013,TIGR02027,TIGR02075,TIGR02191,TIGR02273,TIGR02350,TIGR02386,TIGR02397,TIGR02432,TIGR02729,TIGR03263,TIGR03594,TIGR03625,TIGR03632,TIGR03654,TIGR03723,TIGR03725,TIGR03953	TIGR00382,TIGR00928		TIGR00810,TIGR00964
GCF_051016005.1_genome	116	2	0	2	PF00380.20,PF00410.20,PF00466.21,PF01025.20,PF02576.18,PF03726.15,TIGR00006,TIGR00019,TIGR00020,TIGR00029,TIGR00043,TIGR00054,TIGR00059,TIGR00061,TIGR00064,TIGR00065,TIGR00082,TIGR00083,TIGR00084,TIGR00086,TIGR00088,TIGR00090,TIGR00092,TIGR00095,TIGR00115,TIGR00116,TIGR00138,TIGR00158,TIGR00166,TIGR00168,TIGR00186,TIGR00194,TIGR00250,TIGR00337,TIGR00344,TIGR00362,TIGR00392,TIGR00396,TIGR00398,TIGR00414,TIGR00416,TIGR00420,TIGR00431,TIGR00435,TIGR00436,TIGR00442,TIGR00445,TIGR00456,TIGR00459,TIGR00460,TIGR00468,TIGR00472,TIGR00487,TIGR00496,TIGR00539,TIGR00580,TIGR00593,TIGR00615,TIGR00631,TIGR00634,TIGR00635,TIGR00643,TIGR00663,TIGR00717,TIGR00755,TIGR00922,TIGR00959,TIGR00963,TIGR00967,TIGR01009,TIGR01011,TIGR01017,TIGR01021,TIGR01029,TIGR01032,TIGR01039,TIGR01044,TIGR01059,TIGR01063,TIGR01066,TIGR01071,TIGR01079,TIGR01082,TIGR01087,TIGR01128,TIGR01146,TIGR01164,TIGR01169,TIGR01171,TIGR01302,TIGR01391,TIGR01393,TIGR01394,TIGR01510,TIGR01632,TIGR01951,TIGR01953,TIGR02012,TIGR02013,TIGR02027,TIGR02075,TIGR02191,TIGR02273,TIGR02350,TIGR02386,TIGR02397,TIGR02432,TIGR02729,TIGR03263,TIGR03594,TIGR03625,TIGR03632,TIGR03654,TIGR03723,TIGR03725,TIGR03953	TIGR00382,TIGR00928		TIGR00810,TIGR00964
GCF_051016015.1_genome	116	2	0	2	PF00380.20,PF00410.20,PF00466.21,PF01025.20,PF02576.18,PF03726.15,TIGR00006,TIGR00019,TIGR00020,TIGR00029,TIGR00043,TIGR00054,TIGR00059,TIGR00061,TIGR00064,TIGR00065,TIGR00082,TIGR00083,TIGR00084,TIGR00086,TIGR00088,TIGR00090,TIGR00092,TIGR00095,TIGR00115,TIGR00116,TIGR00138,TIGR00158,TIGR00166,TIGR00168,TIGR00186,TIGR00194,TIGR00250,TIGR00337,TIGR00344,TIGR00362,TIGR00392,TIGR00396,TIGR00398,TIGR00414,TIGR00416,TIGR00420,TIGR00431,TIGR00435,TIGR00436,TIGR00442,TIGR00445,TIGR00456,TIGR00459,TIGR00460,TIGR00468,TIGR00472,TIGR00487,TIGR00496,TIGR00539,TIGR00580,TIGR00593,TIGR00615,TIGR00631,TIGR00634,TIGR00635,TIGR00643,TIGR00663,TIGR00717,TIGR00755,TIGR00922,TIGR00959,TIGR00963,TIGR00967,TIGR01009,TIGR01011,TIGR01017,TIGR01021,TIGR01029,TIGR01032,TIGR01039,TIGR01044,TIGR01059,TIGR01063,TIGR01066,TIGR01071,TIGR01079,TIGR01082,TIGR01087,TIGR01128,TIGR01146,TIGR01164,TIGR01169,TIGR01171,TIGR01302,TIGR01391,TIGR01393,TIGR01394,TIGR01510,TIGR01632,TIGR01951,TIGR01953,TIGR02012,TIGR02013,TIGR02027,TIGR02075,TIGR02191,TIGR02273,TIGR02350,TIGR02386,TIGR02397,TIGR02432,TIGR02729,TIGR03263,TIGR03594,TIGR03625,TIGR03632,TIGR03654,TIGR03723,TIGR03725,TIGR03953	TIGR00382,TIGR00928		TIGR00810,TIGR00964
GCF_051016025.1_genome	116	2	0	2	PF00380.20,PF00410.20,PF00466.21,PF01025.20,PF02576.18,PF03726.15,TIGR00006,TIGR00019,TIGR00020,TIGR00029,TIGR00043,TIGR00054,TIGR00059,TIGR00061,TIGR00064,TIGR00065,TIGR00082,TIGR00083,TIGR00084,TIGR00086,TIGR00088,TIGR00090,TIGR00092,TIGR00095,TIGR00115,TIGR00116,TIGR00138,TIGR00158,TIGR00166,TIGR00168,TIGR00186,TIGR00194,TIGR00250,TIGR00337,TIGR00344,TIGR00362,TIGR00392,TIGR00396,TIGR00398,TIGR00414,TIGR00416,TIGR00420,TIGR00431,TIGR00435,TIGR00436,TIGR00442,TIGR00445,TIGR00456,TIGR00459,TIGR00460,TIGR00468,TIGR00472,TIGR00487,TIGR00496,TIGR00539,TIGR00580,TIGR00593,TIGR00615,TIGR00631,TIGR00634,TIGR00635,TIGR00643,TIGR00663,TIGR00717,TIGR00755,TIGR00922,TIGR00959,TIGR00963,TIGR00967,TIGR01009,TIGR01011,TIGR01017,TIGR01021,TIGR01029,TIGR01032,TIGR01039,TIGR01044,TIGR01059,TIGR01063,TIGR01066,TIGR01071,TIGR01079,TIGR01082,TIGR01087,TIGR01128,TIGR01146,TIGR01164,TIGR01169,TIGR01171,TIGR01302,TIGR01391,TIGR01393,TIGR01394,TIGR01510,TIGR01632,TIGR01951,TIGR01953,TIGR02012,TIGR02013,TIGR02027,TIGR02075,TIGR02191,TIGR02273,TIGR02350,TIGR02386,TIGR02397,TIGR02432,TIGR02729,TIGR03263,TIGR03594,TIGR03625,TIGR03632,TIGR03654,TIGR03723,TIGR03725,TIGR03953	TIGR00382,TIGR00928		TIGR00810,TIGR00964
GCF_051016035.1_genome	116	2	0	2	PF00380.20,PF00410.20,PF00466.21,PF01025.20,PF02576.18,PF03726.15,TIGR00006,TIGR00019,TIGR00020,TIGR00029,TIGR00043,TIGR00054,TIGR00059,TIGR00061,TIGR00064,TIGR00065,TIGR00082,TIGR00083,TIGR00084,TIGR00086,TIGR00088,TIGR00090,TIGR00092,TIGR00095,TIGR00115,TIGR00116,TIGR00138,TIGR00158,TIGR00166,TIGR00168,TIGR00186,TIGR00194,TIGR00250,TIGR00337,TIGR00344,TIGR00362,TIGR00392,TIGR00396,TIGR00398,TIGR00414,TIGR00416,TIGR00420,TIGR00431,TIGR00435,TIGR00436,TIGR00442,TIGR00445,TIGR00456,TIGR00459,TIGR00460,TIGR00468,TIGR00472,TIGR00487,TIGR00496,TIGR00539,TIGR00580,TIGR00593,TIGR00615,TIGR00631,TIGR00634,TIGR00635,TIGR00643,TIGR00663,TIGR00717,TIGR00755,TIGR00922,TIGR00959,TIGR00963,TIGR00967,TIGR01009,TIGR01011,TIGR01017,TIGR01021,TIGR01029,TIGR01032,TIGR01039,TIGR01044,TIGR01059,TIGR01063,TIGR01066,TIGR01071,TIGR01079,TIGR01082,TIGR01087,TIGR01128,TIGR01146,TIGR01164,TIGR01169,TIGR01171,TIGR01302,TIGR01391,TIGR01393,TIGR01394,TIGR01510,TIGR01632,TIGR01951,TIGR01953,TIGR02012,TIGR02013,TIGR02027,TIGR02075,TIGR02191,TIGR02273,TIGR02350,TIGR02386,TIGR02397,TIGR02432,TIGR02729,TIGR03263,TIGR03594,TIGR03625,TIGR03632,TIGR03654,TIGR03723,TIGR03725,TIGR03953	TIGR00382,TIGR00928		TIGR00810,TIGR00964
GCF_051016045.1_genome	116	2	0	2	PF00380.20,PF00410.20,PF00466.21,PF01025.20,PF02576.18,PF03726.15,TIGR00006,TIGR00019,TIGR00020,TIGR00029,TIGR00043,TIGR00054,TIGR00059,TIGR00061,TIGR00064,TIGR00065,TIGR00082,TIGR00083,TIGR00084,TIGR00086,TIGR00088,TIGR00090,TIGR00092,TIGR00095,TIGR00115,TIGR00116,TIGR00138,TIGR00158,TIGR00166,TIGR00168,TIGR00186,TIGR00194,TIGR00250,TIGR00337,TIGR00344,TIGR00362,TIGR00392,TIGR00396,TIGR00398,TIGR00414,TIGR00416,TIGR00420,TIGR00431,TIGR00435,TIGR00436,TIGR00442,TIGR00445,TIGR00456,TIGR00459,TIGR00460,TIGR00468,TIGR00472,TIGR00487,TIGR00496,TIGR00539,TIGR00580,TIGR00593,TIGR00615,TIGR00631,TIGR00634,TIGR00635,TIGR00643,TIGR00663,TIGR00717,TIGR00755,TIGR00922,TIGR00959,TIGR00963,TIGR00967,TIGR01009,TIGR01011,TIGR01017,TIGR01021,TIGR01029,TIGR01032,TIGR01039,TIGR01044,TIGR01059,TIGR01063,TIGR01066,TIGR01071,TIGR01079,TIGR01082,TIGR01087,TIGR01128,TIGR01146,TIGR01164,TIGR01169,TIGR01171,TIGR01302,TIGR01391,TIGR01393,TIGR01394,TIGR01510,TIGR01632,TIGR01951,TIGR01953,TIGR02012,TIGR02013,TIGR02027,TIGR02075,TIGR02191,TIGR02273,TIGR02350,TIGR02386,TIGR02397,TIGR02432,TIGR02729,TIGR03263,TIGR03594,TIGR03625,TIGR03632,TIGR03654,TIGR03723,TIGR03725,TIGR03953	TIGR00382,TIGR00928		TIGR00810,TIGR00964
GCF_051016055.1_genome	115	3	0	2	PF00380.20,PF00410.20,PF00466.21,PF01025.20,PF02576.18,PF03726.15,TIGR00006,TIGR00019,TIGR00020,TIGR00029,TIGR00043,TIGR00054,TIGR00059,TIGR00061,TIGR00064,TIGR00065,TIGR00082,TIGR00083,TIGR00084,TIGR00086,TIGR00088,TIGR00090,TIGR00092,TIGR00095,TIGR00115,TIGR00116,TIGR00138,TIGR00158,TIGR00166,TIGR00168,TIGR00186,TIGR00194,TIGR00250,TIGR00337,TIGR00344,TIGR00362,TIGR00392,TIGR00396,TIGR00398,TIGR00414,TIGR00416,TIGR00420,TIGR00431,TIGR00435,TIGR00436,TIGR00442,TIGR00445,TIGR00456,TIGR00459,TIGR00460,TIGR00468,TIGR00472,TIGR00487,TIGR00496,TIGR00539,TIGR00580,TIGR00593,TIGR00615,TIGR00634,TIGR00635,TIGR00643,TIGR00663,TIGR00717,TIGR00755,TIGR00922,TIGR00959,TIGR00963,TIGR00967,TIGR01009,TIGR01011,TIGR01017,TIGR01021,TIGR01029,TIGR01032,TIGR01039,TIGR01044,TIGR01059,TIGR01063,TIGR01066,TIGR01071,TIGR01079,TIGR01082,TIGR01087,TIGR01128,TIGR01146,TIGR01164,TIGR01169,TIGR01171,TIGR01302,TIGR01391,TIGR01393,TIGR01394,TIGR01510,TIGR01632,TIGR01951,TIGR01953,TIGR02012,TIGR02013,TIGR02027,TIGR02075,TIGR02191,TIGR02273,TIGR02350,TIGR02386,TIGR02397,TIGR02432,TIGR02729,TIGR03263,TIGR03594,TIGR03625,TIGR03632,TIGR03654,TIGR03723,TIGR03725,TIGR03953	TIGR00382,TIGR00631,TIGR00928		TIGR00810,TIGR00964
GCF_051016065.1_genome	116	2	0	2	PF00380.20,PF00410.20,PF00466.21,PF01025.20,PF02576.18,PF03726.15,TIGR00006,TIGR00019,TIGR00020,TIGR00029,TIGR00043,TIGR00054,TIGR00059,TIGR00061,TIGR00064,TIGR00065,TIGR00082,TIGR00083,TIGR00084,TIGR00086,TIGR00088,TIGR00090,TIGR00092,TIGR00095,TIGR00115,TIGR00116,TIGR00138,TIGR00158,TIGR00166,TIGR00168,TIGR00186,TIGR00194,TIGR00250,TIGR00337,TIGR00344,TIGR00362,TIGR00392,TIGR00396,TIGR00398,TIGR00414,TIGR00416,TIGR00420,TIGR00431,TIGR00435,TIGR00436,TIGR00442,TIGR00445,TIGR00456,TIGR00459,TIGR00460,TIGR00468,TIGR00472,TIGR00487,TIGR00496,TIGR00539,TIGR00580,TIGR00593,TIGR00615,TIGR00631,TIGR00634,TIGR00635,TIGR00643,TIGR00663,TIGR00717,TIGR00755,TIGR00922,TIGR00959,TIGR00963,TIGR00967,TIGR01009,TIGR01011,TIGR01017,TIGR01021,TIGR01029,TIGR01032,TIGR01039,TIGR01044,TIGR01059,TIGR01063,TIGR01066,TIGR01071,TIGR01079,TIGR01082,TIGR01087,TIGR01128,TIGR01146,TIGR01164,TIGR01169,TIGR01171,TIGR01302,TIGR01391,TIGR01393,TIGR01394,TIGR01510,TIGR01632,TIGR01951,TIGR01953,TIGR02012,TIGR02013,TIGR02027,TIGR02075,TIGR02191,TIGR02273,TIGR02350,TIGR02386,TIGR02397,TIGR02432,TIGR02729,TIGR03263,TIGR03594,TIGR03625,TIGR03632,TIGR03654,TIGR03723,TIGR03725,TIGR03953	TIGR00382,TIGR00928		TIGR00810,TIGR00964
GCF_051016075.1_genome	116	2	0	2	PF00380.20,PF00410.20,PF00466.21,PF01025.20,PF02576.18,PF03726.15,TIGR00006,TIGR00019,TIGR00020,TIGR00029,TIGR00043,TIGR00054,TIGR00059,TIGR00061,TIGR00064,TIGR00065,TIGR00082,TIGR00083,TIGR00084,TIGR00086,TIGR00088,TIGR00090,TIGR00092,TIGR00095,TIGR00115,TIGR00116,TIGR00138,TIGR00158,TIGR00166,TIGR00168,TIGR00186,TIGR00194,TIGR00250,TIGR00337,TIGR00344,TIGR00362,TIGR00392,TIGR00396,TIGR00398,TIGR00414,TIGR00416,TIGR00420,TIGR00431,TIGR00435,TIGR00436,TIGR00442,TIGR00445,TIGR00456,TIGR00459,TIGR00460,TIGR00468,TIGR00472,TIGR00487,TIGR00496,TIGR00539,TIGR00580,TIGR00593,TIGR00615,TIGR00631,TIGR00634,TIGR00635,TIGR00643,TIGR00663,TIGR00717,TIGR00755,TIGR00922,TIGR00959,TIGR00963,TIGR00967,TIGR01009,TIGR01011,TIGR01017,TIGR01021,TIGR01029,TIGR01032,TIGR01039,TIGR01044,TIGR01059,TIGR01063,TIGR01066,TIGR01071,TIGR01079,TIGR01082,TIGR01087,TIGR01128,TIGR01146,TIGR01164,TIGR01169,TIGR01171,TIGR01302,TIGR01391,TIGR01393,TIGR01394,TIGR01510,TIGR01632,TIGR01951,TIGR01953,TIGR02012,TIGR02013,TIGR02027,TIGR02075,TIGR02191,TIGR02273,TIGR02350,TIGR02386,TIGR02397,TIGR02432,TIGR02729,TIGR03263,TIGR03594,TIGR03625,TIGR03632,TIGR03654,TIGR03723,TIGR03725,TIGR03953	TIGR00382,TIGR00928		TIGR00810,TIGR00964
GCF_051016175.1_genome	115	2	0	3	PF00380.20,PF00410.20,PF00466.21,PF01025.20,PF02576.18,PF03726.15,TIGR00006,TIGR00019,TIGR00020,TIGR00029,TIGR00043,TIGR00054,TIGR00059,TIGR00061,TIGR00064,TIGR00065,TIGR00082,TIGR00083,TIGR00084,TIGR00086,TIGR00088,TIGR00090,TIGR00092,TIGR00095,TIGR00115,TIGR00116,TIGR00138,TIGR00158,TIGR00166,TIGR00168,TIGR00186,TIGR00250,TIGR00337,TIGR00344,TIGR00362,TIGR00392,TIGR00396,TIGR00398,TIGR00414,TIGR00416,TIGR00420,TIGR00431,TIGR00435,TIGR00436,TIGR00442,TIGR00445,TIGR00456,TIGR00459,TIGR00460,TIGR00468,TIGR00472,TIGR00487,TIGR00496,TIGR00539,TIGR00580,TIGR00593,TIGR00615,TIGR00631,TIGR00634,TIGR00635,TIGR00643,TIGR00663,TIGR00717,TIGR00755,TIGR00922,TIGR00959,TIGR00963,TIGR00967,TIGR01009,TIGR01011,TIGR01017,TIGR01021,TIGR01029,TIGR01032,TIGR01039,TIGR01044,TIGR01059,TIGR01063,TIGR01066,TIGR01071,TIGR01079,TIGR01082,TIGR01087,TIGR01128,TIGR01146,TIGR01164,TIGR01169,TIGR01171,TIGR01302,TIGR01391,TIGR01393,TIGR01394,TIGR01510,TIGR01632,TIGR01951,TIGR01953,TIGR02012,TIGR02013,TIGR02027,TIGR02075,TIGR02191,TIGR02273,TIGR02350,TIGR02386,TIGR02397,TIGR02432,TIGR02729,TIGR03263,TIGR03594,TIGR03625,TIGR03632,TIGR03654,TIGR03723,TIGR03725,TIGR03953	TIGR00382,TIGR00928		TIGR00194,TIGR00810,TIGR00964
GCF_051020545.1_genome	116	2	0	2	PF00380.20,PF00410.20,PF00466.21,PF01025.20,PF02576.18,PF03726.15,TIGR00006,TIGR00019,TIGR00020,TIGR00029,TIGR00043,TIGR00054,TIGR00059,TIGR00061,TIGR00064,TIGR00065,TIGR00082,TIGR00083,TIGR00084,TIGR00086,TIGR00088,TIGR00090,TIGR00092,TIGR00095,TIGR00115,TIGR00116,TIGR00138,TIGR00158,TIGR00166,TIGR00168,TIGR00186,TIGR00194,TIGR00250,TIGR00337,TIGR00344,TIGR00362,TIGR00392,TIGR00396,TIGR00398,TIGR00414,TIGR00416,TIGR00420,TIGR00431,TIGR00435,TIGR00436,TIGR00442,TIGR00445,TIGR00456,TIGR00459,TIGR00460,TIGR00468,TIGR00472,TIGR00487,TIGR00496,TIGR00539,TIGR00580,TIGR00593,TIGR00615,TIGR00631,TIGR00634,TIGR00635,TIGR00643,TIGR00663,TIGR00717,TIGR00755,TIGR00922,TIGR00959,TIGR00963,TIGR00967,TIGR01009,TIGR01011,TIGR01017,TIGR01021,TIGR01029,TIGR01032,TIGR01039,TIGR01044,TIGR01059,TIGR01063,TIGR01066,TIGR01071,TIGR01079,TIGR01082,TIGR01087,TIGR01128,TIGR01146,TIGR01164,TIGR01169,TIGR01171,TIGR01302,TIGR01391,TIGR01393,TIGR01394,TIGR01510,TIGR01632,TIGR01951,TIGR01953,TIGR02012,TIGR02013,TIGR02027,TIGR02075,TIGR02191,TIGR02273,TIGR02350,TIGR02386,TIGR02397,TIGR02432,TIGR02729,TIGR03263,TIGR03594,TIGR03625,TIGR03632,TIGR03654,TIGR03723,TIGR03725,TIGR03953	TIGR00382,TIGR00928		TIGR00810,TIGR00964
GCF_051125625.1_genome	116	2	0	2	PF00380.20,PF00410.20,PF00466.21,PF01025.20,PF02576.18,PF03726.15,TIGR00006,TIGR00019,TIGR00020,TIGR00029,TIGR00043,TIGR00054,TIGR00059,TIGR00061,TIGR00064,TIGR00065,TIGR00082,TIGR00083,TIGR00084,TIGR00086,TIGR00088,TIGR00090,TIGR00092,TIGR00095,TIGR00115,TIGR00116,TIGR00138,TIGR00158,TIGR00166,TIGR00168,TIGR00186,TIGR00194,TIGR00250,TIGR00337,TIGR00344,TIGR00362,TIGR00392,TIGR00396,TIGR00398,TIGR00414,TIGR00416,TIGR00420,TIGR00431,TIGR00435,TIGR00436,TIGR00442,TIGR00445,TIGR00456,TIGR00459,TIGR00460,TIGR00468,TIGR00472,TIGR00487,TIGR00496,TIGR00539,TIGR00580,TIGR00593,TIGR00615,TIGR00631,TIGR00634,TIGR00635,TIGR00643,TIGR00663,TIGR00717,TIGR00755,TIGR00922,TIGR00959,TIGR00963,TIGR00967,TIGR01009,TIGR01011,TIGR01017,TIGR01021,TIGR01029,TIGR01032,TIGR01039,TIGR01044,TIGR01059,TIGR01063,TIGR01066,TIGR01071,TIGR01079,TIGR01082,TIGR01087,TIGR01128,TIGR01146,TIGR01164,TIGR01169,TIGR01171,TIGR01302,TIGR01391,TIGR01393,TIGR01394,TIGR01510,TIGR01632,TIGR01951,TIGR01953,TIGR02012,TIGR02013,TIGR02027,TIGR02075,TIGR02191,TIGR02273,TIGR02350,TIGR02386,TIGR02397,TIGR02432,TIGR02729,TIGR03263,TIGR03594,TIGR03625,TIGR03632,TIGR03654,TIGR03723,TIGR03725,TIGR03953	TIGR00382,TIGR00928		TIGR00810,TIGR00964
GCF_051125635.1_genome	116	2	0	2	PF00380.20,PF00410.20,PF00466.21,PF01025.20,PF02576.18,PF03726.15,TIGR00006,TIGR00019,TIGR00020,TIGR00029,TIGR00043,TIGR00054,TIGR00059,TIGR00061,TIGR00064,TIGR00065,TIGR00082,TIGR00083,TIGR00084,TIGR00086,TIGR00088,TIGR00090,TIGR00092,TIGR00095,TIGR00115,TIGR00116,TIGR00138,TIGR00158,TIGR00166,TIGR00168,TIGR00186,TIGR00194,TIGR00250,TIGR00337,TIGR00344,TIGR00362,TIGR00392,TIGR00396,TIGR00398,TIGR00414,TIGR00416,TIGR00420,TIGR00431,TIGR00435,TIGR00436,TIGR00442,TIGR00445,TIGR00456,TIGR00459,TIGR00460,TIGR00468,TIGR00472,TIGR00487,TIGR00496,TIGR00539,TIGR00580,TIGR00593,TIGR00615,TIGR00631,TIGR00634,TIGR00635,TIGR00643,TIGR00663,TIGR00717,TIGR00755,TIGR00922,TIGR00959,TIGR00963,TIGR00967,TIGR01009,TIGR01011,TIGR01017,TIGR01021,TIGR01029,TIGR01032,TIGR01039,TIGR01044,TIGR01059,TIGR01063,TIGR01066,TIGR01071,TIGR01079,TIGR01082,TIGR01087,TIGR01128,TIGR01146,TIGR01164,TIGR01169,TIGR01171,TIGR01302,TIGR01391,TIGR01393,TIGR01394,TIGR01510,TIGR01632,TIGR01951,TIGR01953,TIGR02012,TIGR02013,TIGR02027,TIGR02075,TIGR02191,TIGR02273,TIGR02350,TIGR02386,TIGR02397,TIGR02432,TIGR02729,TIGR03263,TIGR03594,TIGR03625,TIGR03632,TIGR03654,TIGR03723,TIGR03725,TIGR03953	TIGR00382,TIGR00928		TIGR00810,TIGR00964
GCF_051125645.1_genome	116	2	0	2	PF00380.20,PF00410.20,PF00466.21,PF01025.20,PF02576.18,PF03726.15,TIGR00006,TIGR00019,TIGR00020,TIGR00029,TIGR00043,TIGR00054,TIGR00059,TIGR00061,TIGR00064,TIGR00065,TIGR00082,TIGR00083,TIGR00084,TIGR00086,TIGR00088,TIGR00090,TIGR00092,TIGR00095,TIGR00115,TIGR00116,TIGR00138,TIGR00158,TIGR00166,TIGR00168,TIGR00186,TIGR00194,TIGR00250,TIGR00337,TIGR00344,TIGR00362,TIGR00392,TIGR00396,TIGR00398,TIGR00414,TIGR00416,TIGR00420,TIGR00431,TIGR00435,TIGR00436,TIGR00442,TIGR00445,TIGR00456,TIGR00459,TIGR00460,TIGR00468,TIGR00472,TIGR00487,TIGR00496,TIGR00539,TIGR00580,TIGR00593,TIGR00615,TIGR00631,TIGR00634,TIGR00635,TIGR00643,TIGR00663,TIGR00717,TIGR00755,TIGR00922,TIGR00959,TIGR00963,TIGR00967,TIGR01009,TIGR01011,TIGR01017,TIGR01021,TIGR01029,TIGR01032,TIGR01039,TIGR01044,TIGR01059,TIGR01063,TIGR01066,TIGR01071,TIGR01079,TIGR01082,TIGR01087,TIGR01128,TIGR01146,TIGR01164,TIGR01169,TIGR01171,TIGR01302,TIGR01391,TIGR01393,TIGR01394,TIGR01510,TIGR01632,TIGR01951,TIGR01953,TIGR02012,TIGR02013,TIGR02027,TIGR02075,TIGR02191,TIGR02273,TIGR02350,TIGR02386,TIGR02397,TIGR02432,TIGR02729,TIGR03263,TIGR03594,TIGR03625,TIGR03632,TIGR03654,TIGR03723,TIGR03725,TIGR03953	TIGR00382,TIGR00928		TIGR00810,TIGR00964
GCF_051125655.1_genome	116	2	0	2	PF00380.20,PF00410.20,PF00466.21,PF01025.20,PF02576.18,PF03726.15,TIGR00006,TIGR00019,TIGR00020,TIGR00029,TIGR00043,TIGR00054,TIGR00059,TIGR00061,TIGR00064,TIGR00065,TIGR00082,TIGR00083,TIGR00084,TIGR00086,TIGR00088,TIGR00090,TIGR00092,TIGR00095,TIGR00115,TIGR00116,TIGR00138,TIGR00158,TIGR00166,TIGR00168,TIGR00186,TIGR00194,TIGR00250,TIGR00337,TIGR00344,TIGR00362,TIGR00392,TIGR00396,TIGR00398,TIGR00414,TIGR00416,TIGR00420,TIGR00431,TIGR00435,TIGR00436,TIGR00442,TIGR00445,TIGR00456,TIGR00459,TIGR00460,TIGR00468,TIGR00472,TIGR00487,TIGR00496,TIGR00539,TIGR00580,TIGR00593,TIGR00615,TIGR00631,TIGR00634,TIGR00635,TIGR00643,TIGR00663,TIGR00717,TIGR00755,TIGR00922,TIGR00959,TIGR00963,TIGR00967,TIGR01009,TIGR01011,TIGR01017,TIGR01021,TIGR01029,TIGR01032,TIGR01039,TIGR01044,TIGR01059,TIGR01063,TIGR01066,TIGR01071,TIGR01079,TIGR01082,TIGR01087,TIGR01128,TIGR01146,TIGR01164,TIGR01169,TIGR01171,TIGR01302,TIGR01391,TIGR01393,TIGR01394,TIGR01510,TIGR01632,TIGR01951,TIGR01953,TIGR02012,TIGR02013,TIGR02027,TIGR02075,TIGR02191,TIGR02273,TIGR02350,TIGR02386,TIGR02397,TIGR02432,TIGR02729,TIGR03263,TIGR03594,TIGR03625,TIGR03632,TIGR03654,TIGR03723,TIGR03725,TIGR03953	TIGR00382,TIGR00928		TIGR00810,TIGR00964
GCF_051125905.1_genome	116	2	0	2	PF00380.20,PF00410.20,PF00466.21,PF01025.20,PF02576.18,PF03726.15,TIGR00006,TIGR00019,TIGR00020,TIGR00029,TIGR00043,TIGR00054,TIGR00059,TIGR00061,TIGR00064,TIGR00065,TIGR00082,TIGR00083,TIGR00084,TIGR00086,TIGR00088,TIGR00090,TIGR00092,TIGR00095,TIGR00115,TIGR00116,TIGR00138,TIGR00158,TIGR00166,TIGR00168,TIGR00186,TIGR00194,TIGR00250,TIGR00337,TIGR00344,TIGR00362,TIGR00392,TIGR00396,TIGR00398,TIGR00414,TIGR00416,TIGR00420,TIGR00431,TIGR00435,TIGR00436,TIGR00442,TIGR00445,TIGR00456,TIGR00459,TIGR00460,TIGR00468,TIGR00472,TIGR00487,TIGR00496,TIGR00539,TIGR00580,TIGR00593,TIGR00615,TIGR00631,TIGR00634,TIGR00635,TIGR00643,TIGR00663,TIGR00717,TIGR00755,TIGR00922,TIGR00959,TIGR00963,TIGR00967,TIGR01009,TIGR01011,TIGR01017,TIGR01021,TIGR01029,TIGR01032,TIGR01039,TIGR01044,TIGR01059,TIGR01063,TIGR01066,TIGR01071,TIGR01079,TIGR01082,TIGR01087,TIGR01128,TIGR01146,TIGR01164,TIGR01169,TIGR01171,TIGR01302,TIGR01391,TIGR01393,TIGR01394,TIGR01510,TIGR01632,TIGR01951,TIGR01953,TIGR02012,TIGR02013,TIGR02027,TIGR02075,TIGR02191,TIGR02273,TIGR02350,TIGR02386,TIGR02397,TIGR02432,TIGR02729,TIGR03263,TIGR03594,TIGR03625,TIGR03632,TIGR03654,TIGR03723,TIGR03725,TIGR03953	TIGR00382,TIGR00928		TIGR00810,TIGR00964
GCF_052314515.1_genome	117	2	0	1	PF00380.20,PF00410.20,PF00466.21,PF01025.20,PF02576.18,PF03726.15,TIGR00006,TIGR00019,TIGR00020,TIGR00029,TIGR00043,TIGR00054,TIGR00059,TIGR00061,TIGR00064,TIGR00065,TIGR00082,TIGR00083,TIGR00084,TIGR00086,TIGR00088,TIGR00090,TIGR00092,TIGR00095,TIGR00115,TIGR00116,TIGR00138,TIGR00158,TIGR00166,TIGR00168,TIGR00186,TIGR00194,TIGR00250,TIGR00337,TIGR00344,TIGR00362,TIGR00392,TIGR00396,TIGR00398,TIGR00414,TIGR00416,TIGR00420,TIGR00431,TIGR00435,TIGR00436,TIGR00442,TIGR00445,TIGR00456,TIGR00459,TIGR00460,TIGR00468,TIGR00472,TIGR00487,TIGR00496,TIGR00539,TIGR00580,TIGR00593,TIGR00615,TIGR00631,TIGR00634,TIGR00635,TIGR00643,TIGR00663,TIGR00717,TIGR00755,TIGR00922,TIGR00959,TIGR00963,TIGR00964,TIGR00967,TIGR01009,TIGR01011,TIGR01017,TIGR01021,TIGR01029,TIGR01032,TIGR01039,TIGR01044,TIGR01059,TIGR01063,TIGR01066,TIGR01071,TIGR01079,TIGR01082,TIGR01087,TIGR01128,TIGR01146,TIGR01164,TIGR01169,TIGR01171,TIGR01302,TIGR01391,TIGR01393,TIGR01394,TIGR01510,TIGR01632,TIGR01951,TIGR01953,TIGR02012,TIGR02013,TIGR02027,TIGR02075,TIGR02191,TIGR02273,TIGR02350,TIGR02386,TIGR02397,TIGR02432,TIGR02729,TIGR03263,TIGR03594,TIGR03625,TIGR03632,TIGR03654,TIGR03723,TIGR03725,TIGR03953	TIGR00382,TIGR00928		TIGR00810
GCF_902807105.1_genome	117	1	0	2	PF00380.20,PF00410.20,PF00466.21,PF01025.20,PF02576.18,PF03726.15,TIGR00006,TIGR00019,TIGR00020,TIGR00029,TIGR00043,TIGR00054,TIGR00059,TIGR00061,TIGR00064,TIGR00065,TIGR00082,TIGR00083,TIGR00084,TIGR00086,TIGR00088,TIGR00090,TIGR00092,TIGR00095,TIGR00115,TIGR00116,TIGR00138,TIGR00158,TIGR00166,TIGR00168,TIGR00186,TIGR00194,TIGR00250,TIGR00337,TIGR00344,TIGR00362,TIGR00392,TIGR00396,TIGR00398,TIGR00414,TIGR00416,TIGR00420,TIGR00431,TIGR00435,TIGR00436,TIGR00442,TIGR00445,TIGR00456,TIGR00459,TIGR00460,TIGR00468,TIGR00472,TIGR00487,TIGR00496,TIGR00539,TIGR00580,TIGR00593,TIGR00615,TIGR00631,TIGR00634,TIGR00635,TIGR00643,TIGR00663,TIGR00717,TIGR00755,TIGR00922,TIGR00928,TIGR00959,TIGR00963,TIGR00967,TIGR01009,TIGR01011,TIGR01017,TIGR01021,TIGR01029,TIGR01032,TIGR01039,TIGR01044,TIGR01059,TIGR01063,TIGR01066,TIGR01071,TIGR01079,TIGR01082,TIGR01087,TIGR01128,TIGR01146,TIGR01164,TIGR01169,TIGR01171,TIGR01302,TIGR01391,TIGR01393,TIGR01394,TIGR01510,TIGR01632,TIGR01951,TIGR01953,TIGR02012,TIGR02013,TIGR02027,TIGR02075,TIGR02191,TIGR02273,TIGR02350,TIGR02386,TIGR02397,TIGR02432,TIGR02729,TIGR03263,TIGR03594,TIGR03625,TIGR03632,TIGR03654,TIGR03723,TIGR03725,TIGR03953	TIGR00382		TIGR00810,TIGR00964
GCF_902807215.1_genome	116	2	0	2	PF00380.20,PF00410.20,PF00466.21,PF01025.20,PF02576.18,PF03726.15,TIGR00006,TIGR00019,TIGR00020,TIGR00029,TIGR00043,TIGR00054,TIGR00059,TIGR00061,TIGR00064,TIGR00065,TIGR00082,TIGR00083,TIGR00084,TIGR00086,TIGR00088,TIGR00090,TIGR00092,TIGR00095,TIGR00115,TIGR00116,TIGR00138,TIGR00158,TIGR00166,TIGR00168,TIGR00186,TIGR00194,TIGR00250,TIGR00337,TIGR00344,TIGR00362,TIGR00392,TIGR00396,TIGR00398,TIGR00414,TIGR00416,TIGR00420,TIGR00431,TIGR00435,TIGR00436,TIGR00442,TIGR00445,TIGR00456,TIGR00459,TIGR00460,TIGR00468,TIGR00472,TIGR00487,TIGR00496,TIGR00539,TIGR00580,TIGR00593,TIGR00615,TIGR00634,TIGR00635,TIGR00643,TIGR00663,TIGR00717,TIGR00755,TIGR00922,TIGR00928,TIGR00959,TIGR00963,TIGR00967,TIGR01009,TIGR01011,TIGR01017,TIGR01021,TIGR01029,TIGR01032,TIGR01039,TIGR01044,TIGR01059,TIGR01063,TIGR01066,TIGR01071,TIGR01079,TIGR01082,TIGR01087,TIGR01128,TIGR01146,TIGR01164,TIGR01169,TIGR01171,TIGR01302,TIGR01391,TIGR01393,TIGR01394,TIGR01510,TIGR01632,TIGR01951,TIGR01953,TIGR02012,TIGR02013,TIGR02027,TIGR02075,TIGR02191,TIGR02273,TIGR02350,TIGR02386,TIGR02397,TIGR02432,TIGR02729,TIGR03263,TIGR03594,TIGR03625,TIGR03632,TIGR03654,TIGR03723,TIGR03725,TIGR03953	TIGR00382,TIGR00631		TIGR00810,TIGR00964
